site,tier,url,title,author,published_at,description,site_name,language,word_count,text,extracted_at,error
google_news,general,https://www.shorouknews.com/news/view.aspx?cdate=06072026&id=531346f0-f930-4fb8-9c01-ce6bdcee7d81,خبير اقتصادي: يجب مراعاة الخصوصية المحلية في البرنامج الوطني المرتقب بعد انتهاء التعاون مع صندوق النقد - بوابة الشروق,,2026-07-06 21:05:06+00:00,قال الدكتور وليد جاب الله، عضو الجمعية المصرية للاقتصاد السياسي والتشريع، إن الاقتصاد المصري واجه منذ يناير 2011 سلسلة من التحديات والأزمات غير المسبوقة، بدأت ب,,ar-eg,236,"قال الدكتور وليد جاب الله، عضو الجمعية المصرية للاقتصاد السياسي والتشريع، إن الاقتصاد المصري واجه منذ يناير 2011 سلسلة من التحديات والأزمات غير المسبوقة، بدأت بحالة الاضطرابات السياسية، ثم الإرهاب وتداعياته على النشاط الاقتصادي، تلتها جائحة كورونا، ثم تداعيات الحرب الروسية الأوكرانية، وأخيرًا تداعيات الحرب في غزة وإيران. وأوضح ""جاب الله"" عبر برنامج ""الاقتصاد 24”، على القناة الأولى، اليوم الاثنين، أن الاقتصاد المصري تمكن من تجاوز هذه الأزمات، بالتوازي مع استمرار الدولة في تنفيذ مشروعها التنموي في عهد الرئيس عبدالفتاح السيسي، رغم التحديات المتتالية، مشيرًا إلى أن مصر تمسكت بمواجهة الأزمات من جانب، واستمرت في مسار التنمية من جانب آخر، وهو ما بدأت نتائجه تظهر تدريجيًا. وأضاف أنه لولا قدرة الاقتصاد المصري على الصمود التي أوصلت البلاد إلى الوضع الحالي، لكانت الأوضاع الاقتصادية أسوأ بكثير. وأشار إلى أن جميع برامج الإصلاح الاقتصادي التي تنفذها مصر هي برامج مصرية، موضحًا أن برنامج الإصلاح الاقتصادي الجاري منذ نوفمبر 2016 يتم برؤية مصرية، مع التعاون مع صندوق النقد الدولي. ولفت إلى أن انتهاء برنامج التعاون مع صندوق النقد الدولي بنهاية عام 2026 لا يعني توقف مسار الإصلاح، موضحًا أن هناك توجيهات رئاسية بإعداد برنامج اقتصادي مصري خالص للفترة المقبلة. وأكد على أن البرنامج الوطني المرتقب يجب أن يراعي الخصوصية المحلية، مع الالتزام بالمعايير الاقتصادية العالمية، وأن يرتكز على ثوابت، أبرزها استمرار تخارج الدولة تدريجيًا من بعض الأنشطة الاقتصادية، وتمكين القطاع الخاص وتحفيزه لقيادة النمو، إلى جانب التمسك بسياسة سعر الصرف المرن، بما يحقق برنامجًا وطنيًا شاملًا يلبي طموحات المواطنين.",2026-07-07T09:48:32.975189+00:00,
google_news,general,https://akhbarelyom.com/news/newdetails/4846647/1/%D8%AE%D8%A8%D9%8A%D8%B1-%D9%86%D9%85%D9%88-%D8%A7%D9%84%D8%A7%D9%82%D8%AA%D8%B5%D8%A7%D8%AF-5-%D9%8A%D8%A4%D9%83%D8%AF-%D9%82%D9%88%D8%A9-%D9%88%D9%82%D8%AF%D8%B1%D8%A9-%D8%A7%D9%84%D8%AF%D9%88%D9%84,خبير: نمو الاقتصاد 5% يؤكد قوة وقدرة الدولة على مواجهة التحديات,akhbarelyom,2026-07-06 20:27:29+00:00,بوابة أخبار اليوم الإلكترونية,بوابة اخبار اليوم,,252,أشاد تامر حسين، خبير الحوكمة، بالمؤشرات الإيجابية التي أعلنها أداء الاقتصاد المصري خلال الربع الثالث من العام المالي 2025/2026، مؤكدًا أن تحقيق معدل نمو بلغ 5% يمثل رسالة ثقة في قدرة الاقتصاد المصري على تحقيق نتائج قوية رغم الظروف العالمية والإقليمية الصعبة. وقال حسين، في تصريحات تليفزيونية، إن ارتفاع معدلات النمو يعكس نجاح الدولة في تطبيق سياسات إصلاحية تستهدف رفع كفاءة الاقتصاد، وتحسين بيئة الاستثمار، وتعزيز دور القطاعات الإنتاجية، مشيرًا إلى أن الحوكمة أصبحت عنصرًا أساسيًا في دعم استدامة النمو وزيادة كفاءة إدارة الموارد. وأوضح خبير الحوكمة أن تجاوز الاقتصاد المصري للتوقعات خلال هذه الفترة يؤكد أن الخطوات التي اتخذتها الدولة خلال السنوات الماضية بدأت تنعكس على مؤشرات الأداء، خاصة مع استمرار دعم قطاعات الصناعة والتكنولوجيا والخدمات، إلى جانب تحسن أداء عدد من الأنشطة الاقتصادية المؤثرة. وأضاف خبير الحوكمة، أن تحقيق نمو اقتصادي في ظل التحديات الدولية الراهنة، من اضطرابات الأسواق العالمية وارتفاع تكاليف الطاقة وتأثر سلاسل الإمداد، يعكس مرونة الاقتصاد المصري وقدرته على التعامل مع المتغيرات، مؤكدًا أن استمرار تطبيق مبادئ الشفافية والرقابة الرشيدة سيكون عاملًا رئيسيًا للحفاظ على هذا المسار الإيجابي. وأشار حسين إلى أن المرحلة المقبلة تتطلب مواصلة العمل على تمكين القطاع الخاص ، وزيادة الإنتاج المحلي، وتحسين تنافسية الاقتصاد المصري، بما يساهم في تحويل معدلات النمو إلى فرص تنموية يشعر بها المواطن من خلال زيادة فرص العمل وتحسن مستوى الخدمات. وأكد أن مؤشرات النمو الحالية تمثل خطوة مهمة نحو تحقيق اقتصاد أكثر استقرارًا وقدرة على جذب الاستثمارات، مشددًا على أن الحوكمة ليست مجرد إجراءات تنظيمية، لكنها منظومة متكاملة تساعد على رفع كفاءة الأداء وتعظيم الاستفادة من الإمكانات المتاحة.,2026-07-07T09:48:32.325471+00:00,
google_news,general,https://www.masrawy.com/news/news_economy/details/2026/7/6/3013507/%D8%A8%D8%B9%D8%AF-%D8%B5%D9%86%D8%AF%D9%88%D9%82-%D8%A7%D9%84%D9%86%D9%82%D8%AF-%D8%AE%D8%A8%D8%B1%D8%A7%D8%A1-%D9%8A%D8%B1%D8%B3%D9%85%D9%88%D9%86-%D9%85%D9%84%D8%A7%D9%85%D8%AD-%D8%A7%D9%84%D8%A8%D8%B1%D9%86%D8%A7%D9%85%D8%AC-%D8%A7%D9%84%D8%A7%D9%82%D8%AA%D8%B5%D8%A7%D8%AF%D9%8A-%D8%A7%D9%84%D8%B0%D9%8A-%D8%AA%D8%AD%D8%AA%D8%A7%D8%AC%D9%87-%D9%85%D8%B5%D8%B1,بعد صندوق النقد.. خبراء يرسمون ملامح البرنامج الاقتصادي الذي تحتاجه مص | مصراوي,https://www.masrawy.com/writer/105/أحمد-الخطيب,2026-07-06 11:17:37+00:00,قال خبراء اقتصاديون إن نجاح مرحلة ما بعد صندوق النقد يتطلب برنامج ا وطني ا واضح ا يعتمد على الاستثمار والإنتاج والتصدير مع الحفاظ على ثقة المستثمرين و | مصراوي,مصراوي.كوم,ar,1314,"قال خبراء اقتصاديون إن نجاح مرحلة ما بعد انتهاء برنامج مصر مع صندوق النقد الدولي يتطلب إطلاق برنامج اقتصادي وطني واضح المعالم، يستند إلى استكمال الإصلاحات الاقتصادية، وتعزيز دور القطاع الخاص، وزيادة الاستثمار والإنتاج والتصدير، بما يحافظ على ثقة المستثمرين ويقلل الاعتماد على التمويلات الخارجية. وأضافوا ل""مصراوي""، أن المرحلة المقبلة تستلزم تبني رؤية اقتصادية طويلة الأجل تضمن استقرار السياسات واستمرارها، بعيدًا عن تغير الحكومات، مع التركيز على زيادة الإيرادات من النقد الأجنبي، وخفض الاعتماد على الاقتراض، وتعزيز تنافسية الاقتصاد المصري. ويأتي ذلك بعد أن وجه الرئيس عبد الفتاح السيسي الحكومة بإعداد برنامج اقتصادي وطني لمرحلة ما بعد التعاون مع صندوق النقد الدولي، إلى جانب الإسراع في تنفيذ برنامج تخارج الدولة من الأنشطة الاقتصادية، بما يعزز دور القطاع الخاص ويدعم النمو المستدام. وأكد الرئيس أهمية توجيه الدعم إلى الشركات الصغيرة والمتوسطة، خاصة العاملة في القطاعات الإنتاجية، لزيادة الإنتاج المحلي ورفع القدرة التنافسية للاقتصاد، إلى جانب اتخاذ إجراءات أكثر حزمًا لمواجهة الفساد وتحسين كفاءة الأداء الحكومي. اقرأ أيضًا: ماذا تعني توصية صندوق النقد للمركزي المصري بالإبقاء على سعر الفائدة مرتفعا؟ منذ ديسمبر 2022 تعمل مصر على تنفيذ برنامج إصلاح اقتصادي مدعوم من صندوق النقد الدولي بقرض بقيمة 8 مليارات دولار. لجأت مصر إلى طرق أبواب صندوق النقد مجددا بعد أن عانت من أزمة تفاقم النقد الأجنبي التي مرت بها البلاد وتفشي السوق السوداء لتجارة الدولار بسبب التبعات السلبية للحرب الروسية الأوكرانية. برنامج يحافظ على ثقة المستثمرين قال الدكتور محمد أنيس، عضو الجمعية المصرية للاقتصاد السياسي، إن انتهاء برنامج صندوق النقد الدولي يتطلب وجود برنامج اقتصادي وطني واضح ومفصل، يضمن استمرار الإصلاحات ويحافظ على ثقة المستثمرين، باعتبار أن وضوح السياسات الاقتصادية واستقرارها يمثلان أحد أهم عوامل جذب الاستثمار. وأضاف أن وجود برنامج مع صندوق النقد يمنح المستثمرين قدرًا كبيرًا من اليقين بشأن توجهات الدولة الاقتصادية، لأن الحكومات تلتزم خلاله بتنفيذ إصلاحات وسياسات محددة، وهو ما يقلل حالة عدم اليقين ويجعل بيئة الاستثمار أكثر وضوحًا. وأوضح أنيس أن انتهاء البرنامج قد يثير تساؤلات لدى المستثمرين بشأن مسار الإصلاح الاقتصادي، لذلك يصبح من الضروري أن تطرح الحكومة برنامجًا اقتصاديًا وطنيًا واقعيًا يتضمن أهدافًا واضحة وآليات تنفيذ محددة، مع الالتزام الكامل بتنفيذه لضمان استمرار الثقة في الاقتصاد المصري. وعلى مدار 10 سنوات نفذت مصر 3 برامج مع صندوق النقد الأول في 2016 بقيمة 12 مليار دولار والثاني في 2020 بقيمة 8.2 مليار دولار بجانب البرنامج الثالث القائم حاليا بقيمة 8 مليارات دولار بالإضافة إلى برنامج المرونة والاستدامة البالغ 1.3 مليار دولار. حصلت مصر في البرنامج القائم على 5.2 مليار دولار على 7 شرائح وتقترب من الحصول على شريحة جديدة بقيمة 1.6 مليار دولار بشرط اعتماد المجلس التنفيذي للصندوق على المراجعة السابعة بناء على توصية موافقة خبراء الصندوق. 3 ركائز للمرحلة المقبلة أشار أنيس إلى أن البرنامج الاقتصادي الوطني يجب أن يرتكز على ثلاثة محاور رئيسية، تتمثل في جذب استثمارات أجنبية مباشرة موجهة للتصدير، وزيادة مساهمة القطاع الخاص في النشاط الاقتصادي، وتقليص بصمة الدولة في الاستثمارات العامة، خاصة الممولة بالاقتراض. وأوضح أن التوسع في الاستثمارات الممولة بالدين يرفع أعباء المديونية، وينعكس في النهاية على معدلات التضخم وسعر صرف الجنيه، بما يدخل الاقتصاد في دائرة متكررة من الاقتراض والضغوط التضخمية. وأضاف أنيس أن مصر حصلت بالفعل خلال السنوات الماضية على أكبر قدر ممكن من التمويلات الميسرة من المؤسسات الدولية، سواء من صندوق النقد الدولي أو البنك الدولي أو المفوضية الأوروبية، ما يجعل فرص الحصول على تمويلات ميسرة إضافية محدودة. وشدد على أن المرحلة المقبلة تتطلب الاعتماد بصورة أكبر على جذب الاستثمارات الأجنبية المباشرة، خاصة المشروعات الموجهة للتصدير، باعتبارها المصدر الأكثر استدامة لتوفير النقد الأجنبي، وسد الفجوة التمويلية، وتقليل الحاجة إلى الاقتراض الخارجي. وأوضح أن هذه الاستثمارات لا توفر تدفقات دولارية فقط عند دخولها، وإنما تخلق أيضًا صادرات جديدة تعزز حصيلة النقد الأجنبي وتحسن الميزان التجاري، بما يساعد على معالجة الاختلالات الهيكلية في الاقتصاد. ووصف أنيس البرنامج الحالي مع صندوق النقد بأنه يمثل ""الفرصة ما قبل الأخيرة"" أمام الاقتصاد المصري، مشيرًا إلى أن الدولة لا يمكنها التعويل مستقبلًا على صفقات استثنائية أو برامج تمويل ضخمة، مثل صفقة رأس الحكمة أو برامج إنقاذ جديدة بنفس الحجم. وأضاف أن نجاح المرحلة المقبلة سيكون مرهونًا بقدرة الحكومة على تنفيذ برنامج اقتصادي يعتمد على الإنتاج والتصدير والاستثمار الخاص، وليس التوسع في الاقتراض. ""دستور اقتصادي"" لا يتغير واتفق الدكتور وائل النحاس، الخبير الاقتصادي، مع أهمية وجود برنامج اقتصادي واضح بعد انتهاء التعاون مع صندوق النقد، لكنه رأى أن المرحلة المقبلة تحتاج إلى ما وصفه ب""الدستور الاقتصادي""، الذي تلتزم به جميع الحكومات ولا يتغير بتغير المسؤولين. وقال النحاس إن الاقتصاد المصري لا يحتمل استمرار السياسات نفسها التي طبقت خلال السنوات الماضية، في ظل ارتفاع الدين العام وتزايد الضغوط الاقتصادية، مشيرًا إلى أن المرحلة المقبلة تتطلب أفكارًا جديدة وآليات مختلفة لمعالجة التحديات. وأضاف أن أي برنامج اقتصادي وطني يجب أن يبدأ بتشخيص شامل لمشكلات الاقتصاد، ووضع رؤية طويلة الأجل تلتزم بها جميع الحكومات، بحيث لا تتغير الأولويات الاقتصادية مع كل تغيير وزاري. وأوضح النحاس أن المقصود ب""الدستور الاقتصادي"" هو إطار استراتيجي دائم يحدد مسار الاقتصاد المصري لعقود، ويضمن استمرارية السياسات والإصلاحات، بما يعزز الثقة ويمنع تغير التوجهات الاقتصادية مع تغير الحكومات. وأضاف أن هذا الإطار ينبغي أن يتضمن أولويات واضحة للإنتاج والاستثمار، وإدارة الدين العام، وتحسين كفاءة الإنفاق الحكومي، بما يحقق نموًا اقتصاديًا مستدامًا. وقال النحاس إن نجاح أي برنامج اقتصادي يتطلب الاستعانة بخبراء متخصصين يمتلكون رؤى مستقلة، وإتاحة مساحة لطرح الأفكار المختلفة عند رسم السياسات الاقتصادية، مشيرًا إلى أن جذب الاستثمارات الأجنبية المباشرة يظل أحد الملفات المهمة، لكنه يحتاج إلى سياسات متكاملة ورؤية واضحة لضمان تحقيق نتائج مستدامة. ولفت إلى أن مصر ستظل ملتزمة بسداد التزاماتها تجاه صندوق النقد والمؤسسات الدولية خلال السنوات المقبلة، وهو ما يجعل تحقيق نمو اقتصادي قائم على الإنتاج والاستثمار وزيادة الإيرادات الدولارية ضرورة لتعزيز قدرة الاقتصاد على الاستمرار بعد انتهاء برنامج الصندوق. التحول من التثبيت المالي إلى النمو المستدام قال الدكتور خالد الشافعي، الخبير الاقتصادي ورئيس مركز العاصمة للدراسات والأبحاث الاقتصادية، إن توجيه الرئيس عبد الفتاح السيسي بإعداد برنامج اقتصادي وطني لمرحلة ما بعد صندوق النقد الدولي يمثل خطوة استراتيجية تستهدف الانتقال من مرحلة الاعتماد على برامج الإصلاح المرتبطة بسد الفجوات التمويلية وتحقيق الاستقرار المالي، إلى مرحلة جديدة تقوم على تحقيق نمو اقتصادي مستدام يعتمد على الإمكانات الذاتية للاقتصاد المصري. وأضاف أن البرنامج الجديد ينبغي ألا يقتصر على استمرار السياسات التقليدية المرتبطة بإدارة الطلب، وإنما يتجه بصورة أكبر إلى تبني سياسات تدعم جانب الإنتاج، وتطلق الطاقات الكامنة للاقتصاد، بما يعزز قدرته على النمو وخلق فرص العمل وزيادة مصادر النقد الأجنبي. وأوضح الشافعي أن البرنامج الاقتصادي الوطني يجب أن يستند إلى ثلاث ركائز رئيسية، تتمثل الأولى في تعزيز الاستقلالية الاقتصادية من خلال تقليل الاعتماد على التمويلات الخارجية مرتفعة التكلفة، بما يمنح الاقتصاد قدرة أكبر على مواجهة الصدمات العالمية. وأشار إلى أن الركيزة الثانية تتمثل في إحداث تحول هيكلي داخل الاقتصاد عبر زيادة مساهمة القطاعات الإنتاجية، وفي مقدمتها الصناعة والزراعة وقطاع الاتصالات وتكنولوجيا المعلومات، باعتبارها القطاعات الأكثر قدرة على خلق فرص عمل مستدامة وتعزيز موارد الدولة من النقد الأجنبي. وأضاف أن الركيزة الثالثة تتمثل في تمكين القطاع الخاص بصورة فعلية، من خلال تسريع تنفيذ وثيقة سياسة ملكية الدولة، والتوسع في تخارج الدولة من الأنشطة غير الاستراتيجية، إلى جانب ترسيخ مبدأ الحياد التنافسي، بما يعزز ثقة المستثمرين المحليين والأجانب في بيئة الاستثمار المصرية. وأوضح الشافعي أن المرحلة التي تلي انتهاء برنامج صندوق النقد تتطلب التركيز على تحسين بيئة الأعمال، عبر تبسيط إجراءات التراخيص وتخصيص الأراضي، وتحقيق استقرار تشريعي وضريبي يرفع من جاذبية الاستثمار ويمنح المستثمرين رؤية واضحة طويلة الأجل. وأضاف أن إدارة الدين العام تمثل أولوية أخرى، من خلال العمل على إطالة آجال الدين وخفض تكلفته، مع توجيه الإنفاق العام نحو المشروعات ذات العائد الاقتصادي السريع والبنية التحتية، بالتوازي مع توسيع القاعدة الضريبية ودمج الاقتصاد غير الرسمي لزيادة الإيرادات العامة. التنمية البشرية وزيادة الصادرات وأشار الشافعي إلى أن نجاح البرنامج الاقتصادي يتطلب أيضًا الاستثمار في التنمية البشرية، عبر توجيه الوفورات المالية الناتجة عن ترشيد الدعم لتحسين جودة التعليم، خاصة التعليم الفني، وتطوير منظومة الرعاية الصحية، مع التوسع في شبكات الحماية الاجتماعية للفئات الأكثر احتياجًا. وشدد على أهمية وضع استراتيجية وطنية لزيادة الصادرات المصرية، خاصة للأسواق الواعدة مثل الأسواق الأفريقية، من خلال تقديم حوافز للمصدرين وتطوير الخدمات اللوجستية، بما يسهم في تحقيق تدفقات مستدامة من النقد الأجنبي، ويحد من الضغوط على سوق الصرف، ويدعم تحقيق نمو اقتصادي مستدام خلال المرحلة المقبلة. اقرأ أيضًا: بعد تراجع النفط عالميا.. هل تتجه لجنة التسعير التلقائي لخفض أسعار الوقود في اجتماعها المقبل؟",2026-07-07T09:48:32.832725+00:00,
google_news,general,https://asharqbusiness.com/economics/139449/%D9%85%D8%A4%D8%B4%D8%B1-%D9%85%D8%AF%D9%8A%D8%B1%D9%8A-%D8%A7%D9%84%D9%85%D8%B4%D8%AA%D8%B1%D9%8A%D8%A7%D8%AA-%D9%81%D9%8A-%D9%85%D8%B5%D8%B1-%D9%81%D9%8A-%D9%8A%D9%88%D9%86%D9%8A%D9%88/,القطاع الخاص المصري ينكمش بـأشد وتيرة في أكثر من 3 سنوات - الشرق بلومبرغ,,2026-07-07 07:26:19+00:00,القطاع الخاص المصري ينكمش بـأشد وتيرة في أكثر من 3 سنوات&nbsp;&nbsp;الشرق بلومبرغ,الشرق بلومبرغ,ar,,,2026-07-07T09:48:32.334780+00:00,Extraction failed: 'NoneType' object has no attribute 'strip'
google_news,general,https://www.almasryalyoum.com/news/details/4309494,خبير اقتصادى: مصر تجاوزت «عنق الزجاجة».. وتراجع البطالة واستقرار الجنيه يعكسان قوة الاقتصاد | المصري اليوم,بسام رمضان,2026-07-06 18:57:00+00:00,أكد الدكتور بلال شعيب، الخبير الاقتصادى، أن الاقتصاد المصري نجح فى تجاوز مرحلة التحديات الكبرى بفضل حزمة الإصلاحات الاقتصادية التى بدأت منذ عام 2016، وتعززت خلال السنوات...,المصري اليوم,ar,343,آخرون بلال شعيب، الخبير الاقتصادي آخرون بلال شعيب، الخبير الاقتصادي أكد الدكتور بلال شعيب، الخبير الاقتصادى، أن الاقتصاد المصري نجح فى تجاوز مرحلة التحديات الكبرى بفضل حزمة الإصلاحات الاقتصادية التى بدأت منذ عام 2016، وتعززت خلال السنوات التالية لمواجهة المتغيرات والأزمات العالمية، مشيرًا إلى أن هذه الإجراءات انعكست على مؤشرات الاقتصاد الكلى وسوق العمل. وقال شعيب، خلال لقائه ببرنامج «الحياة اليوم»، إن معدل البطالة تراجع من 13.5% عام 2015 إلى نحو 6.2% حاليًا، وهو ما يعكس تحسن أداء سوق العمل وقدرة الاقتصاد المصري على خلق فرص عمل رغم التحديات الإقليمية والدولية. وأوضح أن تطبيق سياسة سعر الصرف المرن أسهم في القضاء على السوق الموازية للنقد الأجنبي وتوحيد سعر الصرف داخل الجهاز المصرفي، لافتًا إلى أن تراجع سعر الدولار إلى أقل من 49 جنيهًا يعكس تحسن تدفقات النقد الأجنبى وزيادة الاستثمارات الأجنبية المباشرة، إلى جانب ارتفاع الاحتياطى النقدى إلى نحو 53 مليار دولار. وفيما يتعلق بمنظومة الدعم، أكد الخبير الاقتصادي، أن الدولة تتجه نحو التحول من الدعم العينى إلى الدعم النقدى لضمان وصول الدعم إلى مستحقيه، مشيرًا إلى أن النظام الحالي يشهد تسربًا فى جزء من الدعم، بينما يسهم التحول الرقمي وقواعد البيانات في رفع كفاءة منظومة الدعم وتحقيق العدالة فى توزيعه. وأضاف أن زيادة مخصصات دعم السلع التموينية إلى 178 مليار جنيه في الموازنة الجديدة تؤكد استمرار الدولة في دعم الفئات الأولى بالرعاية، نافيًا أن يكون التحول إلى الدعم النقدى مرتبطًا بتقليص مخصصات الدعم. وأشار شعيب إلى أن الاستراتيجية الوطنية للصناعة تستهدف تعظيم القيمة المضافة للمنتجات المحلية من خلال توطين الصناعات وتقليل تصدير المواد الخام، بما يسهم فى زيادة الإنتاج وخلق فرص عمل جديدة، لافتًا إلى أن الدولة تعمل على التوسع فى التصنيع المحلى لعدد من الخامات لتحقيق عائد اقتصادى أكبر. كما أشاد بالتوسع في الرقعة الزراعية، مؤكدًا أن إضافة ملايين الأفدنة الجديدة تدعم جهود تحقيق الأمن الغذائي وزيادة الإنتاج الزراعى، إلى جانب تعزيز فرص التصدير. واختتم الخبير الاقتصادى حديثه بالتأكيد على أهمية السوق الأفريقية فى دعم الصادرات المصرية، مشيرًا إلى أن مصر تمتلك مزايا تنافسية فى عدد من القطاعات، أبرزها الصناعات النسيجية والملابس الجاهزة، داعيًا إلى الاستفادة من الاتفاقيات التجارية الإقليمية، وفى مقدمتها اتفاقية «الكوميسا»، لتعزيز حضور المنتجات المصرية فى الأسواق الأفريقية.,2026-07-07T09:48:32.300332+00:00,
google_news,general,https://www.vetogate.com/5688693,التمثيل التجاري: زيادة الاستثمارات الصينية يعكس الثقة الكبيرة في الاقتصاد المصري - فيتو,,2026-07-07 08:35:00+00:00,التمثيل التجاري: زيادة الاستثمارات الصينية يعكس الثقة الكبيرة في الاقتصاد المصري&nbsp;&nbsp;فيتو,فيتو,ar,,,2026-07-07T09:48:34.087372+00:00,Extraction failed: Failed to fetch: 403 Client Error: Forbidden for url: https://www.vetogate.com/5688693
google_news,general,https://www.albawabhnews.com/5381682,وزير السياحة: تملك الأجانب للعقارات يعزز قوة الاقتصاد المصري - البوابة نيوز,,2026-07-06 11:59:00+00:00,وزير السياحة: تملك الأجانب للعقارات يعزز قوة الاقتصاد المصري&nbsp;&nbsp;البوابة نيوز,البوابة نيوز,ar,,,2026-07-07T09:48:34.275398+00:00,Extraction failed: Failed to fetch: 403 Client Error: Forbidden for url: https://www.albawabhnews.com/5381682
google_news,general,https://www.elwatannews.com/news/details/8315526,إجهاض حملات التشكيك.. كيف أظهر الاقتصاد المصري مرونة في مواجهة الصدمات العالمية؟ - الوطن,,2026-07-06 17:06:45+00:00,أكدت وزارة التخطيط والتنمية الاقتصادية أن الاقتصاد المصري أظهر قدرته على التكي ف مع المتغيرات الخارجية رغم التحديات العالمية والإقليمية المتلاحقة مستفيدا من الإصلاحات الهيكلية والاستثمارات التي تم تنفيذها فى قطاعات البنية التحتية والطاقة والتنمية البشرية - الوطن,الوطن,ar,1174,أكدت وزارة التخطيط والتنمية الاقتصادية أن الاقتصاد المصري أظهر قدرته على التكيّف مع المتغيرات الخارجية، رغم التحديات العالمية والإقليمية المتلاحقة، مستفيداً من الإصلاحات الهيكلية والاستثمارات التي تم تنفيذها في قطاعات البنية التحتية والطاقة والتنمية البشرية، وأنه حقّق معدل نمو بلغ 5% خلال الربع الثالث من العام المالي 2025- 2026، مقارنة بمعدل 4.8% خلال الربع المقارن من العام المالي السابق، متجاوزاً بذلك التوقّعات التي كانت تشير إلى معدل نمو 4.6%، في ظل التوترات الجيوسياسية التي تشهدها المنطقة وما ترتب علىها من تأثيرات على سلاسل الإمداد العالمية وارتفاع أسعار النفط. «بلومبرج»: الاقتصاد المصري أصبح أسرع الاقتصادات نمواً على صعيد منطقة الشرق الأوسط وفي الفترة الأخيرة، أظهرت مؤسسات دولية كبري اهتماماً خاصاً بأداء الاقتصاد المصري، وعلى رأسها وكالة بلومبرج التي تناولت في أكثر من تقرير تحسّن أداء الجنيه المصري، مشيرة إلى وصوله إلى أقوي مستوياته خلال فترات متعاقبة، مدعوماً بزيادة تدفّقات الاستثمار الأجنبي وتحسّن المؤشرات الاقتصادية، وربطت بين قوة العملة المحلية وتراجع الضغوط التضخمية داخل السوق المصرية. وسلطت تقارير اقتصادية دولية الضوء على قدرة مصر على الحفاظ على استقرار سوق الصرف رغم حالة الاضطراب التي شهدها الكثير من الأسواق الناشئة نتيجة التطورات الجيوسياسية، وهو ما يُعد مؤشراً على نجاح السياسات الاقتصادية والإصلاحات التي تم تنفيذها خلال السنوات الأخيرة. وذكرت وكالة بلومبرج الأمريكية أن الجنيه المصري أصبح العملة الأفضل أداءً في العالم بعد التراجع الحاد في أسعار النفط عقب اتفاق بين الولايات المتحدة وإيران لإعادة فتح مضيق هرمز، مشيرة في الوقت نفسه إلى مرونة سعر الصرف وتزايد الاستثمار الأجنبي. وأوضحت «بلومبرج»، في تقرير بعنوان «الجنيه المصري يصبح الأفضل أداءً عالمياً مقابل الدولار»، أن العملة المصرية أصبحت الأفضل أداءً في العالم إذ ارتفعت بنحو 4% مقابل الدولار خلال الفترة الماضية، متفوقة على جميع العملات التي ترصدها الوكالة الأمريكية عالمياً. وذكر تقرير «بلومبرج» أن هذا التحسّن في أداء الجنيه المصري، جاء مدعوماً بتأثير انخفاض أسعار الطاقة عالمياً، والتطورات المرتبطة بالإجراءات الاقتصادية التي اتخذتها الحكومة المصرية خلال الفترة الماضية، خصوصاً في ما يتعلق بالوصول إلى سعر صرف مرن، وتعزيز دور آليات العرض والطلب في تحديد قيمة العملة، ويُعد تطبيق نظام سعر صرف مرن أحد المحاور الرئيسية في برنامج السياسة النقدية حالياً في مصر. إن الاقتصاد المصري أصبح أسرع الاقتصادات نمواً على صعيد منطقة الشرق الأوسط، بفضل تدابير الإصلاح الاقتصادي التي تبنّتها الحكومة، والمدعومة من قِبل صندوق النقد الدولي، كما أن استقرار العملة المصرية المصحوب بأسعار فائدة مرتفعة أسهم في جعل مصر وجهة محبّبة لمستثمري السندات الذين يبحثون عن عائد. وأضافت الوكالة أن الأوضاع الاقتصادية المستقرة في مصر، سواء كان بالأداء الجيد للجنيه أو تراجع معدل التضخّم إلى أدني مستوي في نحو أربعة أعوام، يُعزّز احتمالات خفض الفائدة للمرة الأولي في نحو 6 أشهر خلال اجتماع السياسة المالية للبنك المركزي المرتقب، كما أشارت استطلاعات الوكالة إلى أن الاقتصاد المصري يُصنف بين الأقل تأثراً نسبياً بتداعيات التوترات الإقليمية، مثل أزمات الحرب، مقارنة باقتصادات أخري في المنطقة. وفي السياق نفسه، أصدرت مؤسسة «فيتش» للتصنيف الائتماني عدة تقارير أكدت خلالها تثبيت التصنيف الائتماني لمصر مع نظرة مستقبلية مستقرة، مشيرة إلى قوة الاقتصاد المصري وقدرته على النمو، وتحسّن الاحتياطيات النقدية، واستمرار تدفّقات الاستثمار والدعم الدولي، بالإضافة إلى استقرار سوق الصرف وتحسّن المؤشرات المالية بصورة تدريجية، كما رفعت المؤسسة توقعاتها لنمو الاقتصاد المصري خلال السنوات المقبلة، مستندة إلى تحسّن أداء القطاعات الإنتاجية وزيادة الصادرات والسياحة والاستثمارات الأجنبية. «فيتش»: مصر في المرتبة الثالثة بالشرق الأوسط وشمال أفريقيا وال27 عالمياً من حيث انفتاح الاستثمار وأشارت وكالة فيتش، في تقرير لها بعنوان «تحليل انفتاح مصر على الاستثمار»، إلى الإمكانات الكبيرة للاستثمار الأجنبي المباشر في مصر، وتوسّع تدفّقات الاستثمار في الكثير من القطاعات، وعلى رأسها: النفط، والغاز، والسيارات، وتكنولوجيا المعلومات والاتصالات، وتصنيع الأغذية، إلى جانب الطاقة المتجدّدة، والبنية التحتية، والخدمات المالية، مؤكدة أن مصر تحتل المرتبة الثالثة من بين 18 سوقاً في الشرق الأوسط وشمال أفريقيا، والمرتبة 27 عالمياً من بين 202 سوق، من حيث انفتاح الاستثمار. ولفت التقرير إلى أن مصر تعطي الأولوية للاستثمارات في الطاقة الشمسية وطاقة الرياح، والهيدروجين الأخضر، وتحلية المياه، والنقل المستدام، والمركبات الكهربائية، والمدن الذكية والشبكات، ومواد البناء المستدامة، كما تسعي للاستفادة من موقعها الذي يربط بين الشرق الأوسط وأفريقيا وأوروبا لتصبح بوابة إقليمية للتجارة والاستثمار ومركزاً للطاقة، وتأمل في جذب استثمارات قطاع تكنولوجيا المعلومات والاتصالات لدعم برنامج التحول الرقمي. وأشارت الوكالة إلى أن مصر تدخل عام 2026 بوضع خارجي أفضل، مدعوماً بتهدئة التوترات وتزايد موارد النقد الأجنبي واستمرار الإصلاحات، مع الحاجة إلى الحفاظ على مسار خفض الدين وتعزيز مصادر التمويل المستدام. فيما ثبّتت وكالة «ستاندرد آند بورز جلوبال» للتصنيف الائتماني، تصنيف مصر عند «B/B» على المدي الطويل والقصير بالعملتين الأجنبية والمحلية، مع نظرة مستقبلية مستقرة، كما أبقت تقييم قابلية التحويل والتحويل الخارجي عند مستوي «B». وتعكس النظرة المستقرة توازناً بين آفاق النمو على المدي المتوسط في مصر والزخم القوي للإصلاحات، مقابل المخاطر المتجدّدة الناتجة عن استمرار الصراع لفترة طويلة. وأشارت الوكالة إلى أنها قد ترفع التصنيف إذا تحسّنت أوضاع الدين الحكومي والخارجي لمصر بوتيرة أسرع من المتوقع، ربما من خلال تسريع خفض المديونية أو زيادة الاستثمارات الأجنبية المباشرة، بدعم من خطط بيع أصول الدولة. وأضافت أنه يمكن أيضاً رفع التصنيف في حال استفادت مصر من سياسات تنويع الاقتصاد وفتح القطاعات الرئيسية أمام الاستثمار الأجنبي، بما في ذلك تحسين جودة التمويل الخارجي. وذكرت «ستاندرد آند بورز»، أن مصر دخلت هذا الصراع باحتياطيات خارجية أقوي، مقارنة بالأزمات السابقة، حيث نفّذت السلطات خلال ال24 شهراً الماضية إصلاحات كبيرة، من بينها تحرير نظام سعر الصرف، مما أسهم في الحصول على دعم من صندوق النقد الدولي وجهات مانحة أخري، وجذب تدفّقات استثمارية كبيرة من دول مجلس التعاون الخليجي. وأشارت إلى أن هذه الإصلاحات دعمت نمواً قوياً في إيرادات السياحة وتحويلات المصريين بالخارج وتدفّقات المحافظ الاستثمارية، مما أسهم في ارتفاع الاحتياطيات الدولية إلى 52.8 مليار دولار في مارس 2026، كما أكدت أن انتقال مصر إلى نظام سعر صرف مرن أسهم في تحقيق نمو اقتصادي أقوي، إلى جانب ارتفاع إيرادات السياحة وزيادة تحويلات المصريين بالخارج، كما شهدت التدفّقات المالية الصافية تحسّناً، مما دعم الوضع الخارجي للاقتصاد. وتوقع البنك الدولي استمرار نمو الاقتصاد المصري، خلال العامين الماليين المقبلين، لكنه حذّر في الوقت نفسه من أن الحرب بين إيران وإسرائيل خلّفت تداعيات مباشرة وحادة على اقتصادات منطقة الشرق الأوسط وشمال أفريقيا، إضافة إلى أفغانستان وباكستان. ووفقاً لتقرير «الآفاق الاقتصادية العالمية» الصادر عن البنك الدولي في يونيو 2026، يتوقع أن يسجل الاقتصاد المصري نمواً خلال السنة المالية 2025 - 2026، مقارنة بالسنة المالية السابقة، كما توقع أن يستمر النمو عند المستوي نفسه خلال 2026 - 2027، كما أظهر التقرير أن الاقتصاد المصري كان مرشحاً لتحقيق نمو يبلغ 4.4% خلال العام المالي 2024 - 2025، قبل أن يرتفع إلى 4.6% في 2025 - 2026، مدفوعاً باستمرار الإصلاحات الاقتصادية وتحسّن النشاط الاقتصادي. وأشار البنك الدولي إلى أن مصر من ثلاث دول، مع باكستان وتونس، ضمن منطقة الشرق الأوسط وشمال أفريقيا وأفغانستان وباكستان، مرشحة لمزيد من التحسن خلال الفترة المقبلة في إطار جهود ضبط أوضاع المالية العامة، مشيداً بجهود الدولة في تطوير البنية التحتية وتوسيع شبكات الحماية الاجتماعية وتحسين بيئة الأعمال. وفي الوقت نفسه، ذكر البنك الدولي أن حرب إيران أسهمت في إبطاء النشاط الاقتصادي وزيادة الضغوط التضخمية في اقتصادات منطقة الشرق الأوسط وشمال أفريقيا وأفغانستان وباكستان، بفعل ارتفاع أسعار الطاقة وتكاليف النقل والشحن، فضلاً عن تراجع وتيرة التجارة والاستثمارات في المنطقة. وأشاد ممثلو البنك الدولي بالإجراءات التي اتخذتها الدولة في ملف إصلاح الشركات المملوكة لها، والتوسّع في برنامج الطروحات، وإنشاء وحدة متخصّصة لمتابعة هذا الملف، مع تأكيد استعدادهم لتقديم الدعم الفني والمساندة خلال المرحلة المقبلة، كما أشاد البنك أيضاً بمشروع تطوير سكك حديد مصر وتعزيز معايير سلامتها.,2026-07-07T09:48:34.012662+00:00,
google_news,general,https://www.youm7.com/story/2026/7/7/%D8%A7%D9%84%D9%85%D9%83%D8%AA%D8%A8-%D8%A7%D9%84%D8%A7%D9%82%D8%AA%D8%B5%D8%A7%D8%AF%D9%8A-%D9%88%D8%A7%D9%84%D8%AA%D8%AC%D8%A7%D8%B1%D9%8A-%D8%A7%D9%84%D9%85%D8%B5%D8%B1%D9%8A-%D9%81%D9%8A-%D8%A8%D9%83%D9%8A%D9%86-%D9%8A%D8%B4%D8%A7%D8%B1%D9%83-%D8%A8%D9%85%D8%B9%D8%B1%D8%B6-%D8%A7%D9%84%D8%B5%D9%8A%D9%86-%D8%A7%D9%84%D8%AF%D9%88%D9%84%D9%8A/7473618,المكتب الاقتصادي والتجاري المصري في بكين يشارك بمعرض الصين الدولي لسلاسل الإمداد - اليوم السابع,إسلام سعيد,2026-07-07 07:42:00+00:00,شارك المكتب الاقتصادي والتجاري المصري لدى سفارة جمهورية مصر العربية في بكين بجناح متميز ضمن فعاليات الدورة الرابعة لمعرض الصين الدولي لسلاسل الإمداد.,اليوم السابع,ar,634,في إطار جهود وزارة الاستثمار والتجارة الخارجية لتعزيز الشراكة الاقتصادية المصرية الصينية، وتنفيذًا لتوجيهات الدكتور محمد فريد، وزير الاستثمار والتجارة الخارجية، بتكثيف الترويج للفرص الاستثمارية المصرية وجذب المزيد من الاستثمارات الأجنبية المباشرة، لاسيما في القطاعات الإنتاجية والتكنولوجية ذات القيمة المضافة، شارك المكتب الاقتصادي والتجاري المصري لدى سفارة جمهورية مصر العربية في بكين بجناح متميز ضمن فعاليات الدورة الرابعة لمعرض الصين الدولي لسلاسل الإمداد (China International Supply Chain Expo - CISCE)، وذلك احتفالًا بمرور سبعين عامًا على إقامة العلاقات الدبلوماسية بين جمهورية مصر العربية وجمهورية الصين الشعبية. ويُعد المعرض أحد أبرز الفعاليات الاقتصادية الدولية المتخصصة في سلاسل الإمداد، ويقام برعاية الحكومة الصينية وينظمه المجلس الصيني لتعزيز التجارة الدولية (CCPIT)، بمشاركة واسعة من كبرى الشركات والمؤسسات العالمية، ويغطي عددًا من القطاعات الاستراتيجية، من بينها التكنولوجيا المتقدمة، والتصنيع، والطاقة النظيفة، والخدمات اللوجستية، والمركبات الذكية، والصحة، والزراعة، بما يجعله منصة دولية مهمة لتعزيز التعاون الاقتصادي والاستثماري وتطوير سلاسل الإمداد العالمية. واستعرض جناح المكتب الاقتصادي والتجاري المصري مسيرة العلاقات الاقتصادية والاستثمارية بين مصر والصين الممتدة على مدار سبعة عقود، وما شهدته من تطور متسارع في مجالات التجارة والاستثمار والتعاون الصناعي والبنية التحتية والطاقة والتنمية المستدامة، بما يعكس عمق الشراكة الاستراتيجية الشاملة بين البلدين، ويؤكد المكانة المتنامية لمصر كشريك اقتصادي رئيسي للصين في منطقة الشرق الأوسط وإفريقيا. وعلى هامش المعرض، عقد أعضاء المكتب الاقتصادي والتجاري المصري سلسلة من اللقاءات الثنائية مع ممثلي الشركات الصينية المشاركة، جرى خلالها استعراض الفرص الاستثمارية الواعدة التي توفرها مصر، والمزايا التنافسية التي تتمتع بها، وفي مقدمتها الموقع الاستراتيجي، والمنطقة الاقتصادية لقناة السويس، وشبكة اتفاقيات التجارة الحرة التي تربط مصر بالأسواق العربية والإفريقية والأوروبية، إلى جانب الفرص المتاحة في قطاعات الطاقة الجديدة والمتجددة، وصناعة السيارات ومكوناتها، والخدمات اللوجستية، والصناعات الدوائية، والتكنولوجيا الرقمية، والصناعات المغذية، بما يعزز جهود الدولة في جذب الاستثمارات النوعية، ونقل التكنولوجيا، وتعميق التصنيع المحلي، وزيادة الصادرات. اجتماعات المطابقة التجارية كما شارك الوزير المفوض التجاري خالد ميلاد رزيق، رئيس المكتب الاقتصادي والتجاري المصري في بكين، في عدد من جلسات الأعمال واجتماعات المطابقة التجارية (B2B)، إلى جانب لقاءات مع نواب محافظي مقاطعتي شاندونغ وتشينغهاي وعدد من كبار المسؤولين وممثلي مجتمع الأعمال، حيث تناولت المباحثات سبل تعزيز التعاون الاقتصادي والتجاري والاستثماري، واستكشاف فرص جديدة في مجالات الصناعة، والطاقة الجديدة، والخدمات اللوجستية، والزراعة، والتكنولوجيا، فضلًا عن بحث تنظيم المزيد من الزيارات والبعثات التجارية والاستثمارية خلال المرحلة المقبلة. وتأتي هذه المشاركة في إطار استراتيجية وزارة الاستثمار والتجارة الخارجية لتعزيز التواجد المصري في كبرى المحافل الاقتصادية الدولية، والترويج للمزايا التنافسية التي يتمتع بها الاقتصاد المصري، واستقطاب المزيد من الاستثمارات الأجنبية المباشرة، وترسيخ مكانة مصر كمركز إقليمي للتصنيع والتصدير والخدمات اللوجستية، يخدم أسواق الشرق الأوسط وإفريقيا وأوروبا. وفي هذا الإطار، صرح الدكتور عبد العزيز الشريف، رئيس جهاز التمثيل التجاري، بأن العلاقات الاقتصادية بين مصر والصين تشهد زخمًا متزايدًا يعكس متانة الشراكة الاستراتيجية بين البلدين، مشيرًا إلى أن تنامي الاستثمارات الصينية في السوق المصرية يعكس الثقة المتزايدة التي يوليها مجتمع الأعمال الصيني للاقتصاد المصري، وما يتمتع به من مقومات تنافسية وفرص استثمارية واعدة. تكثيف التواصل مع مجتمع الأعمال الصيني وأضاف أن السنوات الأخيرة شهدت توسعًا ملحوظًا في الاستثمارات الصينية في مصر، خاصة في قطاعات الصناعات التحويلية، والطاقة الجديدة والمتجددة، وصناعة السيارات ومكوناتها، والاتصالات، والمنسوجات، ومواد البناء، ومشروعات المنطقة الاقتصادية لقناة السويس، بما يعكس جاذبية السوق المصرية للشركات الصينية، ويؤكد نجاح جهود الدولة في استقطاب الاستثمارات النوعية. وأكد الشريف أن جهاز التمثيل التجاري يواصل، تنفيذًا لتوجيهات الدكتور محمد فريد، وزير الاستثمار والتجارة الخارجية، تكثيف التواصل مع مجتمع الأعمال الصيني، والترويج للفرص الاستثمارية التي توفرها مصر، مع التركيز على استهداف الاستثمارات الصناعية والتكنولوجية ذات القيمة المضافة، بما يسهم في نقل التكنولوجيا، وتعميق التصنيع المحلي، وتعزيز الصادرات، ودمج الاقتصاد المصري بصورة أكبر في سلاسل القيمة والإمداد العالمية. وأشار إلى أن وزارة الاستثمار والتجارة الخارجية تستهدف تعظيم استفادة مصر من التحولات التي تشهدها سلاسل الإمداد العالمية، عبر جذب استثمارات جديدة في القطاعات الإنتاجية والتكنولوجية، وتعزيز الشراكات مع الشركات العالمية، بما يدعم جهود الدولة لتحقيق نمو اقتصادي مستدام، وزيادة القدرة التنافسية للاقتصاد المصري، وترسيخ مكانة مصر كمركز إقليمي للإنتاج والتصنيع والخدمات اللوجستية والتصدير للأسواق الإقليمية والعالمية.,2026-07-07T09:48:35.009319+00:00,
google_news,general,https://www.masrawy.com/news/news-banking/details/2026/7/7/3013838/%D9%85%D8%B5%D8%B1%D9%81%D9%8A%D9%88%D9%86-%D9%8A%D8%AA%D9%88%D9%82%D8%B9%D9%88%D9%86-%D9%82%D8%B1%D8%A7%D8%B1-%D8%A7%D9%84%D8%A8%D9%86%D9%83-%D8%A7%D9%84%D9%85%D8%B1%D9%83%D8%B2%D9%8A-%D9%84%D8%B3%D8%B9%D8%B1-%D8%A7%D9%84%D9%81%D8%A7%D8%A6%D8%AF%D8%A9-%D9%81%D9%8A-%D8%A7%D8%AC%D8%AA%D9%85%D8%A7%D8%B9-%D8%A7%D9%84%D8%AE%D9%85%D9%8A%D8%B3,مصرفيون يتوقعون قرار البنك المركزي لسعر الفائدة في اجتماع الخميس | مصراوي,https://www.masrawy.com/writer/105/أحمد-الخطيب,2026-07-07 05:38:04+00:00,رجح خبراء ومحللون ماليون أن يبقي البنك المركزي المصري أسعار الفائدة دون تغيير في اجتماعه المقبل مع استمرار تراجع التضخم وتحسن المؤشرات الاقتصادية وترق | مصراوي,مصراوي.كوم,ar,989,"قال خبراء مصرفيون إن الاتجاه الأقرب أمام لجنة السياسة النقدية بالبنك المركزي المصري في اجتماعها المقرر الخميس المقبل هو الإبقاء على أسعار الفائدة دون تغيير، في ظل استمرار تراجع معدلات التضخم وتحسن عدد من مؤشرات الاقتصاد الكلي، مع استمرار حالة الحذر بسبب التطورات الجيوسياسية وتأثيرها المحتمل على أسعار الطاقة والتضخم. وأضافوا ل""مصراوي"" أن مستويات أسعار الفائدة الحالية لا تزال تحقق هدف احتواء الضغوط التضخمية، مشيرين إلى أن أي عودة لخفض الفائدة ستظل مرهونة باستقرار الأوضاع الإقليمية، واستمرار تراجع التضخم، وانخفاض أسعار النفط خلال الفترة المقبلة. ويأتي ذلك قبل اجتماع لجنة السياسة النقدية بالبنك المركزي المصري المقرر عقده يوم الخميس المقبل لحسم مصير أسعار الفائدة، بعدما قررت اللجنة في اجتماعها الأخير الإبقاء على سعري عائد الإيداع والإقراض لليلة واحدة عند 19% و20% على التوالي. وكان البنك المركزي خفض أسعار الفائدة بإجمالي 8.25 نقطة مئوية منذ بدء دورة التيسير النقدي، قبل أن يتجه إلى تثبيتها خلال آخر اجتماعين مع تصاعد المخاطر الجيوسياسية وعودة الضغوط التضخمية المرتبطة بارتفاع أسعار الطاقة. اقرأ أيضًا: ماذا تعني توصية صندوق النقد للمركزي المصري بالإبقاء على سعر الفائدة مرتفعا؟. توقعات بتثبيت الفائدة حتى نهاية العام قال محمد عبد العال، الخبير المصرفي، إن السيناريو الأقرب لاجتماع لجنة السياسة النقدية بالبنك المركزي يتمثل في الإبقاء على أسعار الفائدة دون تغيير، متوقعًا استمرار هذا التوجه حتى نهاية العام الجاري، في ظل استمرار السياسة النقدية المقيدة ونجاحها في احتواء الضغوط التضخمية. وأضاف أن توصية صندوق النقد الدولي بالحفاظ على أسعار فائدة مرتفعة لا تعني مطالبة البنك المركزي برفع أسعار الفائدة، وإنما تعكس أهمية الاستمرار في السياسة النقدية المتشددة لضمان استقرار الأسعار ومنع عودة الضغوط التضخمية، مؤكدًا أن البنك المركزي يطبق بالفعل هذه السياسة منذ تعليق دورة التيسير النقدي. وأوضح عبد العال أن البنك المركزي بدأ خفض أسعار الفائدة عندما كانت معدلات التضخم تتراجع وتتجه نحو المستويات المستهدفة، لكنه فضّل لاحقًا تعليق دورة الخفض مع تصاعد المخاطر المرتبطة بارتفاع أسعار الطاقة وتكاليف الشحن والتوترات الجيوسياسية، دون الحاجة إلى رفع أسعار الفائدة مجددًا، لأن مستوياتها الحالية لا تزال مرتفعة. وأشار إلى أن أسعار الفائدة الحالية توفر عائدًا حقيقيًا يُعد من بين الأعلى في الأسواق الناشئة بعد خصم معدل التضخم، وهو ما يدعم جاذبية الاستثمار في أدوات الدين المحلية ويعزز استمرار تدفقات المستثمرين الأجانب للاستفادة من فارق العائد على الجنيه المصري. وأضاف أن البنك المركزي لجأ خلال الفترة الأخيرة إلى ما وصفه ب""التقييد النقدي غير المباشر""، من خلال رفع العائد على بعض الأوعية الادخارية، بما يدعم جاذبية الجنيه، ويعوض المدخرين عن آثار التضخم، دون اللجوء إلى زيادة أسعار الفائدة الأساسية. ولفت عبد العال إلى أن السياسة النقدية الحالية أثبتت فاعليتها في احتواء التضخم، مستشهدًا بتراجع معدل التضخم السنوي خلال مايو واستقرار التضخم الأساسي، متوقعًا استمرار هذا الاتجاه مع انحسار الضغوط الموسمية خلال الأشهر المقبلة. هل تؤثر زيادة الأجور على مسار الفائدة؟ ورأى عبد العال أن الزيادات الأخيرة في الأجور والمعاشات لن تمثل ضغوطًا تضخمية كبيرة تدفع البنك المركزي إلى تغيير سياسته، موضحًا أنها تستهدف تعويض أصحاب الدخول المحدودة عن ارتفاع تكاليف المعيشة، ولا تمثل زيادة كبيرة في الطلب الاستهلاكي. وأضاف أن البنك المركزي يوازن بين هدفين رئيسيين، هما الحفاظ على استقرار الأسعار من ناحية، ودعم النمو الاقتصادي من ناحية أخرى، من خلال خفض تكلفة التمويل عندما تسمح الظروف بذلك. معدلات التضخم تدعم استمرار التثبيت واتفق معه محمود نجلة، المدير التنفيذي لأسواق النقد والدخل الثابت بشركة الأهلي للاستثمارات المالية، إذ قال إن معدلات التضخم السنوية لا تزال تتجه إلى التراجع، بينما يقتصر الارتفاع على التضخم الشهري، وهو ما يدعم الإبقاء على أسعار الفائدة عند مستوياتها الحالية، مع استمرار متابعة تطورات الأسعار شهرًا بعد شهر. ورجح نجلة أن تتجه لجنة السياسة النقدية بالبنك المركزي إلى تثبيت أسعار الفائدة في اجتماعها المقبل، في ظل استمرار السيطرة على التضخم وعدم وجود مؤشرات تستدعي تشديد السياسة النقدية في الوقت الراهن. وأشار إلى أن تأثير الزيادات الأخيرة في الأجور والمعاشات، حال انعكاسه على معدلات التضخم، لن يظهر بصورة فورية، وإنما قد يتضح خلال الأشهر المقبلة مع متابعة تطورات الطلب في الأسواق، وهو ما سيحدد مسار السياسة النقدية لاحقًا. وأضاف أن مستويات الفائدة الحالية لا تزال مناسبة لاحتواء التضخم، خاصة مع عدم تسجيل ارتفاعات قوية في أسعار السلع خلال الفترة الأخيرة، بل إن بعض السلع الغذائية شهدت تراجعًا في أسعارها. وأكد نجلة أن البنك المركزي لن يتسرع في اتخاذ قرار برفع أسعار الفائدة، موضحًا أن أي تغيير في السياسة النقدية سيظل مرهونًا بتطورات معدلات التضخم، وأن صندوق النقد الدولي لا يطالب برفع الفائدة، وإنما يدعو إلى مراقبة التضخم عن كثب واتخاذ الإجراء المناسب إذا ظهرت ضغوط تضخمية جديدة. ""إتش سي"": التثبيت هو السيناريو الأقرب وفي الاتجاه نفسه، توقعت إدارة البحوث المالية بشركة إتش سي للأوراق المالية والاستثمار أن يُبقي البنك المركزي المصري أسعار الفائدة دون تغيير خلال اجتماعه المقبل، في ضوء تطورات الاقتصاد المحلي واستمرار حالة عدم اليقين المرتبطة بالأوضاع الإقليمية. وقالت هبة منير، محلل الاقتصاد الكلي بالشركة، في تقرير بحثي، إن تداعيات الحرب الأمريكية الإسرائيلية ضد إيران لا تزال تلقي بظلالها على الاقتصاد العالمي، إلا أن الاقتصاد المصري أظهر قدرة على استيعاب هذه الصدمات بفضل مرونة سعر الصرف وتحسن عدد من المؤشرات الاقتصادية. وأشارت إلى أن صافي الاحتياطي النقدي الأجنبي ارتفع إلى 53.1 مليار دولار بنهاية مايو، مع تعافي صافي الأصول الأجنبية وتحسن تدفقات المستثمرين الأجانب إلى أدوات الدين الحكومية، فضلًا عن ارتفاع تحويلات المصريين العاملين بالخارج وإيرادات قناة السويس مقارنة بالفترة نفسها من العام الماضي. وأضافت أن الجنيه المصري استعاد جزءًا من قوته أمام الدولار خلال الأشهر الماضية، وهو ما ساهم في الحد من الضغوط التضخمية، متوقعة أن يتحرك التضخم بصورة عرضية خلال الفترة المقبلة بعد تباطؤه إلى 14.6% في مايو. ورأت أن هذه العوامل تدعم استمرار البنك المركزي في تثبيت أسعار الفائدة، لحين اتضاح مسار التضخم والتطورات الخارجية خلال النصف الثاني من العام. خفض الفائدة مرهون باستقرار الأوضاع وتوقع عبد العال استمرار تثبيت أسعار الفائدة خلال بقية اجتماعات العام، مرجحًا أن يكون اجتماع ديسمبر أول فرصة للنظر في خفض جديد للفائدة، إذا استقرت الأوضاع الجيوسياسية، وتراجعت أسعار النفط إلى أقل من 70 دولارًا للبرميل، وانتظمت سلاسل الإمداد العالمية. وأضاف أن استمرار التوترات الإقليمية أو ارتفاع أسعار الطاقة سيدفع البنك المركزي إلى مواصلة تثبيت أسعار الفائدة، وقد يمتد ذلك إلى الربع الأول من عام 2027، انتظارًا لمزيد من الوضوح بشأن مسار التضخم والاقتصاد العالمي. اقرأ أيضًا: "" إتش سي"" تتوقع أن يثبت البنك المركزي أسعار الفائدة الخميس لهذه الأسباب",2026-07-07T09:48:34.676288+00:00,
google_news,general,https://www.maspero.eg/radio/2026/07/06/969280/%D8%AF.%D9%8A%D9%85%D9%86-%D8%A7%D9%84%D8%AD%D9%85%D8%A7%D9%82%D9%8A-%D8%A7%D9%84%D9%85%D8%B4%D8%B1%D9%88%D8%B9%D8%A7%D8%AA-%D8%A7%D9%84%D8%B5%D8%BA%D9%8A%D8%B1%D8%A9-%D9%88%D8%A7%D9%84%D9%85%D8%AA%D9%88%D8%B3%D8%B7%D8%A9-%D8%B1%D9%83%D8%A7%D8%A6%D8%B2-%D8%A3%D8%B3%D8%A7%D8%B3%D9%8A%D8%A9-%D9%84%D8%AF%D8%B9%D9%85-%D8%A7%D9%84%D8%A7%D9%82%D8%AA%D8%B5%D8%A7%D8%AF-%D8%A7%D9%84%D9%85%D8%B5%D8%B1%D9%8A,د.يمن الحماقي: المشروعات الصغيرة والمتوسطة ركائز أساسية لدعم الاقتصاد المصري,الهيئة الوطنية للإعلام,2026-07-06 12:36:00+00:00,ماسبيرو - أكدت الدكتورة يمن الحماقي أستاذة الاقتصاد بجامعة عين شمس، رئيسة مجلس أمناء مؤسسة للتنمية المستدامة أن المشروعات الصغيرة والمتوسطة تعد من الركائز الأساسية لدعم الاقتصاد المصرى، حيث تسهم في توفير فرص العمل وتقليل معدلات البطالة، إلى جانب دورها فى تنشيط حركة السوق وزيادة الإنتاج المحلى، وقد أولت الدولة اهتمامًا كبيرًا بهذا القطاع من خلال توفير برامج تمويلية وتدريبية متعددة، خاصة للفئات الأكثر احتياجًا مثل المرأة، إيمانًا بدورها الحيوي في تحقيق التنمية المستدامة ودعم الأسرة والمجتمع.,ماسبيرو - الهيئة الوطنية للإعلام,ar-EG,257,أكدت الدكتورة يمن الحماقي أستاذة الاقتصاد بجامعة عين شمس، رئيسة مجلس أمناء مؤسسة للتنمية المستدامة أن المشروعات الصغيرة والمتوسطة تعد من الركائز الأساسية لدعم الاقتصاد المصرى، حيث تسهم في توفير فرص العمل وتقليل معدلات البطالة، إلى جانب دورها فى تنشيط حركة السوق وزيادة الإنتاج المحلى، وقد أولت الدولة اهتمامًا كبيرًا بهذا القطاع من خلال توفير برامج تمويلية وتدريبية متعددة، خاصة للفئات الأكثر احتياجًا مثل المرأة، إيمانًا بدورها الحيوي في تحقيق التنمية المستدامة ودعم الأسرة والمجتمع. وأوضحت الحماقي خلال حوارها في برنامج (إلى ربات البيوت) أن المشروعات التنموية المتاحة للمرأة تتنوع ما بين مشروعات حرفية وصناعية وزراعية وخدمية، ما يتيح لها فرصا واسعة للاختيار وفقا لامكانياتها واهتماماتها. ولكى تستغل المرأة هذه الفرص بشكل جيد، يجب عليها أولا تحديد مهاراتها وقدراتها، ثم البحث عن البرامج التدريبية التى تؤهلها لإدارة مشروعها بنجاح. كما يمكنها الاستفادة من مبادرات التمويل متناهى الصغر والجمعيات الأهلية التى تقدم دعما فنيا وماليا، مع ضرورة دراسة جدوى المشروع قبل البدء لضمان استمراريته وتحقيق عائد مناسب. وبينت أستاذة الاقتصاد بجامعة عين شمس أن التمكين الاقتصادي للمرأة يعد خطوة مهمة نحو تعزيز دورها فى المجتمع، خاصة بالنسبة للمرأة المعيلة التي تتحمل مسئولية الإنفاق على أسرتها، فدعمها بالمشروعات الصغيرة لا يحقق لها الاستقلال المادى فقط، بل يسهم أيضًا في تحسين مستوى معيشة أسرتها ويمنحها الثقة بالنفس ومن هنا تأتى أهمية تكاتف جهود الدولة والمجتمع المدنى لتوفير بيئة داعمة تساعد المرأة على النجاح، وتفتح أمامها آفاقًا جديدة للمشاركة الفعالة فى بناء الاقتصاد الوطنى. يُذاع برنامج (إلى ربات البيوت) عبر أثير شبكة البرنامج العام، من تقديم الاذاعية هالة سالم وهندسة إذاعية حسن مبروك. لمتابعة البث المباشر لاذاعة البرنامج العام.. اضغط هنا,2026-07-07T09:48:37.699555+00:00,
google_news,general,https://www.alarabiya.net/aswaq/economy/2026/07/06/%D9%85%D8%AC%D9%84%D8%B3-%D8%A7%D9%84%D9%86%D9%88%D8%A7%D8%A8-%D9%8A%D9%86%D8%A7%D9%82%D8%B4-%D8%A7%D9%84%D8%A7%D8%B1%D8%A8%D8%B9%D8%A7%D8%A1-%D9%85%D8%B4%D8%B1%D9%88%D8%B9-%D9%82%D8%A7%D9%86%D9%88%D9%86-%D8%A7%D8%B9%D8%A7%D8%AF%D8%A9-%D8%AA%D9%86%D8%B8%D9%8A%D9%85-%D8%AC%D9%87%D8%A7%D8%B2-%D9%85%D8%B3%D8%AA%D9%82%D8%A8%D9%84-%D9%85%D8%B5%D8%B1-%D9%84%D9%84%D8%AA%D9%86%D9%85%D9%8A%D8%A9-%D8%A7%D9%84%D9%85%D8%B3%D8%AA%D8%AF%D8%A7%D9%85%D8%A9,مجلس النواب يناقش الأربعاء مشروع قانون إعادة تنظيم جهاز مستقبل مصر للتنمية المستدامة - العربية,,2026-07-06 18:51:00+00:00,مجلس النواب يناقش الأربعاء مشروع قانون إعادة تنظيم جهاز مستقبل مصر للتنمية المستدامة&nbsp;&nbsp;العربية,العربية,ar,,,2026-07-07T09:48:36.543766+00:00,Extraction failed: Failed to fetch: 403 Client Error: Forbidden for url: https://www.alarabiya.net/aswaq/economy/2026/07/06/%D9%85%D8%AC%D9%84%D8%B3-%D8%A7%D9%84%D9%86%D9%88%D8%A7%D8%A8-%D9%8A%D9%86%D8%A7%D9%82%D8%B4-%D8%A7%D9%84%D8%A7%D8%B1%D8%A8%D8%B9%D8%A7%D8%A1-%D9%85%D8%B4%D8%B1%D9%88%D8%B9-%D9%82%D8%A7%D9%86%D9%88%D9%86-%D8%A7%D8%B9%D8%A7%D8%AF%D8%A9-%D8%AA%D9%86%D8%B8%D9%8A%D9%85-%D8%AC%D9%87%D8%A7%D8%B2-%D9%85%D8%B3%D8%AA%D9%82%D8%A8%D9%84-%D9%85%D8%B5%D8%B1-%D9%84%D9%84%D8%AA%D9%86%D9%85%D9%8A%D8%A9-%D8%A7%D9%84%D9%85%D8%B3%D8%AA%D8%AF%D8%A7%D9%85%D8%A9
google_news,general,https://arabic.cnn.com/middle-east/article/2026/07/06/egypt-the-egyptian-pound-and-the-us-dollar-improve-foreign-currency-reserves,مصر: الجنيه يواصل التعافي مقابل الدولار مع تحسن موارد النقد,,2026-07-06 14:55:52+00:00,تراجع سعر صرف الدولار إلى أقل من 49 جنيهًا في البنوك المصرية، مدعومًا بتحسن تدفقات النقد الأجنبي، مع استمرار نمو تحويلات المصريين العاملين بالخارج، وعودة جزء من استثمارات الأجانب في أدوات الدين الحكومية. بينما يرى خبراء مصرفيون أن استمرار هذا المسار سيظل مرتبطًا بعوامل خارجية، في مقدمتها التطورات الجيوسياسية وتدفقات رؤوس الأموال.,CNN Arabic,ar,566,"تراجع سعر صرف الدولار إلى أقل من 49 جنيهًا في البنوك المصرية، مدعومًا بتحسن تدفقات النقد الأجنبي، مع استمرار نمو تحويلات المصريين العاملين بالخارج، وعودة جزء من استثمارات الأجانب في أدوات الدين الحكومية. بينما يرى خبراء مصرفيون أن استمرار هذا المسار سيظل مرتبطًا بعوامل خارجية، في مقدمتها التطورات الجيوسياسية وتدفقات رؤوس الأموال وسجّل سعر صرف الدولار في أكبر بنكين حكوميين، البنك الأهلي المصري وبنك مصر، خلال تعاملات اليوم 48.82 جنيه للشراء و48.92 جنيه للبيع، مواصلًا تراجعه إلى ما دون مستوى 49 جنيهًا وقال الخبير المصرفي، محمد بدرة، إن ""تراجع سعر الدولار جاء بدعم من عدة عوامل، في مقدمتها استمرار ارتفاع تحويلات المصريين العاملين بالخارج، وعودة جزء من استثمارات الأجانب في أدوات الدين الحكومية، إلى جانب تحسن أداء قطاع السياحة، موضحًا أن هذه العوامل أسهمت في تعزيز قيمة الجنيه أمام الدولار"" وأضاف بدرة، في تصريحات خاصة ل بالعربية: ""هذا التحسن يرتبط بدرجة كبيرة بعوامل مؤقتة، من بينها انحسار التوترات الجيوسياسية، وهو ما من شأنه دعم عودة حركة الملاحة في قناة السويس وتحسين إيراداتها، فضلًا عن دعم النشاط السياحي وزيادة الاستثمارات العربية، خاصة في القطاع العقاري، معربًا عن أمله في استمرار هذه العوامل خلال الفترة المقبلة"" وتظهر بيانات البنك المركزي المصري استمرار نمو تحويلات المصريين العاملين بالخارج، إذ ارتفعت خلال الفترة من يوليو/تموز إلى أبريل/نيسان من العام المالي 2025/2026 بنسبة 33.2% لتسجل نحو 39.2 مليار دولار، مقارنة بنحو 29.4 مليار دولار خلال الفترة نفسها من العام السابق، فيما ارتفعت خلال أبريل وحده بنسبة 44% لتصل إلى نحو 4.3 مليار دولار، مقابل ثلاثة مليارات دولار في الشهر نفسه من العام الماضي وتوقع بدرة أن يتحرك سعر الدولار خلال الفترة المقبلة بالقرب من مستوياته الحالية، مع احتمالات تراجع محدود قد يدفعه إلى نحو 48 جنيهًا، لافتًا أن استقرار الأوضاع الجيوسياسية وعودة التدفقات الاستثمارية سيظلان من أبرز العوامل المؤثرة في سوق الصرف ودعا إلى استغلال التدفقات الدولارية، خاصة تحويلات المصريين العاملين بالخارج، في تمويل استثمارات إنتاجية طويلة الأجل، بدلًا من توجيهها بشكل أساسي إلى أدوات الدين الحكومية، لا سيما أن طرح مشروعات صناعية واستثمارية جاذبة يمكن أن يسهم في توظيف هذه الأموال بما يدعم النمو الاقتصادي ويعزز استدامة موارد النقد الأجنبي من جانبه، قال الخبير المصرفي هاني أبو الفتوح إن تراجع سعر الدولار إلى أقل من 49 جنيهًا يعود إلى تحسن المعروض من النقد الأجنبي، مدفوعًا بارتفاع تحويلات المصريين العاملين بالخارج، وتحسن إيرادات قناة السويس، إلى جانب عودة استثمارات الأجانب في أدوات الدين الحكومية عقب انحسار التوترات الجيوسياسية، وهو ما عزز جاذبية السوق المصرية أمام المستثمرين وأضاف أبو الفتوح، في تصريحات خاصة ل بالعربية، أن هذا التحسن لا يعكس في تقديره استقرارًا مستدامًا في سوق الصرف، لأنه يرتبط في الأساس بعوامل خارجية، في ظل استمرار الاعتماد على الواردات، بالتوازي مع جهود تستهدف تعميق الصناعة المحلية ورفع مساهمة المكون المحلي في الإنتاج وجاء ذلك بالتزامن مع استمرار تباطؤ الضغوط التضخمية، إذ أظهرت بيانات الجهاز المركزي للتعبئة العامة والإحصاء تراجع معدل التضخم السنوي في المدن إلى 14.6% خلال مايو/أيار 2026، مقابل 14.9% في أبريل، بينما استقر معدل التضخم الأساسي، وفق بيانات البنك المركزي المصري، عند 13.8% للشهر الثاني على التوالي، وهو ما عزز توقعات باستقرار الأوضاع النقدية ودعم سوق الصرف وتشير بيانات البنك المركزي المصري أن صافي الاحتياطيات الدولية ارتفع إلى 53.134 مليار دولار بنهاية مايو 2026، وهو أعلى مستوى تسجله الاحتياطيات الأجنبية، بما يدعم قدرة البلاد على الوفاء بالتزاماتها الخارجية وتعزيز استقرار سوق النقد ورجح أبو الفتوح أن يتحرك سعر الدولار خلال النصف الثاني من العام داخل نطاقه الحالي، صعودًا أو هبوطًا بفوارق محدودة، موضحًا أنه لا يتبنى توقعات بانخفاضات كبيرة في سعر الصرف، نظرًا لاستمرار تأثره بعوامل خارجية يصعب التنبؤ بمسارها.",2026-07-07T09:48:36.179577+00:00,
google_news,general,https://arab.dailyforex.com/forex-technical-analysis/2026/07/%D8%B3%D8%B9%D8%B1-%D8%B5%D8%B1%D9%81-%D8%A7%D9%84%D8%AF%D9%88%D9%84%D8%A7%D8%B1-%D9%85%D9%82%D8%A7%D8%A8%D9%84-%D8%A7%D9%84%D8%AC%D9%86%D9%8A%D9%87-%D8%A7%D9%84%D9%85%D8%B5%D8%B1%D9%8A-usdegp-%D8%A5%D9%84%D9%89-%D8%A3%D9%8A%D9%86-%D9%8A%D8%AA%D8%AC%D9%87-%D8%B3%D8%B9%D8%B1-%D8%B5%D8%B1%D9%81-%D8%A7%D9%84%D8%AF%D9%88%D9%84%D8%A7%D8%B1-%D9%85%D9%82%D8%A7%D8%A8%D9%84-%D8%A7%D9%84%D8%AC%D9%86%D9%8A%D9%87-%D8%A7%D9%84%D9%85%D8%B5%D8%B1%D9%8A-%D8%A8%D8%B9%D8%AF-%D8%AA%D8%B1%D8%A7%D8%AC%D8%B9%D9%87-%D8%AF%D9%88%D9%86-49-%D8%AC%D9%86%D9%8A%D9%87%D8%A7/247318,سعر صرف الدولار مقابل الجنيه المصري (USD/EGP),,2026-07-07 07:21:16+00:00,شهد سعر صرف الدولار مقابل الجنيه المصري تراجع جديد خلال تعاملات الاثنين، ليستقر دون مستوى 49 جنيهًا في عدد من البنوك للمرة الأولى منذ مارس الماضي، مع استمرار...,DailyForex,ar-AE,378,شهد سعر صرف الدولار مقابل الجنيه المصري تراجع جديد خلال تعاملات الاثنين، ليستقر دون مستوى 49 جنيهًا في عدد من البنوك للمرة الأولى منذ مارس الماضي، مع استمرار الجنيه في تحقيق مكاسب خلال يوليو بعد ارتفاعه بنسبة 5.8% أمام الدولار خلال يونيو. كما اختتم الجنيه عام 2025 على ارتفاع بلغ 6.7% أمام الدولار منذ بداية العام الماضي، بدعم من زيادة تحويلات المصريين العاملين بالخارج واستعادة السيولة في القطاع المصرفي. وجاء ذلك بالتزامن مع إعلان التوصل إلى اتفاق على مستوى الخبراء بين مصر وصندوق النقد الدولي بشأن مراجعة بعض التسهيلات، وهو ما قد يتيح تمويلًا بقيمة 1.64 مليار دولار. إلى أين قد يتجه سعر صرف الدولار مقابل الجنيه المصري خلال الفترة المقبلة؟ قد يستمر تحرك سعر صرف الدولار مقابل الجنيه المصري بالقرب من مستوياته الحالية، مع احتمالات تراجع محدود إلى نحو 48 جنيهًا إذا استمرت التدفق وتحسنت الأوضاع الجيوسياسية. كما رجحت تقديرات أخرى أن يتحرك الدولار خلال النصف الثاني من عام 2026 داخل نطاقه الحالي صعودًا أو هبوطًا بفوارق محدودة، مع استمرار ارتباط السوق بالتطورات الجيوسياسية وتدفق رؤوس الأموال. وسجل أعلى سعر للدولار في أربعة بنوك رئيسية عند 48.95 جنيهًا للشراء و49.05 جنيهًا للبيع في البنك الأهلي الكويتي، يليه مصرف أبوظبي الإسلامي عند 48.94 جنيهًا للشراء و49.04 جنيهًا للبيع. بينما بلغ السعر في البنك الأهلي المصري وبنك مصر 48.82 جنيهًا للشراء و48.92 جنيهًا للبيع، وسجل البنك المركزي المصري 48.88 جنيهًا للشراء و48.98 جنيهًا للبيع. وبلغ أعلى سعر شراء بين البنوك الرئيسية 48.95 جنيهًا، وأدنى سعر شراء 48.80 جنيهًا في عدد من البنوك، وعلى الجانب الآخر يمكن التعرف على أفضل شركات التداول القوية في مصر للمزيد. ماذا تشير التقديرات الخاصة بالسياسة النقدية والاحتياطيات؟ توقعت استطلاعات لخبراء الاقتصاد تثبيت البنك المركزي المصري أسعار الفائدة للمرة الثالثة على التوالي، مع بقاء سعر عائد الإيداع لليلة واحدة عند 19% والإقراض عند 20%، بينما رجحت بعض التقديرات الفنية خفض نسبة الاحتياطي الإلزامي إلى ما بين 12% و14% بعد خفضها في فبراير من 18% إلى 16%. وفي المقابل، ارتفع صافي الاحتياطيات الدولية إلى 53.134 مليار دولار بنهاية مايو 2026 مقارنة مع 53.009 مليار دولار في أبريل، بزيادة 125 مليون دولار، وهو أعلى مستوى في تاريخ البلاد. وأضاف البنك المركزي 3 آلاف أونصة ذهب لتصل الاحتياطيات إلى 4.167 مليون أونصة الذهب ، بينما انخفضت قيمة احتياطي الذهب إلى 18.77 مليار دولار بعد تراجعها 425 مليون دولار، في حين ارتفعت أرصدة العملات الأجنبية بنحو 656 مليون دولار.,2026-07-07T09:48:36.316790+00:00,
google_news,general,https://almalnews.com/2123242/%D8%B3%D8%B9%D8%B1-%D8%A7%D9%84%D8%AF%D9%88%D9%84%D8%A7%D8%B1-%D8%A7%D9%84%D9%8A%D9%88%D9%85-%D8%A7%D9%84%D8%AB%D9%84%D8%A7%D8%AB%D8%A7%D8%A1-7-7-2026/,سعر الدولار اليوم الثلاثاء 7-7-2026 أمام الجنيه بمطلع التعاملات -جريدة المال,,2026-07-07 06:56:15+00:00,تأرجح سعر الدولار اليوم الثلاثاء 7-7-2026 أمام الجنيه في بداية التعاملات بأغلب البنوك العاملة في السوق المصرفية المصرية.,جريدة المال,ar,467,غلبت حالة من التأرجح على سعر الدولار اليوم الثلاثاء 7-7-2026 أمام الجنيه في بداية التعاملات بأغلب البنوك العاملة في السوق المصرفية المصرية. وأشار تقرير صادر عن وكالة «فيتش» للتصنيفات الائتمانية إلى أن مرونة سعر الصرف في مصر لعبت دورًا محوريا في امتصاص تداعيات التدفقات الخارجة من رءوس الأموال الأجنبية، مما أسهم في دعم مصداقية السياسات الاقتصادية، والحد من تأثيرات التوترات المرتبطة بالحرب بين إيران وأمريكا وإسرائيل على التصنيف السيادي لمصر عند مستوى «B» مع نظرة مستقرة. وتوقع معهد التمويل الدولي تراجع الدين الحكومي إلى 82% من الناتج المحلي الإجمالي في 2027/2026، مقابل 85.3% في 2026/2025 و86.8% في 2025/2024، مقارنة مع مستوى 90.9% في 2023/2024. كما رجح بحسب تقرير حديث، تحسن عجز الموازنة إلى 4.9% من الناتج المحلي الإجمالي خلال 2027/2026، مقابل 6.1% في العام السابق. وفي الوقت نفسه، توقع المعهد تحقيق فائض أولي يبلغ 5.3% من الناتج المحلي الإجمالي، ارتفاعًا من 4% في 2025/2026. وتوقع معهد التمويل الدولي أن يشهد الاقتصاد المصري تباطؤًا طفيفًا في وتيرة النمو خلال العام المالي 2027/2026، بالتزامن مع استمرار تراجع معدلات التضخم والدين الحكومي وتحسن أوضاع الاحتياطيات الأجنبية وتدفقات رءوس الأموال. وفي تقرير حديث، رجح المعهد نمو الناتج المحلي الإجمالي الحقيقي لمصر بنسبة 3.5% خلال العام المالي 2027/2026، مقارنة مع نحو 4.1% متوقعة في 2026/2025 و4.4% في 2025/2024، بينما يظل أعلى من معدل النمو البالغ 2.4% المسجل في 2024/2023. سعر الدولار في البنوك اليوم سعر الدولار في بنك أبوظبي الإسلامي وصل سعر الشراء إلى 48.94 جنيه، وسجل سعر البيع 49.04 جنيه. سعر الدولار في البنك الأهلي الكويتي بلغ سعر الشراء 48.84 جنيه، في حين وصل سعر البيع إلى 48.94 جنيه. سعر الدولار في بنك الشركة المصرفية العربية الدولية بلغ سعر الشراء 48.84 جنيه، في حين وصل سعر البيع إلى 48.94 جنيه. سعر الدولار في البنك التجاري الدولي جاء سعر الشراء بنحو 48.82 جنيه، بينما سجل سعر البيع 48.92 جنيه. سعر الدولار في بنك الإسكندرية وصل سعر الشراء إلى 48.82 جنيه، وسجل سعر البيع 48.92 جنيه. سعر الدولار في بنك قناة السويس سجل سعر الشراء 48.82 جنيه، بينما بلغ سعر البيع 48.92 جنيه. سعر الدولار في البنك الأهلي المصري استقر سعر الشراء عند 48.82 جنيه، وبلغ سعر البيع 48.92 جنيه. سعر الدولار في بنك نكست بلغ سعر الشراء 48.82 جنيه، في حين وصل سعر البيع إلى 48.92 جنيه. سعر الدولار في بنك مصر سجل سعر الشراء 48.82 جنيه، بينما بلغ سعر البيع 48.92 جنيه. سعر الدولار في البنك المصري الخليجي سجل سعر الشراء 48.82 جنيه، بينما بلغ سعر البيع 48.92 جنيه. سعر الدولار في ميد بنك جاء سعر الشراء بنحو 48.82 جنيه، بينما سجل سعر البيع 48.92 جنيه. سعر الدولار في البنك العقاري المصري العربي وصل سعر الشراء إلى 48.82 جنيه، وسجل سعر البيع 48.92 جنيه. سعر الدولار في المصرف العربي بلغ سعر الشراء 48.81 جنيه، في حين وصل سعر البيع إلى 48.91 جنيه. سعر الدولار في بنك بيت التمويل الكويتي جاء سعر الشراء بنحو 48.81 جنيه، بينما سجل سعر البيع 48.91 جنيه.,2026-07-07T09:48:37.006029+00:00,
google_news,general,https://www.youm7.com/story/2026/7/7/%D8%AE%D8%A8%D9%8A%D8%B1-%D8%A7%D9%84%D9%88%D8%B5%D9%88%D9%84-%D8%A8%D8%B5%D8%A7%D8%AF%D8%B1%D8%A7%D8%AA-%D9%85%D8%B5%D8%B1-%D8%A5%D9%84%D9%89-100-%D9%85%D9%84%D9%8A%D8%A7%D8%B1-%D8%AF%D9%88%D9%84%D8%A7%D8%B1-%D9%8A%D8%AA%D8%B7%D9%84%D8%A8-%D8%B5%D9%86%D8%A7%D8%B9%D8%A9/7473584,خبير: الوصول بصادرات مصر إلى 100 مليار دولار يتطلب صناعة تنافسية - اليوم السابع,كتب سمير حسنى,2026-07-07 07:16:00+00:00,قال محمد الشوادفي إن تحقيق مستهدف وصول الصادرات المصرية إلى 100 مليار دولار سنويا يرتبط ببناء صناعة تنافسية تعتمد على المعرفة، وتطوير البنية اللوجستية، والالتزام بجداول زمنية واضحة لتنفيذ الخطط..,اليوم السابع,ar,241,قال محمد الشوادفي، أستاذ الاستثمار وإدارة الأعمال، إن تحقيق مستهدف الدولة برفع الصادرات غير البترولية إلى 100 مليار دولار سنويا يتطلب جهودا كبيرة لبناء صناعة وطنية تنافسية، مشيرا إلى أن هذا الهدف يأتي امتدادا لمسار الإصلاح الاقتصادي وإعادة هيكلة الاقتصاد الوطني صناعة تنافسية تعتمد على المعرفة وأوضح فى تصريحات لبرنامج صباح الخير يا مصر، أن بناء قطاع صناعي قوي يستلزم الاعتماد على اقتصاد المعرفة، وتعزيز القدرة التنافسية في الأسواق الأفريقية والعربية والأوروبية، إلى جانب توفير مصادر الطاقة التقليدية والمتجددة، وتطوير منظومة الجمارك والموانئ، وتوسيع المناطق الصناعية لجذب الاستثمارات. وأضاف أن تحقيق هذا المستهدف يتطلب أيضا تعزيز الشراكات الاستراتيجية مع الدول الصناعية والتكتلات الاقتصادية الكبرى، بما يسهم في توطين الصناعات ونقل التكنولوجيا، مع دراسة احتياجات الأسواق الخارجية لإنتاج سلع تلبي الطلب العالمي. 3 أهداف رئيسية للصناعة وأشار إلى أن توطين الصناعة يحقق ثلاثة أهداف رئيسية، وهي إحلال الواردات وتقليل فاتورة الاستيراد، وزيادة الصادرات، ورفع نسبة المكون المحلي في المنتجات، بما يدعم الناتج المحلي الإجمالي ويوفر فرص عمل جديدة. ولفت إلى أن الاقتصاد العالمي لم يعد يعتمد على الاكتفاء الذاتي، وإنما على المزايا النسبية والتخصص، موضحا أن بعض الصناعات يمكن أن تقوم على التكامل بين عدة دول أو شركات، بينما تمتلك مصر القدرة على إنتاج صناعات متكاملة في قطاعات أخرى مثل الصناعات الزراعية. أهمية التوقيت الزمني وأكد أن ربط الخطط الاقتصادية بجداول زمنية محددة يعد أحد أهم عناصر النجاح، لأن الاقتصاد الحديث يعتمد على سرعة التنفيذ وإدارة الوقت، موضحا أن تحديد مراحل التنفيذ ومخرجات كل مرحلة يعزز القدرة على المنافسة وتحقيق المستهدفات الاقتصادية.,2026-07-07T09:48:38.050568+00:00,
google_news,general,https://arab.dailyforex.com/forex-technical-analysis/2026/07/%D8%A7%D9%84%D8%AA%D8%AD%D9%84%D9%8A%D9%84-%D8%A7%D9%84%D9%81%D9%86%D9%8A-%D9%84%D8%B3%D8%B9%D8%B1-%D8%B5%D8%B1%D9%81-%D8%A7%D9%84%D8%B1%D9%8A%D8%A7%D9%84-%D8%A7%D9%84%D8%B3%D8%B9%D9%88%D8%AF%D9%8A-%D8%A3%D9%85%D8%A7%D9%85-%D8%A7%D9%84%D8%AC%D9%86%D9%8A%D9%87-%D8%A7%D9%84%D9%85%D8%B5%D8%B1%D9%8A-%D8%A7%D9%84%D8%B1%D9%8A%D8%A7%D9%84-%D9%8A%D8%AA%D8%B1%D8%A7%D8%AC%D8%B9-%D8%A3%D9%85%D8%A7%D9%85-%D8%A7%D9%84%D8%AC%D9%86%D9%8A%D9%87-%D9%84%D8%A3%D8%AF%D9%86%D9%89-%D9%85%D8%B3%D8%AA%D9%88%D9%8A%D8%A7%D8%AA%D9%87-%D8%A7%D9%84%D9%8A%D9%88%D9%85%D9%8A%D8%A9-%D9%87%D9%84-%D9%8A%D9%88%D8%A7%D8%B5%D9%84-%D8%B2%D9%88%D8%AC-saregp-%D8%AE%D8%B3%D8%A7%D8%A6%D8%B1%D9%87-%D8%A3%D9%85-%D9%8A%D9%82%D8%AA%D8%B1%D8%A8-%D9%85%D9%86-%D8%A7%D8%B3%D8%AA%D8%B9%D8%A7%D8%AF%D8%A9-%D8%A7%D9%84%D8%AA%D9%88/247317,التحليل الفني لسعر صرف الريال السعودي أمام الجنيه المصري,,2026-07-07 07:12:26+00:00,هبط سعر الريال السعودي مقابل الجنيه المصري اليوم إلى 12.9953 جنيه، متراجعًا بنحو 0.0900 جنيه، أي ما يعادل 0.69%، مقارنة بالإغلاق السابق، إذ يعد هذا التراجع واحد,DailyForex,ar-AE,995,سعر الريال السعودي مقابل الجنيه المصري اليوم ينخفض إلى 12.9953 جنيه وسط ضغوط بيعية وترقب للمتغيرات الاقتصادية هبط سعر الريال السعودي مقابل الجنيه المصري اليوم إلى 12.9953 جنيه، متراجعًا بنحو 0.0900 جنيه، أي ما يعادل 0.69%، مقارنة بالإغلاق السابق، إذ يعد هذا التراجع واحد من أكبر التحركات اليومية التي شهدها زوج SAR/EGP خلال الفترة الأخيرة. كما يعكس هذا التراجع تنامي قوة الجنيه المصري خلال الجلسة مقابل الريال، بالتزامن مع هدوء نسبي في أسواق الصرف وترقب المستثمرين لبيانات اقتصادية قد تحدد اتجاه التداولات خلال الأيام المقبلة. وبالنسبة للباحثين عن سعر الريال السعودي اليوم أو سعر الريال السعودي مقابل الجنيه المصري، فإن التداولات الحالية تشير إلى تغير ملحوظ في الزخم مقارنة بالجلسات السابقة، بعدما اقترب الزوج من كسر حاجز 13.00 جنيه لأول مرة منذ فترة، وهو مستوى ينظر إليه المتعاملون باعتباره نقطة فنية ونفسية مهمة في تحديد المسار المقبل. نبذة سريعة: الاتجاه الحالي: هابط على المدى القصير مع زيادة الضغوط البيعية. العامل الأكثر تأثيرًا: تحسن أداء الجنيه المصري وغياب محفزات داعمة لارتفاع الزوج. المستوى الفني الأبرز: دعم عند 12.99 جنيه، بينما تمثل 13.08 جنيه أول مقاومة مهمة. حركة سعر SAR/EGP شهد زوج SAR/EGP جلسة اتسمت بسيطرة واضحة للبائعين، بعدما انخفض السعر من مستويات قريبة من 13.08 جنيه إلى 12.9953 جنيه عند الإغلاق، في حين سجل أدنى مستوى يومي عند 12.9943 جنيه. هذا النطاق، يشير إلى اتساع نسبي في التقلبات مقارنة بالجلسات السابقة، مع زيادة واضحة في وتيرة عمليات البيع. ورغم هذا التراجع، لا يزال سعر الريال السعودي مقابل الجنيه المصري يتحرك أعلى من أدنى مستوى خلال آخر 52 أسبوعًا عند 12.4367 جنيه؛ لكنه يبتعد بصورة أكبر عن القمة السنوية البالغة 14.6789 جنيه، وهو ما يؤكد أن الاتجاه العام فقد جزءًا من زخمه الصاعد خلال الأسابيع الأخيرة. بالحديث عن السلوك السعري للزوج، فإن كسر مستوى 13.00 جنيه خلال الجلسة، يعكس تغيرًا في توازن القوى داخل السوق، كما أن الإغلاق بالقرب من هذا المستوى، يشير أيضًا إلى محاولة المشترين الحد من الضغوط البيعية قبل نهاية التداولات. الأسباب والأخبار المؤثرة جاء تراجع سعر الريال السعودي مقابل الجنيه المصري اليوم في ظل استمرار تحسن المعنويات تجاه الجنيه المصري داخل سوق الصرف، مع متابعة المستثمرين لمؤشرات السيولة الأجنبية وحركة التدفقات النقدية، وهي عوامل أسهمت في تقليص الطلب على العملات الخليجية خلال الجلسة. في السياق ذاته، يواصل المتعاملون مراقبة التطورات المرتبطة بالسياسة النقدية في مصر، خاصة مع ترقب بيانات اقتصادية جديدة قد تؤثر في توقعات أسعار الفائدة خلال المرحلة المقبلة. ويؤدي أي تحسن في ثقة المستثمرين بالاقتصاد المحلي عادةً إلى دعم الجنيه المصري، وهو ما ينعكس مباشرة على حركة زوج SAR/EGP. على الصعيد الخارجي، فلا تزال الأسواق العالمية تترقب البيانات الأمريكية المتعلقة بسوق العمل والتضخم، لما لها من تأثير في قوة الدولار، وبحكم ارتباط الريال السعودي بالدولار الأمريكي، فإن أي تغير في توقعات السياسة النقدية الأمريكية قد يؤثر بصورة غير مباشرة في أداء الريال أمام العملات الأخرى، بما فيها الجنيه المصري. في مقابل ذلك، لم تظهر خلال الجلسة مستجدات استثنائية تخص الاقتصاد السعودي، لذلك بقيت حركة الزوج مدفوعة بصورة أكبر بالعوامل المحلية المرتبطة بالجنيه المصري أكثر من ارتباطها بتغيرات في قيمة الريال نفسه. التحليل الفني لزوج SAR/EGP على الصعيد الفني، تعرض زوج SAR/EGP لضغوط بيعية دفعت السعر إلى الاقتراب من مستوى 12.99 جنيه، وهو دعم محوري يكتسب أهمية كبيرة بعد نجاحه في إيقاف الهبوط خلال الجلسة الحالية. كما ويشير كسر مستوى 13.00 جنيه أثناء التداول إلى ضعف الزخم الشرائي على المدى القصير، علاوة على أن الإغلاق بالقرب من هذا الحاجز، يبقي احتمالات الارتداد الفني قائمة، خاصة إذا ظهرت قوة شرائية جديدة خلال الجلسات المقبلة. في ضوء ذلك، تتمركز أول مقاومة عند 13.08 جنيه، وهي قمة التداولات اليومية، بينما قد يؤدي تجاوزها إلى تحسين الصورة الفنية وفتح الطريق أمام إعادة اختبار منطقة 13.15 جنيه. أما إذا فقد السعر مستوى 12.99 جنيه بإغلاق يومي واضح، فقد تمتد الحركة التصحيحية نحو 12.90 جنيه، مع بقاء الاتجاه قصير الأجل مائلًا إلى السلبية، ما لم يستعد الزوج التداول فوق مستويات المقاومة القريبة. في المجمل: تميل القراءة الفنية التحليلية إلى الحذر، إذ لا تزال الضغوط البيعية هي المسيطرة، لكن اقتراب السعر من منطقة دعم قوية قد يزيد احتمالات حدوث ارتداد فني إذا تحسنت شهية الشراء. السيناريوهات سيناريو الصعود إذا تمكن الزوج من العودة أعلى 13.08 جنيه بإغلاق يومي مدعوم بزيادة في السيولة، فقد يستهدف مستوى 13.15 جنيه، مع تحسن تدريجي في الزخم الشرائي. سيناريو الهبوط في حال كسر مستوى 12.99 جنيه بصورة واضحة، فقد تمتد الخسائر نحو 12.90 جنيه، خاصة إذا استمرت قوة الجنيه المصري خلال الجلسات المقبلة. سيناريو الاستقرار قد يتحرك الزوج داخل نطاق يتراوح بين 12.99 و13.08 جنيه؛ لحين ظهور بيانات اقتصادية جديدة تمنح السوق اتجاهًا أكثر وضوحًا. ماذا يعني هذا لك عزيزي القارئ؟ إذا كنت تتابع سعر الريال السعودي اليوم بغرض تحويل الأموال بين السعودية ومصر، فإن التراجع الحالي قد ينعكس على قيمة التحويلات المقومة بالريال، وهو ما قد يمثل فرصة أفضل للمحولين من الجنيه إلى الريال، بينما يتطلب من المتعاملين متابعة تطورات السوق قبل تنفيذ التحويلات الكبيرة. أما بالنسبة للمتداولين، فإن التحرك قرب مستوى 12.99 جنيه، يجعل هذه المنطقة محورًا مهمًا لاتخاذ القرار، إذ إن صمودها قد يدعم ارتدادًا فنيًا، بينما قد يؤدي كسرها إلى استمرار الضغوط البيعية على المدى القصير، كما ويمكن التعرف على أفضل الشركات في التداول باحترافية بمصر للمزيد. الأسئلة الشائعة لماذا انخفض سعر الريال السعودي مقابل الجنيه المصري اليوم؟ يرتبط التراجع بزيادة قوة الجنيه المصري خلال الجلسة، إلى جانب غياب عوامل جديدة تدعم ارتفاع زوج SAR/EGP. هل يواصل الريال السعودي الهبوط أمام الجنيه المصري؟ يعتمد ذلك على قدرة السعر على الحفاظ على مستوى 12.99 جنيه، إذ إن كسره قد يفتح المجال لمزيد من التراجع، بينما قد يؤدي الصمود فوقه إلى ارتداد فني. ما أهم المستويات التي ينبغي مراقبتها في زوج SAR/EGP؟ يمثل 12.99 جنيه أهم مستوى دعم حاليًا، في حين تعد 13.08 جنيه أول مقاومة قد تحدد اتجاه الحركة القادمة. الخلاصة: يتحرك سعر الريال السعودي مقابل الجنيه المصري اليوم تحت تأثير ضغوط بيعية واضحة، بعدما فقد جزءًا من مكاسبه ليستقر دون حاجز 13.00 جنيه. وعلى الرغم من ذلك، فإن اقتراب الزوج من منطقة دعم محورية، قد يمنح السوق فرصة لإعادة التوازن إذا ظهرت محفزات داعمة خلال الجلسات المقبلة. يبقى مسار SAR/EGP مرهونًا بتطورات البيانات الاقتصادية المحلية والعالمية، إلى جانب حركة السيولة في سوق الصرف. لذلك، ينبغي التعامل مع التوقعات بحذر، مع متابعة مستويات الدعم والمقاومة باعتبارها المرجع الأهم لتحديد الاتجاه التالي.,2026-07-07T09:48:37.607065+00:00,
google_news,general,https://www.youm7.com/story/2026/7/6/%D8%A8%D9%84%D8%A7%D9%84-%D8%B4%D8%B9%D9%8A%D8%A8-%D8%A7%D9%84%D8%A7%D8%AD%D8%AA%D9%8A%D8%A7%D8%B7%D9%8A-%D8%A7%D9%84%D9%86%D9%82%D8%AF%D9%8A-%D9%82%D9%81%D8%B2-%D8%A5%D9%84%D9%89-53-%D9%85%D9%84%D9%8A%D8%A7%D8%B1-%D8%AF%D9%88%D9%84%D8%A7%D8%B1-%D8%A8%D9%81%D8%B6%D9%84/7473349,بلال شعيب: الاحتياطي النقدي قفز إلى 53 مليار دولار بفضل الخطوات الاستباقية - اليوم السابع,محمد شرقاوي,2026-07-06 17:54:00+00:00,"أكد الدكتور بلال شعيب، الخبير الاقتصادي، أن الاقتصاد المصري نجح في الخروج من ""عنق الزجاجة"" بفضل مجموعة من الإجراءات والخطوات الاستباقية التي اتخذتها الدولة منذ عام 2016..",اليوم السابع,ar,394,"الدكتور بلال شعيب، الخبير الاقتصادي ، أن الاقتصاد المصري نجح في الخروج من ""عنق الزجاجة"" بفضل مجموعة من الإجراءات والخطوات الاستباقية التي اتخذتها الدولة منذ عام 2016، وتكثفت في عام 2020 لمواجهة التحديات العالمية. وأشار ""شعيب"" خلال لقائه ببرنامج ""الحياة اليوم"" إلى أن مؤشر البطالة شهد انخفاضاً تاريخياً من 13.5% في عام 2015 ليصل إلى 6.2% حالياً، وهو ما يعكس قوة وحيوية سوق العمل المصري في ظل الأزمات الجيوسياسية المحيطة. استقرار الجنيه وتراجع الدولار وحول أزمة النقد الأجنبي، أوضح الخبير الاقتصادي أن تحول الدولة إلى سياسة ""سعر الصرف المرن"" في مارس الماضي كان نقطة فاصلة، حيث قضى تماماً على السوق الموازية (السوق السوداء) ووحد سعر الصرف داخل الجهاز المصرفي. وأشار إلى أن انخفاض سعر الدولار مؤخراً إلى ما دون ال 49 جنيهاً هو ترجمة حقيقية لاستدامة موارد النقد الأجنبي وزيادة تدفقات الاستثمار الأجنبي المباشر، مؤكداً أن الاحتياطي النقدي قفز من أدنى مستوياته (13 مليار دولار) ليصل إلى 53 مليار دولار حالياً. التحول للدعم النقدي لضمان العدالة وفيما يخص منظومة الدعم، أكد د. بلال شعيب أن الدولة جادة في التحول من الدعم العيني إلى الدعم النقدي لضمان وصوله إلى مستحقيه الفعليين. وكشف أن المنظومة العينية الحالية تشهد تسرباً للدعم بنسبة لا تقل عن 30%، بينما يوفر التحول الرقمي وقواعد البيانات الدقيقة (التي تشمل من 50 إلى 55 مليون مواطن لديهم حسابات مصرفية) ضمانة قوية لوصول الأموال لمستحقيها، مشدداً على أن ميزانية دعم السلع التموينية زادت بنسبة 12% لتصل إلى 178 مليار جنيه في الموازنة الجديدة، ما ينفي تماماً فكرة تقليص الدعم. توطين الصناعة والقيمة المضافة وتطرق ""شعيب"" إلى أهمية الاستراتيجية الوطنية للصناعة وتوطينها، مشيداً بالتوجه نحو ""القيمة المضافة"". وضرب مثالاً ب ""الرمل الزجاجي"" الذي كان يُصدر كمادة خام ثم يُعاد استيراده كمنتج نهائي، أما الآن فالدولة تعمل على تصنيعه محلياً لتعظيم العائد المادي وتوفير فرص عمل. كما أشار إلى الطفرة في القطاع الزراعي، حيث تمت إضافة 3 ملايين فدان للرقعة الزراعية خلال عامين فقط، مع مستهدف للوصول إلى 17 مليون فدان لتأمين احتياجات الشعب المصري من الغذاء. غزو الأسواق الأفريقية وتحقيق فائض تجاري واختتم الخبير الاقتصادي حديثه بالإشارة إلى الفرص الواعدة في السوق الأفريقية، موضحاً أن حجم التبادل التجاري بين مصر والدول الأفريقية وصل إلى 9.9 مليار دولار، منها 8 مليارات دولار صادرات مصرية مقابل 2 مليار دولار فقط واردات. وأكد أن مصر تمتلك مزايا تنافسية كبرى، خاصة في قطاع المنسوجات والملابس الجاهزة الذي يصدر ب 4 مليارات دولار سنوياً، مشدداً على ضرورة استغلال الاتفاقيات الدولية مثل ""الكوميسا"" لزيادة حصة مصر في الكعكة العالمية للأسواق.",2026-07-07T09:48:38.735736+00:00,
google_news,general,https://www.youm7.com/story/2026/7/6/%D8%A3%D8%B3%D8%AA%D8%A7%D8%B0-%D8%AA%D9%85%D9%88%D9%8A%D9%84-%D8%AA%D9%85%D9%83%D9%8A%D9%86-%D8%A7%D9%84%D9%82%D8%B7%D8%A7%D8%B9-%D8%A7%D9%84%D8%AE%D8%A7%D8%B5-%D8%B1%D9%83%D9%8A%D8%B2%D8%A9-%D8%A3%D8%B3%D8%A7%D8%B3%D9%8A%D8%A9-%D9%84%D8%AA%D8%AD%D9%82%D9%8A%D9%82-%D8%A7%D9%84%D8%AA%D9%86%D9%85%D9%8A%D8%A9/7473279,أستاذ تمويل: تمكين القطاع الخاص ركيزة أساسية لتحقيق التنمية - اليوم السابع,كتب محمد عبد المجيد,2026-07-06 16:38:00+00:00,أكد الدكتور هشام إبراهيم، أستاذ التمويل والاستثمار، أن توجيهات الرئيس عبد الفتاح السيسي بشأن توطين الصناعة، وجذب الاستثمارات، وإزالة العقبات أمام المستثمرين، تأتي في إطار,اليوم السابع,ar,317,الدكتور هشام إبراهيم ، أستاذ التمويل والاستثمار، أن توجيهات الرئيس عبد الفتاح السيسي بشأن توطين الصناعة، وجذب الاستثمارات، وإزالة العقبات أمام المستثمرين، تأتي في إطار تنفيذ استراتيجية الدولة المرتبطة بوثيقة سياسة ملكية الدولة وبرنامج الطروحات، والتي تستهدف أن يقود القطاع الخاص عملية التنمية الاقتصادية خلال المرحلة المقبلة. وأوضح أستاذ التمويل والاستثمار، خلال مداخلة هاتفية ببرنامج الساعة 6 المذاع عبر فضائية الحياة، أن الدولة تستهدف رفع مساهمة القطاع الخاص في الاستثمارات إلى ما يتجاوز ثلاثة أرباع إجمالي الاستثمارات، مشيراً إلى أن تقليص دور الاستثمارات العامة يهدف إلى إفساح المجال أمام القطاع الخاص لقيادة النمو الاقتصادي. تذليل العقبات وتعزيز المنافسة وأشار أستاذ التمويل والاستثمار إلى أن متابعة الرئيس المستمرة لهذا الملف تعكس حرص الدولة على التأكد من قدرة القطاع الخاص على تحمل مسؤولية التنمية، مع إزالة أي عقبات قد تواجه المستثمرين، سواء كانت صادرة عن الجهات الحكومية أو الجهاز الإداري للدولة أو حتى عن القطاع الخاص نفسه. وأضاف أن وجود مناخ تنافسي عادل يمثل أحد أهم عناصر نجاح الاستثمار، لافتاً إلى أن بعض التحديات قد تنشأ من داخل القطاع الخاص، وهو ما يتطلب ضمان المنافسة السليمة بين الشركات. التحديات الاستثمارية تتجدد باستمرار وأوضح هشام إبراهيم أن القضاء على جميع العقبات أمام المستثمرين بشكل كامل أمر غير واقعي، ليس في مصر فقط وإنما في مختلف دول العالم، لأن احتياجات مجتمع الأعمال تتغير باستمرار مع اشتداد المنافسة الإقليمية والدولية على جذب الاستثمارات. وأكد أن التحدي الحقيقي يتمثل في سرعة استجابة الحكومة لمتطلبات المستثمرين، ومواصلة تبسيط الإجراءات بوتيرة أسرع من الدول المنافسة، بما يعزز من جاذبية الاقتصاد المصري. جذب الاستثمارات مؤشر رئيسي للنجاح ولفت إلى أن نجاح الدولة في جذب الاستثمارات الأجنبية يمثل أحد أهم مؤشرات تحقيق أهدافها الاقتصادية، مشيراً إلى أن مصر حافظت خلال السنوات الأخيرة على مكانتها كأكثر الدول جذباً للاستثمار في القارة الأفريقية. وأضاف أن الاقتصاد المصري تمكن، رغم التوترات الجيوسياسية العالمية خلال العامين الماضيين، من جذب استثمارات ضخمة ومشروعات كبرى، مؤكداً أن تحسن الأوضاع الإقليمية وعودة الاستقرار يهيئان الفرصة أمام مصر لزيادة معدلات جذب الاستثمارات خلال الفترة المقبلة.,2026-07-07T09:48:39.274071+00:00,
google_news,general,http://www.sada-elarab.com/812052,الهيئة العامة للاستثمار تستعرض مقومات الاقتصاد المصري ضمن فعاليات ملتقى الأعمال المصري البلجيكي,,2026-07-06 18:43:00+00:00,● الدكتور محمد عوض: ▪️︎ مصر تواصل تعزيز مكانتها كإحدى أهم وجهات الاستثمار في المنطقة ▪️︎ الموقع الاستراتيجي والبنية التحتية الحديثة والسوق المحلية الكبيرة عناصر رئيسية لجذب الاستثمارات ▪️︎ مصر ...,صدى العرب,,688,"● الدكتور محمد عوض: ▪️︎ مصر تواصل تعزيز مكانتها كإحدى أهم وجهات الاستثمار في المنطقة ▪️︎ الموقع الاستراتيجي والبنية التحتية الحديثة والسوق المحلية الكبيرة عناصر رئيسية لجذب الاستثمارات ▪️︎ مصر الأولى إفريقيًا والثانية عربيًا في تدفقات الاستثمار الأجنبي المباشر خلال عام 2024 ▪️︎ الهيئة مستعدة لتحويل اهتمام الشركات البلجيكية إلى استثمارات ومشروعات فعلية في السوق المصري في إطار تنفيذ استراتيجية وزارة الاستثمار والتجارة الخارجية لتعزيز الترويج لمصر كوجهة جاذبة للاستثمار، وتنفيذًا لتوجيهات الدكتور محمد فريد، وزير الاستثمار والتجارة الخارجية، بتكثيف التواصل مع مجتمع الأعمال الدولي واستعراض الفرص الاستثمارية المتاحة، شارك الدكتور محمد عوض، الرئيس التنفيذي للهيئة العامة للاستثمار والمناطق الحرة، عبر تقنية الاتصال المرئي، في فعاليات ملتقى الأعمال المصري البلجيكي Business Connect Belgium–Egypt 2026، الذي عُقد بمقر وكالة Brussels Hub بالعاصمة البلجيكية بروكسل، ضمن برنامج زيارة وفد جمعية الأعمال المصرية البلجيكية إلى بلجيكا، والذي نُظم بالتنسيق بين مكتب التمثيل التجاري المصري في بروكسل، ووكالة Brussels Hub، والغرفة العربية البلجيكية اللوكسمبورجية (ABLCC) وشهد الملتقى مشاركة رؤساء ومديري وممثلي نحو 60 شركة ومؤسسة بلجيكية، من بينها BESIX، ووكالة ائتمان الصادرات البلجيكية Credendo، وشركات Belgium Gadot، وDSV Contract Logistics، وLogwin Air Ocean Belgium، إلى جانب عدد كبير من الشركات العاملة في مجالات التشييد والهندسة، والتصنيع، والطاقة، والخدمات اللوجستية، وسلاسل الإمداد، والتكنولوجيا، والاستثمار والخدمات المهنية، وذلك لاستعراض مقومات الاقتصاد المصري، ومزايا بيئة الاستثمار، والفرص الاستثمارية المتاحة، وبحث آفاق تعزيز التعاون التجاري والاستثماري بين البلدين. وأكد الدكتور محمد عوض أن العلاقات الاقتصادية والتجارية بين مصر وبلجيكا تشهد فرصًا واعدة لمزيد من التعاون، في ضوء ما تمتلكه مصر من سوق محلية كبيرة، وقاعدة إنتاجية متنوعة، وموقع جغرافي استراتيجي يربط بين أفريقيا وآسيا وأوروبا، بما يعزز مكانتها كمركز إقليمي للتصنيع والخدمات اللوجستية والتصدير. وأوضح أن الاقتصاد المصري يواصل تعزيز مكانته كإحدى الوجهات الاستثمارية الرئيسية في المنطقة، مدعومًا ببرامج الإصلاح الاقتصادي، وتطوير البنية التحتية، وتنوع القطاعات الإنتاجية والخدمية، بما يوفر فرصًا واسعة للمستثمرين في مجالات الصناعة، والطاقة، والخدمات اللوجستية، والزراعة، والاتصالات، والتكنولوجيا، والخدمات. وأشار الرئيس التنفيذي للهيئة إلى أن مصر حققت تقدمًا ملحوظًا في مؤشرات جذب الاستثمار الأجنبي المباشر، حيث احتلت المركز الأول على مستوى القارة الإفريقية كوجهة للاستثمار الأجنبي المباشر، وفقًا لتقارير مؤتمر الأمم المتحدة للتجارة والتنمية ""الأونكتاد""، كما جاءت في المركز الثاني عربيًا من حيث تدفقات الاستثمار الأجنبي المباشر خلال عام 2024. وأضاف أن الموقع الجغرافي الفريد لمصر، إلى جانب شبكة الموانئ والمطارات، وقناة السويس، يمنح المستثمرين فرصة للوصول إلى أسواق واسعة في أفريقيا والشرق الأوسط وأوروبا، خاصة في ظل ارتباط مصر بشبكة واسعة من اتفاقيات التجارة الحرة والتفضيلية، بما يجعلها منصة إقليمية للتصنيع والتصدير، وليس مجرد سوق محلية. وأكد الدكتور محمد عوض أن مصر تمثل شريكًا موثوقًا للمستثمرين في ظل المتغيرات الاقتصادية والجيوسياسية العالمية، مستندة إلى موقعها الاستراتيجي، وقاعدتها الصناعية المتنامية، وشبكة اتفاقياتها التجارية، فضلًا عن الشراكة الاستراتيجية والشاملة بين مصر والاتحاد الأوروبي، والتي تفتح آفاقًا أوسع للتعاون في مجالات الاستثمار، والتصنيع، والطاقة، والاستدامة، والرقمنة، وسلاسل القيمة. وأكد الرئيس التنفيذي للهيئة أن الهيئة العامة للاستثمار والمناطق الحرة تتبنى نهجًا استباقيًا في دعم المستثمرين، من خلال مرافقتهم في مختلف مراحل رحلتهم الاستثمارية، وتيسير الإجراءات، وتقديم خدمات متكاملة عبر منظومة الشباك الواحد، فضلًا عن التوسع في التحول الرقمي للخدمات الاستثمارية، بما يسهم في تحسين بيئة الأعمال وتعزيز تنافسية الاقتصاد المصري. واستعرض الدكتور محمد عوض عددًا من القطاعات ذات الأولوية للتعاون بين مصر وبلجيكا، وفي مقدمتها الطاقة الخضراء، والبنية التحتية، والخدمات اللوجستية والموانئ، والصناعات المتقدمة، والصناعات الدوائية والطبية، والزراعة المستدامة، وتكنولوجيا إدارة المياه، إلى جانب الخدمات الرقمية، والرعاية الصحية، والاقتصاد الدائري، وإدارة المخلفات، باعتبارها من المجالات الواعدة التي تحظى باهتمام متزايد من المستثمرين في البلدين. وأشار إلى أن الهيئة تتيح للمستثمرين التعرف على الفرص المتاحة من خلال خريطة الاستثمار الرقمية، التي تضم أكثر من 1300 فرصة استثمارية جاهزة في مختلف القطاعات والمحافظات، بما يساعد المستثمرين على اختيار المواقع والأنشطة الأكثر ملاءمة لخططهم الاستثمارية. كما استعرض الرئيس التنفيذي للهيئة مؤشرات العلاقات الاقتصادية بين مصر وبلجيكا، مؤكدًا أنها تمثل قاعدة قوية للبناء عليها خلال المرحلة المقبلة، بما يسهم في زيادة الاستثمارات البلجيكية، وتعزيز الصادرات المصرية، وتوسيع التعاون في القطاعات ذات الأولوية، بما يخدم المصالح الاقتصادية المشتركة للبلدين. واختتم الدكتور محمد عوض كلمته بالتأكيد على استعداد الهيئة العامة للاستثمار والمناطق الحرة لتنظيم لقاءات افتراضية وقطاعية متخصصة مع الشركات البلجيكية، وتحويل المناقشات التي شهدها ملتقى الأعمال إلى شراكات ومشروعات استثمارية ملموسة، بما يدعم توسع الاستثمارات البلجيكية في مصر، ويعزز مكانة السوق المصرية كوجهة جاذبة للاستثمار ومركز إقليمي للأعمال والإنتاج والتصدير.",2026-07-07T09:48:39.845340+00:00,
google_news,general,https://www.zawya.com/ar/%D8%A7%D9%84%D8%A8%D9%8A%D8%A7%D9%86%D8%A7%D8%AA-%D8%A7%D9%84%D8%B5%D8%AD%D9%81%D9%8A%D8%A9/%D8%A8%D8%AD%D9%88%D8%AB-%D9%88%D8%AF%D8%B1%D8%A7%D8%B3%D8%A7%D8%AA/22-117-iowjncr7,مجموعة لوريال تكشف عن دراسة الأثر الاجتماعي والاقتصادي في مصر: النتائج تظهر نمواً صناعياً محلياً، ودعم 22 ألف فرصة عمل، وتمكين تنموي لـ 117 ألف شخص - ZAWYA,,2026-07-07 08:02:52+00:00,مجموعة لوريال تكشف عن دراسة الأثر الاجتماعي والاقتصادي في مصر: النتائج تظهر نمواً صناعياً محلياً، ودعم 22 ألف فرصة عمل، وتمكين تنموي لـ 117 ألف شخص&nbsp;&nbsp;ZAWYA,ZAWYA,ar,,,2026-07-07T09:48:39.290410+00:00,Extraction failed: Failed to fetch: 403 Client Error: Forbidden for url: https://www.zawya.com/ar/%D8%A7%D9%84%D8%A8%D9%8A%D8%A7%D9%86%D8%A7%D8%AA-%D8%A7%D9%84%D8%B5%D8%AD%D9%81%D9%8A%D8%A9/%D8%A8%D8%AD%D9%88%D8%AB-%D9%88%D8%AF%D8%B1%D8%A7%D8%B3%D8%A7%D8%AA/22-117-iowjncr7
google_news,general,https://www.elbalad.news/7029773,أمين سر صناعة النواب: توجيهات الرئيس تؤسس لمرحلة جديدة من التصنيع المحلي,,2026-07-07 07:42:00+00:00,ثمن النائب مصطفى البهي، أمين سر لجنة الصناعة بمجلس النواب، التوجيهات الصادرة عن الرئيس عبد الفتاح السيسي، بشأن متابعة تنفيذ الاستراتيجية الصناعية الوطنية.,صدى البلد,ar-eg,324,"ثمن النائب مصطفى البهي، أمين سر لجنة الصناعة بمجلس النواب، التوجيهات الصادرة عن الرئيس عبد الفتاح السيسي، خلال اجتماعه أمس مع الدكتور مصطفى مدبولي رئيس مجلس الوزراء، والمهندس خالد هاشم وزير الصناعة ، بشأن متابعة تنفيذ الاستراتيجية الصناعية الوطنية 2026 – 2030، وما تضمنته من تأكيد على توطين الصناعة وتعميق التصنيع المحلي وتعزيز الصادرات ورفع تنافسية الاقتصاد الوطني. وأكد البهي في تصريحات له اليوم، أن ما تضمنه الاجتماع يعكس رؤية استراتيجية واضحة تقودها القيادة السياسية لترسيخ مكانة مصر كمركز صناعي إقليمي قادر على الاندماج في سلاسل الإنتاج العالمية وزيادة القيمة المضافة للاقتصاد المصري، مشيراً إلى أن التوجيهات الرئاسية الخاصة بربط البرامج التنفيذية بجداول زمنية محددة، وتعزيز دور القطاع الخاص، وتذليل العقبات أمام المستثمرين، تمثل رسالة واضحة بأن المرحلة المقبلة هي مرحلة التنفيذ وتسريع معدلات الإنجاز. بناء قاعدة صناعية متكاملة قادرة على المنافسة الإقليمية وأوضح أمين سر لجنة الصناعة أن التوجيهات الرئاسية المتعلقة بتوطين صناعة السيارات ومكوناتها، والتوسع في الصناعات المغذية، وتعميق التصنيع المحلي، تتوافق مع العديد من المناقشات والتوصيات التي شهدتها لجنة الصناعة بمجلس النواب خلال الفترة الماضية، والتي أكدت أهمية بناء قاعدة صناعية متكاملة قادرة على المنافسة الإقليمية والدولية وتقليل الاعتماد على الواردات وتعزيز المكون المحلي. كما أشاد البهي باهتمام القيادة السياسية بالتوسع في إنتاج المركبات الكهربائية والتصنيع الأخضر والطاقة المتجددة، لاسيما مبادرة ""شمس الصناعة""، باعتبارها خطوة مهمة نحو رفع كفاءة الصناعة المصرية وتعزيز قدرتها التنافسية في الأسواق العالمية في ظل المتغيرات المرتبطة بالبصمة الكربونية ومتطلبات النفاذ للأسواق الدولية. وأشار إلى أن تأكيد الرئيس على أهمية التدريب المهني والرقمنة ودمج القطاع الخاص بصورة أوسع في عملية التصنيع يمثل أحد أهم محاور بناء الصناعة الحديثة، مؤكداً أن الاستثمار في العنصر البشري وتطوير المهارات الفنية أصبح ضرورة استراتيجية لضمان استدامة النمو الصناعي وجذب الاستثمارات النوعية ونقل التكنولوجيا المتقدمة. واختتم النائب مصطفى البهي تصريحاته ،بالتأكيد على أن مجلس النواب ولجنة الصناعة سيواصلان دعم الجهود الحكومية الرامية إلى تطوير البيئة التشريعية للصناعة وتحفيز الاستثمار والإنتاج، بما يواكب التوجيهات الرئاسية ويعزز مستهدفات الدولة نحو تحقيق التنمية الصناعية المستدامة وزيادة الصادرات وتعظيم مساهمة القطاع الصناعي في الناتج المحلي الإجمالي.",2026-07-07T09:48:40.168729+00:00,
google_news,general,https://www.albawabhnews.com/5382108,عبد الهادي: الإصلاح الاقتصادي بعد صندوق النقد يجب أن ينعكس على المواطن عبر الإنتاج والصادرات - البوابة نيوز,,2026-07-07 09:32:00+00:00,عبد الهادي: الإصلاح الاقتصادي بعد صندوق النقد يجب أن ينعكس على المواطن عبر الإنتاج والصادرات&nbsp;&nbsp;البوابة نيوز,البوابة نيوز,ar,,,2026-07-07T09:48:39.984245+00:00,Extraction failed: Failed to fetch: 403 Client Error: Forbidden for url: https://www.albawabhnews.com/5382108
google_news,general,https://economyplusme.com/177797/,خلال يونيو.. القطاع الخاص المصري غير النفطي ينكمش بأسرع وتيرة منذ يناير 2023 - Economy Plus,,2026-07-07 06:59:34+00:00,انكمش القطاع الخاص المصري غير المنتج للنفط خلال الشهر الماضي بأسرع وتيرة منذ يناير 2023، وسط تسجيل الطلبات الجديدة أكبر تراجع منذ أواخر عام,Economy Plus,ar,449,انكمش القطاع الخاص المصري غير المنتج للنفط خلال الشهر الماضي بأسرع وتيرة منذ يناير 2023، وسط تسجيل الطلبات الجديدة أكبر تراجع منذ أواخر عام 2022، بضغط من ضعف الطلب واستمرار اضطرابات سلاسل التوريد. تراجع مؤشر مديري المشتريات الرئيسي خلال يونيو من 47.1 نقطة في مايو إلى 46 نقطة ، وهي أدنى قراءة منذ يناير 2023، وبذلك واصل المؤشر الصادر عن مؤسسة ستاندرد آند بورز، تسجيل مستويات أقل من مستوى ال50 نقطة الفاصل بين النمو والانكماش، للشهر السادس على التوالي. تشير قراءة شهر يونيو لمؤشر مديري المشتريات في مصر إلى انكماش ملحوظ في ظروف الأعمال التجارية على مستوى الاقتصاد غير المنتج للنفط، كما تشير إلى انخفاض نمو الناتج المحلي الإجمالي السنوي إلى نحو 3.8% في نهاية الربع الثاني من هذا العام. كما تدهورت معدلات الطلب بشكل ملحوظ في شهر يونيو، حيث انخفضت الطلبات الجديدة بأسرع وتيرة منذ نوفمبر 2022، وأفاد نحو 27% من الشركات المشاركة في مسح مديري المشتريات بانخفاض المبيعات خلال الشهر الماضي مقارنة بنسبة 11% فقط أشارت إلى وجود تحسن. وأرجعت الشركات ضعف الطلب إلى عوامل متعددة مثل مشاكل السيولة لدى العملاء، ونقص المواد الخام، ومشاكل سلاسل التوريد، وارتفاع الأسعار، كما شهدت السوق الخارجية تراجعا، يعزى بشكل كبير إلى تأثير الصراع الراهن في الشرق الأوسط على ظروف التجارة الإقليمية، نتيجة لذلك، انخفض النشاط التجاري غير المنتج للنفط بشكل حاد وللشهر الخامس على التوالي، وكان معدل الانخفاض هو الأبرز منذ بداية عام 2023 كما استمر التوظيف في مساره التنازلي. رغم أن ضغوط التضخم ظلت مرتفعة خلال الشهر الماضي، إلا أنها تراجعت بشكل ملحوظ عن مستويات شهر مايو، وانخفض معدل التضخم في أسعار الإنتاج بشكل كبير، كما انخفض معدل تضخم تكاليف مستلزمات الإنتاج. مع ذلك، أشارت الشركات إلى أن الصراع في الشرق الأوسط لا يزال يفرض ضغوطا تصاعدية على تكاليف الوقود والمواد الخام. كما استمرت ضغوط الأجور خلال يونيو، حيث أفادت الشركات بتسجيلها ثاني أسرع زيادة في تكاليف الموظفين منذ شهر يناير 2018، بعد تلك المسجلة في شهر مايو الماضي. على الرغم من التحديات الحالية، ظلت توقعات الإنتاج المستقبلي أعلى من المستويات المسجلة في وقت سابق من العام، وأعرب عدة شركات عن تفاؤلها بشأن انخفاض الاضطرابات الناجمة عن حرب إيران وزيادة الدعم الحكومي، إلا أن هذا الشعور قد تراجع قليلا منذ شهر مايو. وقال كبير الاقتصاديين لدى ستاندرد آند بورز جلوبال ماركت إنتليجنس، ديفيد أوين، إن انخفاض مؤشر مدراء المشتريات في مصر إلى 46 نقطة يعزز التوقعات بتباطؤ نمو الاقتصاد المصري خلال الربع الثاني، مشيراً إلى أن الصراع في الشرق الأوسط ألحق أضراراً كبيرة بالقطاع الخاص غير النفطي، مع تسجيل أكبر انخفاض في الأعمال الجديدة منذ أكثر من ثلاث سنوات ونصف. وأضاف أن تراجع ضغوط التضخم خلال يونيو الماضي يوفر بعض الارتياح للشركات، وقد يفسح المجال لتحسن النشاط إذا استمرت أسعار الطاقة العالمية في الانخفاض وهدأت التوترات الإقليمية. لمتابعة أخر الأخبار والتحليلات من إيكونومي بلس عبر واتس اب اضغط هنا,2026-07-07T09:48:41.463038+00:00,
google_news,general,https://www.alyaum.com/articles/6671494/%D8%A7%D9%84%D8%A7%D9%82%D8%AA%D8%B5%D8%A7%D8%AF/%D9%85%D8%A7%D9%84-%D9%88%D8%A3%D8%B9%D9%85%D8%A7%D9%84/%D8%B3%D8%B9%D8%B1-%D8%A7%D9%84%D8%B1%D9%8A%D8%A7%D9%84-%D9%85%D9%82%D8%A7%D8%A8%D9%84-%D8%A7%D9%84%D8%AC%D9%86%D9%8A%D9%87-%D8%A7%D9%84%D9%8A%D9%88%D9%85-%D8%A7%D9%84%D8%AB%D9%84%D8%A7%D8%AB%D8%A7%D8%A1-%D8%AA%D8%A8%D8%A7%D9%8A%D9%86-%D9%81%D9%8A-%D8%A7%D9%84%D8%A8%D9%86%D9%88%D9%83-%D8%A7%D9%84%D9%85%D8%B5%D8%B1%D9%8A%D8%A9,سعر الريال مقابل الجنيه اليوم الثلاثاء.. تباين في البنوك المصرية - alyaum,,2026-07-07 06:33:00+00:00,سعر الريال مقابل الجنيه اليوم الثلاثاء.. تباين في البنوك المصرية&nbsp;&nbsp;alyaum,alyaum,ar,,,2026-07-07T09:48:41.088954+00:00,Extraction failed: Failed to fetch: 403 Client Error: Forbidden for url: https://www.alyaum.com/articles/6671494/%D8%A7%D9%84%D8%A7%D9%82%D8%AA%D8%B5%D8%A7%D8%AF/%D9%85%D8%A7%D9%84-%D9%88%D8%A3%D8%B9%D9%85%D8%A7%D9%84/%D8%B3%D8%B9%D8%B1-%D8%A7%D9%84%D8%B1%D9%8A%D8%A7%D9%84-%D9%85%D9%82%D8%A7%D8%A8%D9%84-%D8%A7%D9%84%D8%AC%D9%86%D9%8A%D9%87-%D8%A7%D9%84%D9%8A%D9%88%D9%85-%D8%A7%D9%84%D8%AB%D9%84%D8%A7%D8%AB%D8%A7%D8%A1-%D8%AA%D8%A8%D8%A7%D9%8A%D9%86-%D9%81%D9%8A-%D8%A7%D9%84%D8%A8%D9%86%D9%88%D9%83-%D8%A7%D9%84%D9%85%D8%B5%D8%B1%D9%8A%D8%A9
google_news,general,https://www.alyaum.com/articles/6671495/%D8%A7%D9%84%D8%A7%D9%82%D8%AA%D8%B5%D8%A7%D8%AF/%D9%85%D8%A7%D9%84-%D9%88%D8%A3%D8%B9%D9%85%D8%A7%D9%84/%D8%A7%D8%B3%D8%AA%D9%82%D8%B1%D8%A7%D8%B1-%D8%B3%D8%B9%D8%B1-%D8%A7%D9%84%D8%AF%D9%88%D9%84%D8%A7%D8%B1-%D9%85%D9%82%D8%A7%D8%A8%D9%84-%D8%A7%D9%84%D8%AC%D9%86%D9%8A%D9%87-%D8%A7%D9%84%D9%8A%D9%88%D9%85-%D8%A7%D9%84%D8%AB%D9%84%D8%A7%D8%AB%D8%A7%D8%A1-%D9%81%D9%8A-%D8%A7%D9%84%D8%A8%D9%86%D9%88%D9%83-%D8%A7%D9%84%D9%85%D8%B5%D8%B1%D9%8A%D8%A9,استقرار سعر الدولار مقابل الجنيه اليوم الثلاثاء في البنوك المصرية - alyaum,,2026-07-07 06:25:00+00:00,استقرار سعر الدولار مقابل الجنيه اليوم الثلاثاء في البنوك المصرية&nbsp;&nbsp;alyaum,alyaum,ar,,,2026-07-07T09:48:41.261229+00:00,Extraction failed: Failed to fetch: 403 Client Error: Forbidden for url: https://www.alyaum.com/articles/6671495/%D8%A7%D9%84%D8%A7%D9%82%D8%AA%D8%B5%D8%A7%D8%AF/%D9%85%D8%A7%D9%84-%D9%88%D8%A3%D8%B9%D9%85%D8%A7%D9%84/%D8%A7%D8%B3%D8%AA%D9%82%D8%B1%D8%A7%D8%B1-%D8%B3%D8%B9%D8%B1-%D8%A7%D9%84%D8%AF%D9%88%D9%84%D8%A7%D8%B1-%D9%85%D9%82%D8%A7%D8%A8%D9%84-%D8%A7%D9%84%D8%AC%D9%86%D9%8A%D9%87-%D8%A7%D9%84%D9%8A%D9%88%D9%85-%D8%A7%D9%84%D8%AB%D9%84%D8%A7%D8%AB%D8%A7%D8%A1-%D9%81%D9%8A-%D8%A7%D9%84%D8%A8%D9%86%D9%88%D9%83-%D8%A7%D9%84%D9%85%D8%B5%D8%B1%D9%8A%D8%A9
google_news,general,https://bloom-gate.com/%D8%A7%D8%B3%D8%AA%D8%AB%D9%85%D8%A7%D8%B1/%D9%85%D8%B5%D8%B1-%D8%AA%D8%AC%D8%B0%D8%A8-%D8%A7%D9%87%D8%AA%D9%85%D8%A7%D9%85-%D8%B4%D8%B1%D9%83%D8%A7%D8%AA-%D9%88%D8%B5%D9%86%D8%A7%D8%AF%D9%8A%D9%82-%D8%A7%D8%B3%D8%AA%D8%AB%D9%85%D8%A7%D8%B1/,مصر تجذب اهتمام شركات وصناديق استثمار سنغافورية - Bloom Gate -بوابة بلوم,بلوم,2026-07-07 09:27:44+00:00,بحث الرئيس التنفيذي للهيئة العامة للاستثمار والمناطق الحرة محمد عوض، مع وفد مؤسسة إنتربرايز سنغافورة (Enterprise Singapore)، تعزيز التعاون,Bloom Gate -بوابة بلوم,ar,338,بحث الرئيس التنفيذي للهيئة العامة للاستثمار والمناطق الحرة محمد عوض، مع وفد مؤسسة إنتربرايز سنغافورة (Enterprise Singapore)، تعزيز التعاون الاستثماري بين البلدين، وآليات الترويج للفرص الاستثمارية، ودعم الشراكات بين مجتمعَي الأعمال في مصر وسنغافورة. يأتي ذلك في إطار جهود وزارة الاستثمار والتجارة الخارجية والهيئة لفتح أسواق استثمارية جديدة، وجذب استثمارات نوعية تسهم في نقل التكنولوجيا، وتوطين الصناعة، وزيادة الصادرات، وخلق فرص عمل، وذلك تنفيذًا لتوجيهات وزير الاستثمار والتجارة الخارجية محمد فريد، بتنويع مصادر تدفقات الاستثمار الأجنبي وتعزيز الشراكات الاستثمارية مع الأسواق الواعدة. تُعد إنتربرايز سنغافورة الهيئة الحكومية المعنية بتنمية الشركات السنغافورية، وتعزيز تنافسيتها عالميًا، وترسيخ مكانة سنغافورة كمركز عالمي للتجارة والاستثمار. من جانبه أكد محمد عوض حرص الهيئة العامة للاستثمار والمناطق الحرة على توفير بيئة استثمارية جاذبة وتنافسية، بما يسهم في استقطاب المزيد من الاستثمارات السنغافورية، وتعزيز الشراكة الاقتصادية بين البلدين، خاصة في القطاعات ذات الأولوية، مشيرًا أن الهيئة تقدم حزمة متكاملة من الخدمات والتيسيرات للمستثمرين، وتعمل على تذليل التحديات أمام الاستثمارات الجديدة والتوسعات القائمة، بما يعزز تنافسية مناخ الاستثمار في مصر. كما استعرض الرئيس التنفيذي للهيئة أبرز المقومات التنافسية للاقتصاد المصري، والفرص الاستثمارية الواعدة في مختلف القطاعات، والتي تتميز بارتفاع معدلات النمو والعائد الاستثماري، إلى جانب توافر الموارد البشرية المؤهلة والموارد الطبيعية والبنية التحتية الداعمة للتوسع في المشروعات الجديدة. من جانبه، أكد المدير الإقليمي لمؤسسة إنتربرايز سنغافورة بمنطقة الشرق الأوسط وأفريقيا راهول غوش، وجود اهتمام متزايد من الشركات السنغافورية وصناديق إدارة الثروات بالاستثمار في السوق المصري، لا سيما في قطاعات الخدمات اللوجستية والطاقة المتجددة وتكنولوجيا المعلومات. أوضح أن الشركات السنغافورية تفضل الاستثمار في الأسواق المستقرة، مثل السوق المصري، باعتبارها تستهدف ضخ استثمارات استراتيجية طويلة الأجل تحقق قيمة مضافة وتدعم النمو المستدام. كما نظمت الهيئة العامة للاستثمار والمناطق الحرة جولة ميدانية للوفد السنغافوري شملت عددًا من المناطق الاستثمارية والصناعية، كما نسقت لقاءات مع ممثلي الجهات الحكومية المعنية، وفي مقدمتها وزارات الكهرباء والطاقة المتجددة، والموارد المائية والري، والبيئة، لاستعراض مقومات الاستثمار وتوافر الموارد اللازمة للمشروعات الصناعية المستهدفة. اتفق الجانبان على مواصلة التنسيق خلال المرحلة المقبلة لدراسة الفرص الاستثمارية المتاحة، وتعزيز التواصل بين الشركات المصرية والسنغافورية، بما يسهم في تحويل الاهتمام الاستثماري إلى مشروعات فعلية على أرض الواقع. الرابط المختصر,2026-07-07T09:48:42.875579+00:00,
google_news,general,https://hapijournal.com/2026/07/06/%D8%A7%D9%84%D8%A8%D9%86%D9%83-%D8%A7%D9%84%D8%A3%D9%87%D9%84%D9%8A-%D8%A7%D9%84%D8%A3%D9%88%D9%84-%D9%81%D9%8A-%D8%A7%D9%84%D8%B3%D9%88%D9%82-%D8%A7%D9%84%D9%85%D8%B5%D8%B1%D9%8A%D8%A9-%D9%83%D9%88-4/,البنك الأهلي الأول في السوق المصرية كوكيل للتمويل ومرتب رئيسي للقروض المشتركة - جريدة حابي,,2026-07-06 12:57:45+00:00,البنك الأهلي الأول في السوق المصرية كوكيل للتمويل ومرتب رئيسي للقروض المشتركة&nbsp;&nbsp;جريدة حابي,جريدة حابي,ar,,,2026-07-07T09:48:42.117010+00:00,Extraction failed: Failed to fetch: 403 Client Error: Forbidden for url: https://hapijournal.com/2026/07/06/%D8%A7%D9%84%D8%A8%D9%86%D9%83-%D8%A7%D9%84%D8%A3%D9%87%D9%84%D9%8A-%D8%A7%D9%84%D8%A3%D9%88%D9%84-%D9%81%D9%8A-%D8%A7%D9%84%D8%B3%D9%88%D9%82-%D8%A7%D9%84%D9%85%D8%B5%D8%B1%D9%8A%D8%A9-%D9%83%D9%88-4/
google_news,general,https://www.shorouknews.com/news/view.aspx?cdate=06072026&id=3f9b4fcd-7826-43db-852e-a65315d2f7c1,خبراء يحددون 3 أولويات يجب اهتمام الحكومة بها في البرنامج الاقتصادي الجديد - بوابة الشروق,,2026-07-06 14:52:07+00:00,يضع عدد من الخبراء الاقتصاديين زيادة تدفقات النقد الأجنبي، والسيطرة على التضخم ومعدلات الديون، وتوسيع دور القطاع الخاص، في مقدمة الأولويات التي ينبغي أن تتبناها,,ar-eg,823,"محمد سمير: سد الفجوة التمويلية خطوة أساسية لتجنب قروض جديدة من صندوق النقد مصطفى بدرة: التخلي عن إصلاحات الصندوق يعيد الاقتصاد إلى نقطة الصفر علي متولي: البرنامج الجديد يجب أن يحافظ على مكتسبات الإصلاح الاقتصادي ويعزز الإنتاج يضع عدد من الخبراء الاقتصاديين زيادة تدفقات النقد الأجنبي، والسيطرة على التضخم ومعدلات الديون، وتوسيع دور القطاع الخاص، في مقدمة الأولويات التي ينبغي أن تتبناها الحكومة في البرنامج الاقتصادي الوطني، الذي تستعد لصياغته عقب الانتهاء من برنامج التعاون مع صندوق النقد الدولي. ووجّه الرئيس عبدالفتاح السيسي، خلال حفل افتتاح مقر القيادة الاستراتيجية للدولة ""الأوكتاجون""، الحكومة بإعداد برنامج اقتصادي وطني شامل يبدأ تنفيذه بعد انتهاء برنامج التعاون الحالي مع صندوق النقد الدولي. ومن المقرر أن ينتهي اتفاق التسهيل الممدد الموقع مع صندوق النقد الدولي، والذي أُبرم في ديسمبر 2022، وارتفعت قيمته إلى 8 مليارات دولار في عام 2024، بحلول ديسمبر 2026. وكانت الحكومة المصرية لجأت إلى الاقتراض من صندوق النقد الدولي في ديسمبر 2022 بعد صدمة الحرب الروسية الأوكرانية، التي تسببت في خروج استثمارات أجنبية بأكثر من 20 مليار دولار، ثم رُفعت قيمة البرنامج إلى 8 مليارات دولار في ظل تداعيات حرب غزة وأزمة نقص العملة الصعبة. تعزيز القيمة المضافة للناتج المحلي وقال محمد سمير، الخبير الاقتصادي، إن البرنامج الجديد يجب أن يُبنى على تعزيز القيمة المضافة للناتج المحلي الإجمالي، من خلال تحديد الموارد الاقتصادية التي تمتلكها مصر، والعمل على استغلالها أفضل استغلال ممكن لتحقيق قيمة مضافة منها وتعظيم عوائدها. وأضاف أن البرنامج يجب أن يركز على النهوض بالعملية التصديرية، ليس اعتمادًا على زيادة إنتاج مختلف السلع، ولكن من خلال التركيز على السلع التي تمتلك فيها مصر ميزة تنافسية ويرتفع فيها المكون المحلي، حتى لا يؤدي التوسع في الإنتاج إلى ارتفاع فاتورة الواردات. وأشار إلى أهمية العمل على تنفيذ سياسة ملكية الدولة والالتزام بها، بما يضمن فتح الاقتصاد أمام القطاع الخاص، مؤكدا أنه لا يمكن النهوض بأي اقتصاد دون مشاركة فعالة من القطاع الخاص. وأوضح أنه لا بد من خفض الدين، قائلا «مهما بلغت معدلات التنمية الاقتصادية، فإن استمرار معدلات الديون في الارتفاع سيؤدي إلى تآكل أي معدلات للتنمية الاقتصادية». وتابع أن الاقتصاد المصري قادر بالفعل على الاستغناء عن صندوق النقد الدولي بعد انتهاء برنامج التعاون الحالي، لكنه يخشى من حدوث أية صدمات اقتصادية عالمية قد تدفعه إلى تجديد التعاون مرة أخرى، خاصة مع استمرار اتساع الفجوة التمويلية. وقال مصطفى بدرة، أستاذ التمويل والاستثمار، إن الإسراع في إعداد برنامج اقتصادي وطني يُعد أولوية للحكومة في الوقت الحالي، مع اقتراب انتهاء البرنامج الحالي مع صندوق النقد الدولي، لعرض رؤية ومستقبل الاقتصاد المصري بعد انتهاء هذا التعاون. وأضاف أن البرنامج الجديد يجب أن يتوافق مع أهداف استراتيجية الدولة 2030، والإصلاحات الاقتصادية التي تم تنفيذها في برنامج التعاون السابق مع صندوق النقد الدولي، خاصة مرونة سعر الصرف، مشيرًا إلى أن التخلي عن تلك الإصلاحات سيعيد الاقتصاد المصري إلى نقطة الصفر مرة أخرى. تدفقات النقد الأجنبي وتحجيم التضخم وأشار بدرة إلى أن البرنامج الجديد يجب أن يركز على تعزيز موارد البلاد من النقد الأجنبي، ورفع معدلات الاستثمار الأجنبي المباشر من خلال تذليل العقبات أمام المستثمرين، وتنمية قطاع السياحة، وزيادة معدلات التصدير، ومواصلة العمل على تنفيذ برنامج الطروحات الحكومية، بما يسهم في رفع معدلات الاستثمار الأجنبي غير المباشر. وأضاف أن تحجيم التضخم يجب أن يكون على رأس أولويات الحكومة في البرنامج الجديد، مشيرًا إلى ضرورة خلق آليات جديدة لمحاربة التضخم، وليس الاعتماد فقط على زيادة المرتبات والأجور. وقال محمد فؤاد، الخبير الاقتصادي ورئيس الهيئة البرلمانية لحزب العدل بمجلس النواب، إن المرحلة الاقتصادية لمصر بعد انتهاء برنامج صندوق النقد الدولي لا تحتاج إلى صياغة أولويات جديدة بقدر ما تحتاج إلى إعادة ترتيب الأولويات القائمة وتسريع وتيرة تنفيذها، مشيرًا إلى أن الحكومة سبق أن وضعت إطارًا للمرحلة الجديدة من خلال السردية الوطنية التي ناقشت مختلف التحديات الاقتصادية. وأوضح أن التطورات الاقتصادية الأخيرة تعطي أولوية للعمل على الملفات المتعلقة بأمن الطاقة، وتعزيز دور القطاع الخاص، ورفع معدلات الادخار والاستثمار المحلي، وزيادة القدرة التصديرية للاقتصاد، موضحًا أن أي برنامج اقتصادي يجب ألا يقتصر على مؤشرات النمو أو التضخم فقط، بل على مدى قدرته على إحداث تحول هيكلي في الاقتصاد. وأوضح علي متولي، الاستشاري الاقتصادي بشركة Ibis للاستشارات، أن البرنامج الجديد يجب أن يحافظ على مكتسبات برنامج الإصلاح الاقتصادي بالتعاون مع صندوق النقد الدولي، والمتمثلة في مرونة سعر الصرف واستهداف خفض مستويات التضخم، مع التركيز على زيادة الإنتاج، وتوفير فرص العمل، ورفع معدلات دخل المواطنين، وتوفير شبكة حماية لهم من الصدمات. وأكد ضرورة صياغة مستهدفات محددة للبرنامج الجديد تتعلق بمعدلات الاستثمار، والديون، والبطالة، والتضخم، على أن تتم مراجعة دورية لهذه المستهدفات لتحديد مدى إنجازها، كما كان يحدث في المراجعات الدورية لصندوق النقد الدولي في برنامج التعاون معه. التحول من اقتصاد استهلاكي إلى إنتاجي وأشار إلى أن البرنامج يجب أن ينقل الاقتصاد من اقتصاد استهلاكي قائم على الاستيراد من الخارج إلى اقتصاد إنتاجي قائم على تصنيع السلع بمكون محلي مرتفع، قادر على تلبية احتياجات السوق المحلية والتوجه إلى التصدير، بالإضافة إلى تحقيق تقدم في المستهدفات التي لم تتحقق خلال برنامج التعاون مع صندوق النقد الدولي، والتي تتعلق بفتح الاقتصاد أمام القطاع الخاص، وتوفير السياسات التي تعزز التنافسية بين مختلف الشركات. كما شدد على ضرورة تحويل المشروعات الصغيرة من مشروعات محدودة إلى جزء من سلاسل الإمداد في العملية الإنتاجية، مشيرًا إلى أن ذلك يحتاج إلى توفير التمويل والتدريب الفني.",2026-07-07T09:48:43.441260+00:00,
google_news,general,https://www.almasryalyoum.com/news/details/4309261,«العامة للاستثمار» تستعرض مقومات الاقتصاد ضمن فعاليات ملتقى الأعمال المصرى البلجيكي | المصري اليوم,محمد الصيفي,2026-07-06 12:46:00+00:00,شارك الدكتور محمد عوض، الرئيس التنفيذى للهيئة العامة للاستثمار والمناطق الحرة، عبر تقنية الاتصال المرئى، فى فعاليات ملتقى الأعمال المصرى البلجيكى Business Connect Belgium–Egypt 2026، الذى...,المصري اليوم,ar,656,«العامة للاستثمار» تستعرض مقومات الاقتصاد المصرى ضمن فعاليات ملتقى الأعمال المصرى البلجيكي «العامة للاستثمار» تستعرض مقومات الاقتصاد المصرى ضمن فعاليات ملتقى الأعمال المصرى البلجيكي شارك الدكتور محمد عوض، الرئيس التنفيذى للهيئة العامة للاستثمار والمناطق الحرة، عبر تقنية الاتصال المرئى، فى فعاليات ملتقى الأعمال المصرى البلجيكى Business Connect Belgium–Egypt 2026، الذى عُقد بمقر وكالة Brussels Hub بالعاصمة البلجيكية بروكسل. جاء ذلك ضمن برنامج زيارة وفد جمعية الأعمال المصرية البلجيكية إلى بلجيكا، والذى نُظم بالتنسيق بين مكتب التمثيل التجارى المصرى فى بروكسل، ووكالة Brussels Hub، والغرفة العربية البلجيكية اللوكسمبورجية (ABLCC)، فى إطار تنفيذ استراتيجية وزارة الاستثمار والتجارة الخارجية لتعزيز الترويج لمصر كوجهة جاذبة للاستثمار، وتنفيذًا لتوجيهات الدكتور محمد فريد، وزير الاستثمار والتجارة الخارجية، بتكثيف التواصل مع مجتمع الأعمال الدولى واستعراض الفرص الاستثمارية المتاحة. وشهد الملتقى مشاركة رؤساء ومديرى وممثلى نحو 60 شركة ومؤسسة بلجيكية، من بينها BESIX، ووكالة ائتمان الصادرات البلجيكية Credendo، وشركات Belgium Gadot، وDSV Contract Logistics، وLogwin Air Ocean Belgium، إلى جانب عدد كبير من الشركات العاملة فى مجالات التشييد والهندسة، والتصنيع، والطاقة، والخدمات اللوجستية، وسلاسل الإمداد، والتكنولوجيا، والاستثمار والخدمات المهنية، وذلك لاستعراض مقومات الاقتصاد المصرى، ومزايا بيئة الاستثمار، والفرص الاستثمارية المتاحة، وبحث آفاق تعزيز التعاون التجارى والاستثمارى بين البلدين. وأكد الدكتور محمد عوض، أن العلاقات الاقتصادية والتجارية بين مصر وبلجيكا تشهد فرصًا واعدة لمزيد من التعاون، فى ضوء ما تمتلكه مصر من سوق محلية كبيرة، وقاعدة إنتاجية متنوعة، وموقع جغرافى استراتيجى يربط بين أفريقيا وآسيا وأوروبا، بما يعزز مكانتها كمركز إقليمى للتصنيع والخدمات اللوجستية والتصدير. وأوضح أن الاقتصاد المصرى يواصل تعزيز مكانته كإحدى الوجهات الاستثمارية الرئيسية فى المنطقة، مدعومًا ببرامج الإصلاح الاقتصادى، وتطوير البنية التحتية، وتنوع القطاعات الإنتاجية والخدمية، بما يوفر فرصًا واسعة للمستثمرين فى مجالات الصناعة، والطاقة، والخدمات اللوجستية، والزراعة، والاتصالات، والتكنولوجيا، والخدمات. وأشار الرئيس التنفيذى للهيئة إلى أن مصر حققت تقدمًا ملحوظًا فى مؤشرات جذب الاستثمار الأجنبى المباشر، حيث احتلت المركز الأول على مستوى القارة الإفريقية كوجهة للاستثمار الأجنبى المباشر، وفقًا لتقارير مؤتمر الأمم المتحدة للتجارة والتنمية «الأونكتاد»، كما جاءت فى المركز الثانى عربيًا من حيث تدفقات الاستثمار الأجنبى المباشر خلال عام 2024. وأضاف أن الموقع الجغرافى الفريد لمصر، إلى جانب شبكة الموانئ والمطارات، وقناة السويس، يمنح المستثمرين فرصة للوصول إلى أسواق واسعة فى أفريقيا والشرق الأوسط وأوروبا، خاصة فى ظل ارتباط مصر بشبكة واسعة من اتفاقيات التجارة الحرة والتفضيلية، بما يجعلها منصة إقليمية للتصنيع والتصدير، وليس مجرد سوق محلية. وأكد «عوض» أن مصر تمثل شريكًا موثوقًا للمستثمرين فى ظل المتغيرات الاقتصادية والجيوسياسية العالمية، مستندة إلى موقعها الاستراتيجى، وقاعدتها الصناعية المتنامية، وشبكة اتفاقياتها التجارية، فضلًا عن الشراكة الاستراتيجية والشاملة بين مصر والاتحاد الأوروبى، والتى تفتح آفاقًا أوسع للتعاون فى مجالات الاستثمار، والتصنيع، والطاقة، والاستدامة، والرقمنة، وسلاسل القيمة. وأكد الرئيس التنفيذى للهيئة أن الهيئة العامة للاستثمار والمناطق الحرة تتبنى نهجًا استباقيًا فى دعم المستثمرين، من خلال مرافقتهم فى مختلف مراحل رحلتهم الاستثمارية، وتيسير الإجراءات، وتقديم خدمات متكاملة عبر منظومة الشباك الواحد، فضلًا عن التوسع فى التحول الرقمى للخدمات الاستثمارية، بما يسهم فى تحسين بيئة الأعمال وتعزيز تنافسية الاقتصاد المصرى. واستعرض الدكتور محمد عوض عددًا من القطاعات ذات الأولوية للتعاون بين مصر وبلجيكا، وفى مقدمتها الطاقة الخضراء، والبنية التحتية، والخدمات اللوجستية والموانئ، والصناعات المتقدمة، والصناعات الدوائية والطبية، والزراعة المستدامة، وتكنولوجيا إدارة المياه، إلى جانب الخدمات الرقمية، والرعاية الصحية، والاقتصاد الدائرى، وإدارة المخلفات، باعتبارها من المجالات الواعدة التى تحظى باهتمام متزايد من المستثمرين فى البلدين. وأشار إلى أن الهيئة تتيح للمستثمرين التعرف على الفرص المتاحة من خلال خريطة الاستثمار الرقمية، التى تضم أكثر من 1300 فرصة استثمارية جاهزة فى مختلف القطاعات والمحافظات، بما يساعد المستثمرين على اختيار المواقع والأنشطة الأكثر ملاءمة لخططهم الاستثمارية. كما استعرض الرئيس التنفيذى للهيئة مؤشرات العلاقات الاقتصادية بين مصر وبلجيكا، مؤكدًا أنها تمثل قاعدة قوية للبناء عليها خلال المرحلة المقبلة، بما يسهم فى زيادة الاستثمارات البلجيكية، وتعزيز الصادرات المصرية، وتوسيع التعاون فى القطاعات ذات الأولوية، بما يخدم المصالح الاقتصادية المشتركة للبلدين. واختتم الدكتور محمد عوض كلمته بالتأكيد على استعداد الهيئة العامة للاستثمار والمناطق الحرة لتنظيم لقاءات افتراضية وقطاعية متخصصة مع الشركات البلجيكية، وتحويل المناقشات التى شهدها ملتقى الأعمال إلى شراكات ومشروعات استثمارية ملموسة، بما يدعم توسع الاستثمارات البلجيكية فى مصر، ويعزز مكانة السوق المصرية كوجهة جاذبة للاستثمار ومركز إقليمى للأعمال والإنتاج والتصدير.,2026-07-07T09:48:42.741783+00:00,
google_news,general,https://www.elwatannews.com/news/details/8315527,مدير «القاهرة للدراسات»: لغة الأرقام والشفافية الفيصل النهائي لحسم معركة الوعي - الوطن,,2026-07-06 17:11:14+00:00,أكد الدكتور عبدالمنعم السيد مدير مركز القاهرة للدراسات الاقتصادية والاستراتيجية أن الاقتصاد المصرى يواجه حربا ممنهجة من الشائعات والأخبار المضللة - الوطن,الوطن,ar,823,كتب: محرر 08:11 م | الاثنين 06 يوليو 2026 حوار: ريم رفيق أكد الدكتور عبدالمنعم السيد، مدير مركز القاهرة للدراسات الاقتصادية والاستراتيجية، أن الاقتصاد المصري يواجه حرباً ممنهجة من الشائعات والأخبار المضللة التي تتجاوز مجرد التناول الإعلامي الخاطئ، لتصنف ضمن حروب المعلومات الاقتصادية وتستهدف هذه الحملات المنظّمة ضرب مفاتيح الثقة لدي المواطن والمستثمر، من خلال التركيز على ملفات اقتصادية حساسة كأزمة الصرف والجهاز المصرفي وقناة السويس.. وإلى نص الحوار: ■ كيف تقرأ شائعات الإخوان؟ - بالتأكيد، فالمسألة لم تعد مجرد تداول أخبار غير صحيحة أو اجتهادات إعلامية، وإنما تدخل في إطار ما يعرف عالمياً ب«حروب المعلومات الاقتصادية»، حيث في الاقتصاد الحديث أصبحت الثقة أحد أهم الأصول الاقتصادية غير الملموسة، ولذلك تستهدف الحملات المنظمة التأثير على ثقة المواطنين والمستثمرين أكثر من استهداف الأرقام نفسها. وعندما ننظر إلى طبيعة الشائعات التي يتم تداولها منذ عام 2013 نجد أنها تركز دائماً على الملفات الأكثر حساسية وتأثيراً على الرأي العام مثل سعر الصرف، واحتياطيات النقد الأجنبي، والبنوك، وقناة السويس، والديون الخارجية، وهذا ليس أمراً عشوائياً، لأن هذه الملفات ترتبط مباشرة بمشاعر الأمان الاقتصادي لدي المواطنين. والهدف الأساسي من هذه الحملات هو خلق حالة من عدم اليقين والشك، لأن الاقتصاد بطبيعته يتأثر بالتوقعات، فالمستثمر لا يستثمر بناءً على الوضع الحالي فقط، وإنما بناءً على رؤيته للمستقبل، والمواطن يتخذ قراراته المالية وفقاً لما يتوقع حدوثه غداً، ومن هنا تصبح الشائعة الاقتصادية أداة للتأثير في السلوك الاقتصادي حتي لو كانت المعلومة نفسها غير صحيحة، وهذا يدخل ضمن حروب الجيل الرابع. ■ ما أبرز الشائعات التي استهدفت الاقتصاد؟ - خلال السنوات الأخيرة تركزت الشائعات حول أربعة ملفات رئيسية: الأول هو سعر الصرف، حيث تم الترويج مراراً لانهيار وشيك للجنيه المصري أو فقدان البنك المركزي السيطرة على سوق النقد، لكن الواقع يشير إلى أن مصر استطاعت استعادة استقرار سوق الصرف والقضاء على السوق الموازية بصورة كبيرة، كما ارتفع الاحتياطي النقدي الأجنبي إلى أكثر من 53 مليار دولار، وهو من أعلى المستويات التاريخية. الملف الثاني يتعلق بالبنوك، حيث تكررت مزاعم إفلاس بعض البنوك أو تجميد الودائع وأن أي شخص يضع أمواله في البنوك لن يتمكن من الحصول علىها، والحقيقة أن الجهاز المصرفي المصري يمتلك ودائع تتجاوز 14 تريليون جنيه، ويتمتع بمعدلات سيولة وكفاية رأسمالية تفوق الحدود الدولية المطلوبة، كما لم يشهد أي حالة إفلاس مصرفي رغم الأزمات العالمية المتلاحقة. أما الملف الثالث فهو قناة السويس، حيث تم الترويج لشائعة بيع القناة أو رهنها، لكن الحقيقة أن قناة السويس أصل سيادي مملوك للدولة المصرية ولا يجوز التصرف فيه، بينما كان الحديث يدور حول تعظيم الاستفادة من بعض الأصول التابعة للهيئة وليس المجري الملاحي نفسه وإنشاء المنطقة الاقتصادية ومحور قناة السويس التي أصبحت من أهم المناطق الاقتصادية الجاذبة للاستثمار العالمي. أما الملف الرابع فهو الديون الخارجية. ■ هل يوجد تكرار في الأدوات والرسائل المستخدمة ضد الاقتصاد المصري؟ نعم، هناك نمط متكرر وواضح في الخطاب المتشائم تجاه الاقتصاد المصري، حيث منذ عام 2013 وحتي اليوم العناوين تتغير من مرحلة إلى أخري، لكن الرسالة تبقي واحدة، ففي عام 2013 تم ترويج فكرة أن الدولة على وشك الإفلاس، وفي عام 2016 تركز الترويج حول انهيار الجنيه، ثم في عام 2020 قيل إن جائحة كورونا ستؤدي إلى سقوط الاقتصاد المصري. ومع اندلاع الحرب الروسية الأوكرانية عام 2022، تصاعد الترويج بانهيار اقتصادي وشيك، قبل أن تنتشر لاحقاً شائعات تتعلق ببيع الأصول الاستراتيجية وقناة السويس. مصر استطاعت استعادة استقرار سوق الصرف والقضاء على السوق الموازية للعملة الصعبة بصورة كبيرة ■ ما الذي تقوله المؤشرات الاقتصادية الحالية بشأن أداء الاقتصاد المصري؟ - التقييم العلمي لأي اقتصاد لا يتم من خلال مؤشر واحد، بل من خلال حزمة متكاملة من المؤشرات، فاليوم لدينا احتياطي نقدي يتجاوز 53 مليار دولار، ومعدل نمو اقتصادي 4.5% بحسب تقديرات المؤسسات الدولية، وتراجع تدريجي في معدلات التضخم التي أصبحت في حدود 12% مقارنة بذروة الأزمة التضخمية، فضلاً عن تحسن ملحوظ في تحويلات المصريين بالخارج التي تجاوزت 42 مليار دولار، بجانب ارتفاع في تدفقات الاستثمار الأجنبي المباشر ليتجاوز 16 مليار دولار سنوياً، بالإضافة إلى انخفاض معدل البطالة إلى 6٫2%. وفي المقابل لا يمكن إنكار وجود تحديات تتعلق بالدين العام وخدمة الدين وضرورة زيادة الصادرات وتعميق التصنيع المحلي، لكن هذه التحديات تختلف تماماً عن الصورة التي تصور الاقتصاد وكأنه على وشك الانهيار. ■ كيف تنظر المؤسسات الدولية ووكالات التصنيف العالمية إلى الاقتصاد المصري؟ - المؤسسات الدولية تتعامل مع الاقتصاد المصري بصورة أكثر توازناً وموضوعية، حيث إنها لا تنكر وجود تحديات، لكنها في الوقت نفسه تؤكد وجود برنامج إصلاح اقتصادي مستمر وتحسن في عدد من المؤشرات الرئيسية. ■ ما الدور الذي تقوم به الدولة في مواجهة الشائعات؟ أهم سلاح في مواجهة الشائعات هو الشفافية وسرعة الإفصاح، فكلما توفرت المعلومات الرسمية بصورة أسرع، تراجعت مساحة الشائعات، كما يقوم البنك المركزي والمؤسسات الاقتصادية بإصدار بيانات دورية حول الاحتياطيات والسيولة والمؤشرات النقدية، إلى جانب التواصل المستمر مع المستثمرين المحليين والأجانب، وفي الواقع فإن بناء الثقة لا يتم عبر البيانات فقط، وإنما عبر استمرار الدولة في الوفاء بالتزاماتها وتحقيق نتائج اقتصادية ملموسة على الأرض. ملفات طالتها الشائعات البنوك، والاحتياطي النقدي، والاستثمارات الأجنبية، والأصول السيادية. فعندما يتم نشر شائعة حول الدولار، فإن الهدف هو دفع المواطنين إلى التحول نحو العملات الأجنبية، وعندما يتم استهداف البنوك، فإن الهدف هو إثارة مخاوف المودعين، وعندما يتم استهداف قناة السويس أو الأصول السيادية، فإن الهدف هو إثارة مشاعر الغضب والقلق الوطني.,2026-07-07T09:48:43.079065+00:00,
google_news,general,https://akhbarelyom.com/news/newdetails/4846404/1/-%D8%A7%D9%84%D8%A8%D9%86%D9%83-%D8%A7%D9%84%D8%A3%D9%87%D9%84%D9%8A-%D8%A7%D9%84%D9%85%D8%B5%D8%B1%D9%8A-%D8%A7%D9%84%D8%A3%D9%88%D9%84-%D9%81%D9%8A-%D8%A7%D9%84%D8%B3%D9%88%D9%82-%D8%A7%D9%84%D9%85%D8%B5,"""البنك الأهلي المصري"" الأول في السوق المصرفي كوكيل ومرتب رئيسي ومسوق للتمويل",akhbarelyom,2026-07-06 13:08:48+00:00,بوابة أخبار اليوم الإلكترونية,بوابة اخبار اليوم,,641,أنهت القروض المشتركة بالبنك الأهلي المصري، في النصف الاول عن عام 2026 بتحقيق نتائج متميزة وفقا ونتائج التقييم التي أعدتها مؤسسة بلومبرج العالمية عن القائمة الخاصة بالقروض المشتركة والتي اظهرت حصول البنك الأهلي المصري على المركز الأول كأفضل بنك في السوق المصرفي المصري عن قيامه بأدوار وكيل التمويل ومرتب رئيسي ومسوق للتمويل وبنك المستندات. وأظهرت النتائج أيضا تحقيق البنك الأهلي المصري المركز الأول كبنك المستندات، المركز الثاني كمسوق ومرتب رئيسي للتمويل والمركز الثالث كوكيل للتمويل على مستوى قارة أفريقيا، كما أظهرت النتائج على مستوى منطقة الشرق الأوسط وشمال أفريقيا حصول البنك الأهلي المصري على المركز الأول كبنك المستندات، المركز الخامس كوكيل للتمويل ومسوق للتمويل والمركز السادس كمرتب رئيسي، حيث استطاع البنك إدارة 19 صفقة تمويلية منها 13 صفقات كوكيل للتمويل، وذلك بقيمة إجمالية تبلغ 168.9 مليار جنيه حتى النصف الأول عن عام 2026. البنك الأهلي المصري يطلق منظومة سحابية متكاملة لإدارة رأس المال البشري وتعقيبا على استمرار البنك الأهلي المصري، في الحفاظ على تلك المراكز المتقدمة، أكد محمد الاتربي الرئيس التنفيذي للبنك الأهلي المصري، أن نتائج التقييم تعتبر بمثابة شهادة من مؤسسة دولية متخصصة وذات ثقل ومصداقية كبيرة على المستوى الدولي لريادة البنك في مجال القروض المشتركة في مصر وأفريقيا ومنطقة الشرق الأوسط. وأشار محمد الأتربي، إلى أن هذا النجاح يأتي انعكاسا لحرص البنك الأهلي المصري، المستمر على توفير الاحتياجات التمويلية اللازمة للمشروعات الكبرى من خلال قيامه بترتيب وإدارة وتسويق صفقات القروض المشتركة ذات الجدارة الائتمانية والجدوى الاقتصادية المرتفعة التي تساهم في خلق قيمة مضافة للاقتصاد المصري ودفع عجلة التنمية، ودعم خطط الدولة للنهوض بمختلف القطاعات الاقتصادية مثل النقل، التعليم، الاتصالات، السياحة، الطاقة، التطوير العقاري ومواد البناء والصناعات الغذائية والزراعة، مما يساهم بشكل إيجابي في دعم التنمية الاقتصادية المستدامة للبلاد وتوطين الصناعة وتوفير المزيد من فرص العمل للشباب المصري، وبما ينعكس على تقليل الاستيراد وزيادة معدلات التصدير وبالتالي تحسين أداء الميزان التجاري وتعظيم موارد الاقتصاد المصري من العملات الأجنبية، مشيرا الى ان ذلك النجاح يأتي على الرغم من التحديات الكبيرة التي شهدتها مصر والعالم خلال الفترات الأخيرة وتبعاتها على الاقتصاد المصري والعالمي. من جانبها أعربت سهى التركي نائب الرئيس التنفيذي للبنك الأهلي المصري، عن اعتزازها باستمرار البنك في تحقيق تلك المكانة المميزة في أحد القطاعات الحيوية بالبنك، مؤكدة على أن البنك يولي صفقات القروض المشتركة عناية فائقة، مستنداً في ذلك إلى شبكة العلاقات القوية والمتنامية التي تربط البنك بالبنوك المحلية ومؤسسات التمويل الإقليمية والدولية التي تتوافر لديها الثقة في قدرة البنك الأهلي المصري على إتمام وإدارة الصفقات الكبرى بمهنية وحرفية عالية بالإضافة إلى قاعدة رأسمالية ضخمة تسمح للبنك بتوفير مختلف أنواع التمويلات اللازمة لتمويل المشروعات الكبرى والتي تتماشى مع احتياجات العملاء المختلفة وطبيعة النشاط الاقتصادي لكل مشروع، وأشارت الى أن تلك النتائج تعد بمثابة حافز للعاملين على بذل المزيد من الجهد للحفاظ على تلك المكانة، وأن يكون البنك الأهلي المصري الاختيار الأول لعملاء القروض المشتركة من المستثمرين المحليين والأجانب بما في ذلك شركات القطاع الخاص بما يدعم مكانة البنك الرائدة باعتباره أكبر البنوك العاملة في مصر. وصرح شريف رياض الرئيس التنفيذي للائتمان المصرفي للشركات والقروض المشتركة بالبنك الأهلي المصري،.بأن هذا النجاح يدل على احترافية البنك وقدرته على ترتيب وإدارة القروض المشتركة في مختلف القطاعات والقدرة على تحقيق التعاون المثمر بين كافة البنوك العاملة في مصر وصلابة القطاع المصرفي، وتوفير السيولة النقدية لمختلف القطاعات الاقتصادية كما يعكس الجهود المبذولة من جانب المختصين وفرق العمل بالبنك التي نجحت في إبرام 19 صفقة في عدة قطاعات اقتصادية وذلك من خلال حلول تمويلية مختلفة ومتكاملة، بما في ذلك 13 صفقات كان فيها البنك الأهلي المصري وكيلا للتمويل وهو ما يمثل 11.63% من إجمالي صفقات القروض المشتركة في قارة افريقيا خلال النصف الأول عن عام 2026. وأضاف أحمد السرسي رئيس مجموعة تمويل القروض المشتركة بالبنك الأهلي المصري أن نجاح البنك في إبرام عدد كبير من الصفقات التمويلية بمختلف القطاعات يعكس فاعلية القروض المشتركة وقدرتها على تلبية الاحتياجات التمويلية المختلفة للعملاء من خلال الدراسة الدقيقة لتلك الاحتياجات واعداد الإطار التمويلي الأنسب وفقا وطبيعة كل مشروع، بالإضافة الى قيام البنك بدور المستشار المالي في عدة مشاريع استراتيجية والمساهمة في ترتيب إصدارات سندات التوريق والصكوك لصالح العديد من العملاء.,2026-07-07T09:48:43.950530+00:00,
google_news,general,https://www.albawabhnews.com/5382044,توقعات اجتماع البنك المركزي المصري.. هل يثبت أسعار الفائدة في اجتماع يوليو 2026؟ - البوابة نيوز,,2026-07-07 07:05:00+00:00,توقعات اجتماع البنك المركزي المصري.. هل يثبت أسعار الفائدة في اجتماع يوليو 2026؟&nbsp;&nbsp;البوابة نيوز,البوابة نيوز,ar,,,2026-07-07T09:48:44.097843+00:00,Extraction failed: Failed to fetch: 403 Client Error: Forbidden for url: https://www.albawabhnews.com/5382044
google_news,general,https://www.elbalad.news/7029037,الأخضر يواصل الخسارة .. النواب يكشف 3 أسباب وراء تراجع الدولار أمام الجنيه,,2026-07-06 14:11:00+00:00,شهد سعر صرف الدولار أمام الجنيه المصري تراجعًا ملحوظًا خلال الأيام الأخيرة، ليهبط إلى أقل من 49 جنيهًا، في تطور اعتبر مؤش على تحسن أداء الاقتصاد المصري واستعادة سوق الصرف قدرًا كبيرًا من الاستقرار،,صدى البلد,ar-eg,395,شهد سعر صرف الدولار أمام الجنيه المصري تراجعًا ملحوظًا خلال الأيام الأخيرة، ليهبط إلى أقل من 49 جنيهًا، في تطور اعتبر مؤش على تحسن أداء الاقتصاد المصري واستعادة سوق الصرف قدرًا كبيرًا من الاستقرار، مدفوعًا بحزمة من العوامل الاقتصادية والنقدية التي عززت قوة العملة المحلية. وفي هذا السياق، أكد الدكتور أيمن محسب، وكيل لجنة الشئون الاقتصادية بمجلس النواب، أن تراجع سعر الدولار يعكس نجاح السياسات الاقتصادية والنقدية التي اتبعتها الدولة خلال الفترة الماضية، مشيرًا إلى أن هذا التحسن لم يكن وليد الصدفة، وإنما جاء نتيجة مؤشرات إيجابية تعزز ثقة المستثمرين في الاقتصاد المصري. عودة الأموال الأجنبية تدعم الجنيه وأوضح محسب في تصريحات خاصة ل صدى البلد أن عودة المستثمرين الأجانب بقوة إلى سوق أدوات الدين الحكومية أسهمت في زيادة التدفقات الدولارية داخل القطاع المصرفي، وهو ما أدى إلى تحقيق توازن أكبر بين العرض والطلب على النقد الأجنبي، وساعد في تراجع سعر الدولار أمام الجنيه. وأضاف أن هذه التدفقات تعكس ثقة المؤسسات المالية العالمية في قدرة الاقتصاد المصري على مواصلة تنفيذ برنامج الإصلاح الاقتصادي وتحقيق الاستقرار المالي. اتفاق صندوق النقد يعزز الثقة وأشار وكيل لجنة الشئون الاقتصادية إلى أن التوصل إلى اتفاق على مستوى الخبراء مع صندوق النقد الدولي بشأن مراجعة برنامج الإصلاح الاقتصادي بعث برسائل طمأنة قوية للأسواق الدولية، وساهم في تعزيز ثقة المستثمرين، فضلًا عن فتح المجال أمام الحصول على تمويلات جديدة تدعم الاحتياطي النقدي للدولة. وأكد أن استمرار التعاون مع المؤسسات المالية الدولية يمثل أحد العوامل المهمة في دعم استقرار الاقتصاد المصري وتحسين مؤشرات سوق الصرف. احتياطي تاريخي وتحويلات متزايدة ولفت محسب إلى أن وصول الاحتياطي النقدي الأجنبي إلى أكثر من 53 مليار دولار منح البنك المركزي مرونة أكبر في إدارة سوق الصرف، كما عزز قدرة الدولة على الوفاء بالتزاماتها الخارجية وتأمين احتياجات السوق من النقد الأجنبي. وأضاف أن الارتفاع الكبير في تحويلات المصريين العاملين بالخارج أسهم بدوره في زيادة الموارد الدولارية، إلى جانب استفادة مصر من استقرار أسعار النفط عالميًا، بما خفف الضغوط على فاتورة الواردات البترولية. انعكاسات إيجابية على الاقتصاد وأكد محسب أن استقرار سوق الصرف ينعكس بصورة مباشرة على تحسين مناخ الاستثمار، ويعزز ثقة المستثمرين المحليين والأجانب، كما يسهم في الحد من الضغوط التضخمية الناتجة عن ارتفاع تكلفة الاستيراد، وهو ما قد ينعكس تدريجيًا على أسعار السلع والخدمات. وشدد على أن الحفاظ على هذا التحسن يتطلب الاستمرار في تنفيذ برنامج الإصلاح الاقتصادي، مع التركيز على زيادة الإنتاج المحلي، وتعزيز الصادرات، وجذب المزيد من الاستثمارات الأجنبية المباشرة، بما يضمن استدامة قوة الجنيه المصري واستقرار سوق النقد خلال المرحلة المقبلة.,2026-07-07T09:48:44.618177+00:00,
google_news,general,https://www.elbalad.news/7029487,الدولار يواصل التراجع .. ونواب: 3 أسباب وراء صعود الجنيه .. ومكاسب للموازنة والاقتصاد,,2026-07-06 20:18:00+00:00,واصل سعر صرف الدولار أمام الجنيه المصري تراجعه خلال الفترة الأخيرة، ليهبط إلى أقل من 49 جنيهًا في عدد من البنوك، مدفوعًا بتحسن مؤشرات الاقتصاد الكلي، وزيادة,صدى البلد,ar-eg,608,"واصل سعر صرف الدولار أمام الجنيه المصري تراجعه خلال الفترة الأخيرة، ليهبط إلى أقل من 49 جنيهًا في عدد من البنوك، مدفوعًا بتحسن مؤشرات الاقتصاد الكلي، وزيادة تدفقات النقد الأجنبي، وعودة الاستثمارات الأجنبية، وهو ما فتح الباب أمام تساؤلات حول أسباب هذا التراجع، وانعكاساته على الموازنة العامة، والأسواق، ومعدلات التضخم. وأكد عدد من أعضاء مجلسي النواب والشيوخ أن استقرار سوق الصرف يعكس نجاح السياسات الاقتصادية التي تبنتها الدولة خلال الفترة الماضية، مشددين على ضرورة استثمار هذه المكاسب في دعم الإنتاج، والحفاظ على الانضباط المالي، وتعزيز الاستثمارات لضمان استدامة قوة الجنيه. الأموال الساخنة والاحتياطي النقدي وراء تراجع الدولار في هذا السياق، أكد الدكتور أيمن محسب، وكيل لجنة الشئون الاقتصادية بمجلس النواب، أن انخفاض الدولار إلى أقل من 49 جنيهًا يعد مؤشرًا إيجابيًا على تحسن الاقتصاد المصري، موضحًا أن التراجع جاء نتيجة مجموعة من العوامل الاقتصادية، في مقدمتها عودة المستثمرين الأجانب إلى سوق أدوات الدين، وهو ما وفر سيولة دولارية كبيرة داخل الجهاز المصرفي وساهم في تحقيق التوازن بين العرض والطلب. وأضاف أن التقدم في تنفيذ برنامج الإصلاح الاقتصادي، والتوصل إلى اتفاق على مستوى الخبراء مع صندوق النقد الدولي بشأن مراجعة البرنامج، عززا ثقة المستثمرين والمؤسسات المالية الدولية، وفتحا الباب أمام تدفقات تمويلية جديدة تدعم الاقتصاد المصري. وأشار محسب إلى أن ارتفاع الاحتياطي النقدي الأجنبي إلى أكثر من 53 مليار دولار منح البنك المركزي مرونة كبيرة في إدارة سوق الصرف، كما ساهمت الزيادة الملحوظة في تحويلات المصريين العاملين بالخارج، إلى جانب استقرار أسعار النفط، في تعزيز الموارد الدولارية وتقليل الضغوط على فاتورة الواردات. وأكد أن استقرار سعر الصرف يبعث برسائل طمأنة للمستثمرين، ويحد من الضغوط التضخمية المرتبطة بالاستيراد، مطالبًا بمواصلة الإصلاح الاقتصادي وزيادة الصادرات وجذب الاستثمارات الأجنبية المباشرة للحفاظ على قوة الجنيه. سياسات الإصلاح النقدي أعادت التوازن للسوق من جانبه، قال النائب أحمد سمير زكريا، عضو اللجنة الاقتصادية بمجلس الشيوخ، إن انخفاض الدولار يعد نتيجة طبيعية لنجاح سياسات الدولة في إدارة الملف الاقتصادي، موضحًا أن تدفق الاستثمارات المباشرة، ونمو قطاع السياحة، والارتفاع الكبير في تحويلات المصريين بالخارج، ساهمت جميعها في زيادة السيولة الدولارية والقضاء على الفجوة بين السعر الرسمي والموازي. وأكد أن استقرار سوق الصرف جاء نتيجة سياسات نقدية مرنة نجحت في تحجيم المضاربات، وأسهمت في استعادة ثقة المستثمرين في الاقتصاد المصري، مشيرًا إلى أن هذه المؤشرات تمثل رسالة إيجابية للمؤسسات الدولية بشأن قدرة الاقتصاد على مواجهة التحديات. وشدد عضو اللجنة الاقتصادية على أهمية البناء على هذه المكاسب من خلال توطين الصناعة، وزيادة معدلات التصدير، وتقليل الاعتماد على الواردات، بما يضمن استدامة استقرار سوق الصرف، ويحمي الاقتصاد من التقلبات العالمية. وأضاف أن الهدف النهائي لهذه السياسات يتمثل في خفض معدلات التضخم، وتخفيف الأعباء المعيشية عن المواطنين، وتوفير بيئة استثمارية أكثر تنافسية. مكاسب للموازنة العامة بعد هبوط الدولار بدوره، أكد النائب مصطفى البنا، عضو لجنة الخطة والموازنة بمجلس النواب، أن انخفاض الدولار يمثل ""نقطة تحول"" إيجابية في إدارة الموارد المالية للدولة، مشيرًا إلى أن هذا التراجع يمنح الحكومة مرونة أكبر في تنفيذ الموازنة العامة، ويخفض الأعباء الناتجة عن فروق أسعار الصرف. وأوضح أن تراجع الدولار يساهم في تقليل تكلفة الاعتمادات المالية المخصصة للسلع الأساسية والالتزامات المقومة بالعملة الأجنبية، بما يحقق وفورات يمكن الاستفادة منها في تنفيذ أولويات الإنفاق العام. وأضاف أن لجنة الخطة والموازنة تتابع بصورة مستمرة انعكاس استقرار سعر الصرف على الأسواق المحلية، مؤكدًا أن استدامة هذه النتائج تتطلب استمرار الانضباط المالي، وترشيد الإنفاق الحكومي، والحفاظ على استقرار سوق النقد. وشدد البنا على أن البرلمان يدعم جميع الإجراءات الرامية إلى منع عودة المضاربات على العملة، بما يضمن حماية القدرة الشرائية للمواطن، وتعزيز الاستقرار المالي، وتحقيق نمو اقتصادي مستدام. مؤشرات إيجابية تتطلب استدامة الإصلاح ويرى أعضاء البرلمان أن استمرار تراجع الدولار يعكس تحسنًا حقيقيًا في مؤشرات الاقتصاد المصري، إلا أن الحفاظ على هذه المكاسب يتطلب مواصلة تنفيذ برنامج الإصلاح الاقتصادي، وزيادة الإنتاج والصادرات، وتعزيز الاستثمارات، بما يضمن استقرار سوق الصرف، ويدعم الموازنة العامة، وينعكس بصورة مباشرة على الأسواق ومستوى معيشة المواطنين.",2026-07-07T09:48:45.026109+00:00,
google_news,general,https://cnnbusinessarabic.com/sectors/1143907/%D8%A8%D8%B1%D9%86%D8%A7%D9%85%D8%AC-%D8%A7%D9%82%D8%AA%D8%B5%D8%A7%D8%AF%D9%8A-%D8%AC%D8%AF%D9%8A%D8%AF-%D9%81%D9%8A-%D9%85%D8%B5%D8%B1-%D9%87%D9%84-%D8%A7%D9%86%D8%AA%D9%87%D9%89-%D8%AF%D9%88%D8%B1-%D8%B5%D9%86%D8%AF%D9%88%D9%82-%D8%A7%D9%84%D9%86%D9%82%D8%AF,برنامج اقتصادي جديد في مصر.. هل انتهى دور صندوق النقد؟ : CNN الاقتصادية,4178,2026-07-06 15:29:37+00:00,في وقت تتزايد فيه الضغوط الاقتصادية وتتسع التحديات التمويلية، عادت مصر مجددا للحديث عن إعداد برنامج اقتصادي وطني جديد، بعد إعلان الرئيس عبد الفتاح السيسي توجيه الحكومة بوضع برنامج مصري خالص يبدأ تنفيذه عقب انتهاء برنامج الإصلاح مع صندوق النقد الدولي، بهدف استكمال مسار الإصلاحات والانتقال إلى مرحلة النمو المستدام.,cnnba,ar,720,في وقت تتزايد فيه الضغوط الاقتصادية وتتسع التحديات التمويلية، عادت مجدداً للحديث عن إعداد برنامج اقتصادي وطني جديد، بعد إعلان الرئيس عبد الفتاح السيسي توجيه الحكومة بوضع برنامج مصري خالص يبدأ تنفيذه عقب انتهاء برنامج الإصلاح مع صندوق النقد الدولي، بهدف استكمال مسار الإصلاحات والانتقال إلى مرحلة النمو المستدام. لكن الإعلان عن البرنامج الجديد أعاد النقاش حول خطط مصر الاقتصادية، إذ تمتلك مصر عدداً من الخطط الاقتصادية، فخلال خلال السنوات الماضية تنقلت مصر بين «رؤية 2030» و«السردية الوطنية» وبرنامج الإصلاح الهيكلي وخطط التنمية الاقتصادية السنوية، بالتوازي مع برنامج الإصلاح المتفق عليه مع صندوق النقد الدولي، إلا أن هذه الوثائق، رغم اختلاف أسمائها، ظلت تدور حول الأهداف نفسها تقريباً، من تعزيز النمو الاقتصادي، ورفع كفاءة المالية العامة، وتحسين بيئة الاستثمار، وتوسيع شبكات الحماية الاجتماعية. أعلن الرئيس المصري عبد الفتاح السيسي، خلال افتتاح وتدشين مقر القيادة الاستراتيجية للدولة المصرية (الأوكتاجون) في العاصمة الجديدة، توجيه الحكومة لإعداد برنامج اقتصادي وطني شامل، وصفه بأنه برنامج مصري خالص، يبدأ تنفيذه عقب برنامج الإصلاح مع صندوق النقد الدولي، ويستهدف استكمال مسار الإصلاحات الاقتصادية والانتقال إلى مرحلة النمو المستدام. وأكد أن البرنامج يهدف إلى تحسين مستوى معيشة المواطنين وتحقيق التنمية الشاملة. تعدد الخطط.. والمشكلة في التنفيذ يقول عضو مجلس النواب المصري ورئيس مركز العدل لدراسات السياسة العامة، محمد فؤاد، إن مصر لا تعاني نقصاً في الخطط أو الوثائق الاقتصادية، بل تمتلك بالفعل عدداً كبيراً من البرامج والاستراتيجيات التي تتضمن المؤشرات والأهداف ذاتها تقريباً، ف«رؤية مصر 2030»، والسردية الوطنية، وخطة التنمية الاقتصادية المقدمة إلى البرلمان، جميعها تتحدث عن إصلاح الاقتصاد، وتحسين جودة الحياة، وزيادة معدلات التشغيل والاستثمار، ورفع مستويات النمو، لكن المشكلة، تكمن في غياب التنفيذ والاستقرار على برنامج واضح يمكن متابعته ومحاسبة الجهات المسؤولة عن تنفيذه. وأضاف فؤاد أن مصر انتقلت خلال سنوات قليلة بين أكثر من برنامج اقتصادي من دون أن تستقر على إطار واحد واضح ومحدد، ما أدى إلى غياب البوصلة الاقتصادية وإضعاف القدرة على تقييم الأداء ومراقبة التنفيذ. هل يختلف البرنامج المصري عن برنامج صندوق النقد؟ يؤكد فؤاد أن برنامج صندوق النقد الدولي يركز بصورة أساسية على الاقتصاد الكلي، بما يشمل إصلاح المالية العامة، وسعر الصرف، وتعبئة الموارد، وتقليص دور الدولة في النشاط الاقتصادي، «أما الجوانب المتعلقة بالاقتصاد الجزئي، مثل جودة النمو ومعدلات الفقر والتعليم والصحة، فلا تحظى بالاهتمام نفسه داخل برامج الصندوق». ويرى عضو مجلس النواب المصري ورئيس مركز العدل لدراسات السياسة العامة أن الحديث عن برنامج اقتصادي مصري لا ينبغي أن يعني القطيعة مع برنامج الصندوق بقدر ما يعني امتلاك الدولة برنامجاً تقوده بنفسها وتحدد أولوياته وفقاً لاحتياجاتها التنموية. لكنه يشدد في الوقت نفسه على أن أي برنامج، سواء كان محلياً أو بالتعاون مع المؤسسات الدولية، سيظل بحاجة إلى شروط واضحة، ومستهدفات محددة، وآليات للتنفيذ، والمتابعة. وفي مارس من عام 2024 توصّلت الحكومة المصرية إلى اتفاق مع بعثة صندوق النقد الدولي ، يتضمن زيادة قيمة القرض الأصلي من 3 مليارات دولار إلى نحو 8 مليارات دولار، بالإضافة إلى حصولها على 1.2 مليار دولار إضافية من صندوق الاستدامة التابع لصندوق النقد، ليصل إجمالي القرض إلى نحو 9.2 مليار دولار. أربع وثائق اقتصادية تشكل البرنامج الجديد ينتقد فؤاد ما يصفه بالنزعة المستمرة إلى البدء من جديد مع كل مرحلة، بدلاً من البناء على ما تم إنجازه سابقاً، قائلاً «مصر تمتلك بالفعل أربع وثائق اقتصادية رئيسية يمكن أن تشكل أساساً لبرنامج اقتصادي وطني متكامل، وهي رؤية 2030، وبرنامج الإصلاحات الهيكلية، والسردية الوطنية، وخطة التنمية الاقتصادية». وأضاف عضو مجلس النواب المصري ورئيس مركز العدل لدراسات السياسة العامة أن المطلوب ليس إنتاج وثيقة خامسة أو سادسة، وإنما جمع هذه الوثائق في إطار موحد والإعلان عن الالتزام بتنفيذه حتى عام 2030، «فإعادة إطلاق البرامج من نقطة الصفر كل عدة سنوات تؤدي إلى إهدار الوقت والجهد، وتخلق حالة من عدم اليقين بشأن اتجاهات السياسة الاقتصادية». هل تستطيع مصر الاستغناء عن صندوق النقد؟ في ما يتعلق بمستقبل العلاقة مع صندوق النقد الدولي، يرى فؤاد أن الإجابة ترتبط بعامل واحد هو ميزان المدفوعات، «فكلما اتسعت الفجوة التمويلية وازدادت الضغوط على العملة الأجنبية وسعر الصرف، تصبح العودة إلى الصندوق أمراً شبه حتمي، كما حدث في محطات سابقة، أما إذا نجحت مصر في تغيير هيكل اقتصادها وتقليص انكشافه على الخارج، وتحسين قدرته على توليد النقد الأجنبي بصورة مستدامة، فمن الممكن أن تتمكن من الاستغناء عن برامج الصندوق لفترات أطول». ويقول فؤاد إن التحدي الحقيقي لا يكمن في إعداد برنامج اقتصادي جديد، بل في امتلاك الإرادة السياسية والمؤسسية لتنفيذ برنامج واضح ومستقر، يمكن مراقبته ومحاسبة المسؤولين عن نتائجه، «فبالنسبة للاقتصاد المصري، قد لا تكون المشكلة في غياب الخطط، وإنما في القدرة على تحويل هذه الخطط إلى واقع ملموس يشعر به المواطن في حياته اليومية».,2026-07-07T09:48:45.364060+00:00,
google_news,general,https://www.cnewsarab.com/%D8%A7%D9%84%D8%A8%D9%86%D9%83-%D8%A7%D9%84%D8%A3%D9%87%D9%84%D9%8A-%D8%A7%D9%84%D9%85%D8%B5%D8%B1%D9%8A-%D9%8A%D8%AA%D8%B5%D8%AF%D8%B1-%D8%A7%D9%84%D8%B3%D9%88%D9%82-%D8%A7%D9%84%D9%85%D8%B5%D8%B1/,البنك الأهلي المصري يتصدر السوق المصرفي في القروض المشتركة خلال النصف الأول من 2026 بإدارة 19 صفقة تمويلية بقيمة 168.9 مليار جنيه - - سي نيوز,,2026-07-07 08:57:00+00:00,البنك الأهلي المصري يتصدر السوق المصرفي في القروض المشتركة خلال النصف الأول من 2026 بإدارة 19 صفقة تمويلية بقيمة 168.9 مليار جنيه&nbsp;&nbsp;- سي نيوز,- سي نيوز,ar,,,2026-07-07T09:48:45.915539+00:00,Extraction failed: Failed to fetch: 403 Client Error: Forbidden for url: https://www.cnewsarab.com/%D8%A7%D9%84%D8%A8%D9%86%D9%83-%D8%A7%D9%84%D8%A3%D9%87%D9%84%D9%8A-%D8%A7%D9%84%D9%85%D8%B5%D8%B1%D9%8A-%D9%8A%D8%AA%D8%B5%D8%AF%D8%B1-%D8%A7%D9%84%D8%B3%D9%88%D9%82-%D8%A7%D9%84%D9%85%D8%B5%D8%B1/
google_news,general,https://www.almasryalyoum.com/news/details/4309653,تقرير استخباراتي أوروبي يحذر من أزمة مالية في روسيا | المصري اليوم,عمر علاء,2026-07-06 23:31:00+00:00,حذّر تقرير استخباراتي أوروبي من أن روسيا تواجه خطر أزمة مصرفية «انفجارية» نتيجة تحمّل البنوك العبء الأكبر في تمويل اقتصاد الحرب، وذلك فى وقت يستعد فيه الاتحاد الأوروبى...,المصري اليوم,ar,163,حذّر تقرير استخباراتي أوروبي من أن روسيا تواجه خطر أزمة مصرفية «انفجارية» نتيجة تحمّل البنوك العبء الأكبر في تمويل اقتصاد الحرب، وذلك فى وقت يستعد فيه الاتحاد الأوروبى لإقرار الحزمة ال21 من العقوبات التي يُتوقع أن تستهدف البنوك وشبكات العملات المشفرة. وبحسب التقرير الذي أعد خلال الأسابيع الأخيرة لإطلاع المسؤولين الأوروبيين على أوضاع القطاع المصرفى الروسى، فإن البنوك أصبحت أكثر عرضة لتداعيات أى تشديد إضافى للعقوبات الغربية، بعدما اضطلعت بدور رئيسى فى تمويل الشركات الدفاعية، ومشروعات الدولة، وبرامج الرهن العقارى المدعومة، ما أخفى هشاشة متزايدة فى ميزانياتها، بحسب وكالة «روتيرز». ويأتى هذا التحذير بعد أكثر من أربع سنوات من الحرب فى أوكرانيا، التى دفعت الحكومة الروسية إلى الاعتماد بصورة متزايدة على البنوك لتمويل الاقتصاد فى ظل ارتفاع الإنفاق العسكرى واستنزاف المالية العامة. وتشير تقديرات مؤسسة «كارنيجي للسلام الدولي» إلى أن الإنفاق العسكري والأمني استحوذ على 41% من إجمالى الإنفاق العام الروسى فى موازنة 2025، ما يعكس حجم الضغوط الواقعة على المالية العامة والقطاع المصرفى، الذي أصبح أحد أهم أدوات تمويل الاقتصاد خلال الحرب.,2026-07-07T09:48:45.651502+00:00,
google_news,general,https://www.shorouknews.com/news/view.aspx?cdate=06072026&id=75c7dbac-26b0-4e48-a85e-0c9232c1cbb7,البنك الأهلي المصري يدير 19 صفقة تمويلية بقيمة 168.9 مليار جنيه - بوابة الشروق,,2026-07-06 12:21:27+00:00,• بلومبرج الأهلي المصري الأول في السوق المصرفي المصري كوكيل للتمويل ومرتب رئيسي ومسوق للتمويل وبنك المستندات للقروض المشتركة، والثاني في قارة أفريقيا كمسوق ومرت,,ar-eg,668,• بلومبرج الأهلي المصري الأول في السوق المصرفي المصري كوكيل للتمويل ومرتب رئيسي ومسوق للتمويل وبنك المستندات للقروض المشتركة، والثاني في قارة أفريقيا كمسوق ومرتب رئيسي للتمويل، والخامس كوكيل للتمويل ومسوق للتمويل على مستوى منطقة الشرق الأوسط وشمال أفريقيا أنهت القروض المشتركة بالبنك الأهلي المصري في النصف الاول عن عام 2026 بتحقيق نتائج متميزة وفقا ونتائج التقييم التي أعدتها مؤسسة بلومبرج العالمية عن القائمة الخاصة بالقروض المشتركة والتي اظهرت حصول البنك الأهلي المصري على المركز الأول كأفضل بنك في السوق المصرفي المصري عن قيامه بأدوار وكيل التمويل ومرتب رئيسي ومسوق للتمويل وبنك المستندات. بالإضافة الى ذلك أظهرت النتائج أيضا تحقيق البنك الأهلي المصري المركز الأول كبنك المستندات، المركز الثاني كمسوق ومرتب رئيسي للتمويل والمركز الثالث كوكيل للتمويل على مستوى قارة أفريقيا، كما أظهرت النتائج على مستوى منطقة الشرق الأوسط وشمال أفريقيا حصول البنك الأهلي المصري على المركز الأول كبنك المستندات، المركز الخامس كوكيل للتمويل ومسوق للتمويل والمركز السادس كمرتب رئيسي، حيث استطاع البنك إدارة 19 صفقة تمويلية منها 13 صفقات كوكيل للتمويل، وذلك بقيمة إجمالية تبلغ 168.9 مليار جنيه حتى النصف الأول عن عام 2026. وتعقيبا على استمرار البنك في الحفاظ على تلك المراكز المتقدمة، أكد محمد الاتربي الرئيس التنفيذي للبنك الأهلي المصري أن نتائج التقييم تعتبر بمثابة شهادة من مؤسسة دولية متخصصة وذات ثقل ومصداقية كبيرة على المستوى الدولي لريادة البنك في مجال القروض المشتركة في مصر وأفريقيا ومنطقة الشرق الأوسط، مشيراً إلى أن هذا النجاح يأتي انعكاسا لحرص البنك المستمر على توفير الاحتياجات التمويلية اللازمة للمشروعات الكبرى من خلال قيامه بترتيب وإدارة وتسويق صفقات القروض المشتركة ذات الجدارة الائتمانية والجدوى الاقتصادية المرتفعة التي تساهم في خلق قيمة مضافة للاقتصاد المصري ودفع عجلة التنمية، ودعم خطط الدولة للنهوض بمختلف القطاعات الاقتصادية مثل النقل، التعليم، الاتصالات، السياحة، الطاقة، التطوير العقاري ومواد البناء والصناعات الغذائية والزراعة، مما يساهم بشكل إيجابي في دعم التنمية الاقتصادية المستدامة للبلاد وتوطين الصناعة وتوفير المزيد من فرص العمل للشباب المصري، وبما ينعكس على تقليل الاستيراد وزيادة معدلات التصدير وبالتالي تحسين أداء الميزان التجاري وتعظيم موارد الاقتصاد المصري من العملات الأجنبية، مشيرا الى ان ذلك النجاح يأتي على الرغم من التحديات الكبيرة التي شهدتها مصر والعالم خلال الفترات الأخيرة وتبعاتها على الاقتصاد المصري والعالمي. ومن جانبها أعربت سهى التركي نائب الرئيس التنفيذي للبنك الأهلي المصري عن اعتزازها باستمرار البنك في تحقيق تلك المكانة المميزة في أحد القطاعات الحيوية بالبنك، مؤكدة على أن البنك يولي صفقات القروض المشتركة عناية فائقة، مستنداً في ذلك إلى شبكة العلاقات القوية والمتنامية التي تربط البنك بالبنوك المحلية ومؤسسات التمويل الإقليمية والدولية التي تتوافر لديها الثقة في قدرة البنك الأهلي المصري على إتمام وإدارة الصفقات الكبرى بمهنية وحرفية عالية بالإضافة إلى قاعدة رأسمالية ضخمة تسمح للبنك بتوفير مختلف أنواع التمويلات اللازمة لتمويل المشروعات الكبرى والتي تتماشى مع احتياجات العملاء المختلفة وطبيعة النشاط الاقتصادي لكل مشروع. وأشارت الى أن تلك النتائج تعد بمثابة حافز للعاملين على بذل المزيد من الجهد للحفاظ على تلك المكانة، وأن يكون البنك الأهلي المصري الاختيار الأول لعملاء القروض المشتركة من المستثمرين المحليين والأجانب بما في ذلك شركات القطاع الخاص بما يدعم مكانة البنك الرائدة باعتباره أكبر البنوك العاملة في مصر. كما صرح شريف رياض الرئيس التنفيذي للائتمان المصرفي للشركات والقروض المشتركة بالبنك الأهلي المصري أن هذا النجاح يدل على احترافية البنك وقدرته على ترتيب وإدارة القروض المشتركة في مختلف القطاعات والقدرة على تحقيق التعاون المثمر بين كافة البنوك العاملة في مصر وصلابة القطاع المصرفي، وتوفير السيولة النقدية لمختلف القطاعات الاقتصادية كما يعكس الجهود المبذولة من جانب المختصين وفرق العمل بالبنك التي نجحت في إبرام 19 صفقة في عدة قطاعات اقتصادية وذلك من خلال حلول تمويلية مختلفة ومتكاملة، بما في ذلك 13 صفقات كان فيها البنك الأهلي المصري وكيلا للتمويل وهو ما يمثل 11.63% من إجمالي صفقات القروض المشتركة في قارة افريقيا خلال النصف الأول عن عام 2026. وأضاف أحمد السرسي رئيس مجموعة تمويل القروض المشتركة بالبنك الأهلي المصري أن نجاح البنك في إبرام عدد كبير من الصفقات التمويلية بمختلف القطاعات يعكس فاعلية القروض المشتركة وقدرتها على تلبية الاحتياجات التمويلية المختلفة للعملاء من خلال الدراسة الدقيقة لتلك الاحتياجات واعداد الإطار التمويلي الأنسب وفقا وطبيعة كل مشروع، بالإضافة الى قيام البنك بدور المستشار المالي في عدة مشاريع استراتيجية والمساهمة في ترتيب إصدارات سندات التوريق والصكوك لصالح العديد من العملاء.,2026-07-07T09:48:46.665951+00:00,
google_news,general,https://akhbarelyom.com/news/newdetails/4846354/1/%D9%88%D8%B2%D9%8A%D8%B1-%D8%A7%D9%84%D9%85%D8%A7%D9%84%D9%8A%D8%A9-%D9%8A%D8%AA%D9%81%D8%A7%D8%B9%D9%84-%D9%85%D8%B9-%D8%A7%D9%84%D8%B4%D8%A8%D8%A7%D8%A8-%D8%A7%D9%84%D9%85%D8%B5%D8%B1%D9%89-%D8%A7%D9%84%D9%85,وزير المالية يتفاعل مع الشباب المصرى المبتكر.. ويسدد ركلة ترجيحية «رمزية»,akhbarelyom,2026-07-06 12:46:42+00:00,بوابة أخبار اليوم الإلكترونية,بوابة اخبار اليوم,,196,شارك أحمد كجوك وزير المالية، فى افتتاح المركز الجديد للخدمات الرقمية لشركة «كوكاكولا هيلينك» بالقاهرة، وتفاعل مع الشباب المصرى المبتكر، وسدد ركلة ترجيحية «رمزية» تشجيعًا لإحدى الألعاب الترفيهية «التى ابتكرها العاملون بالمركز». اقرا ايضا | ب 12 مليار دولار.. وزير الاستثمار والتجارة الخارجية يشهد افتتاح المركز الرقمي لكوكاكولا أكد كجوك، أننا نثق فى قدرة شبابنا على تحويل مصر لمركز إقليمي للخدمات الرقمية والابتكار، موضحًا أننا لدينا كوادر مؤهلة.. مهندسين ومطورين ومتخصصين، ومنظومة تكنولوجية متنامية، وبنية تحتية رقمية جاهزة لتصدير الخدمات، لافتًا إلى أن هناك ٢٥٠ شابًا مصريًا بالمركز يقدمون خدمات متقدمة فى تكنولوجيا المعلومات والذكاء الاصطناعي وهندسة البرمجيات. أوضح الوزير، أن شبابنا المبدع والمبتكر يخدم الآن ٢٧ سوقًا وهناك آفاق للتوسع وإضافة ١٤ سوقًا أخرى في أفريقيا، مؤكدًا أن وزارة الاتصالات وتكنولوجيا المعلومات قامت بجهود مميزة وخلقت شراكات متطورة لخدمة تنافسية القطاع الخاص ودعم القطاع التكنولوجى بمصر. أشار الوزير، إلى أن افتتاح هذا المركز بالقاهرة يعد خطوة مهمة لدفع صادرات الخدمات الرقمية، وأنه مازال لدينا فرص استثمارية كبيرة لزيادة مساهماتها فى الاقتصاد المصرى، كما يعد شهادة ثقة جديدة من المستثمرين الدوليين في الاقتصاد المصرى وفى قدرة وإمكانيات شبابنا. قال كجوك، إننا نستهدف جذب المزيد من الاستثمارات النوعية القائمة على التكنولوجيا والابتكار لخلق فرص عمل مميزة لشبابنا.,2026-07-07T09:48:46.619130+00:00,
google_news,general,https://fintechgate.net/245898,«بلومبرج»: البنك الأهلي المصري الأول في مصر في القروض المشتركة خلال النصف الأول من 2026 ب 19 صفقة تمويلية بقيمة 168.9 مليار جنيه,,2026-07-06 12:36:43+00:00,حقق البنك الأهلي المصري نتائج متميزة في نشاط القروض المشتركة خلال النصف الأول من عام 2026، وفقًا لنتائج التقييم الصادرة عن مؤسسة,بوابة التكنولوجيا المالية – Fintechgate - fintechgate,ar-eg,628,الثالث في أفريقيا كوكيل للتمويل حقق البنك الأهلي المصري نتائج متميزة في نشاط القروض المشتركة خلال النصف الأول من عام 2026، وفقًا لنتائج التقييم الصادرة عن مؤسسة بلومبرج العالمية للقائمة الخاصة بالقروض المشتركة، والتي أظهرت حصول البنك على المركز الأول كأفضل بنك في السوق المصرفي المصري في أدوار وكيل التمويل، والمرتب الرئيسي، ومسوق التمويل، وبنك المستندات. كما أظهرت نتائج التقييم حصول البنك الأهلي المصري على المركز الأول كبنك مستندات، والمركز الثاني كمسوق ومرتب رئيسي للتمويل، والمركز الثالث كوكيل للتمويل على مستوى قارة أفريقيا. وعلى مستوى منطقة الشرق الأوسط وشمال أفريقيا، حصل البنك الأهلي المصري على المركز الأول كبنك مستندات، والمركز الخامس كوكيل للتمويل ومسوق للتمويل، والمركز السادس كمرتب رئيسي. واستطاع البنك إدارة 19 صفقة تمويلية، منها 13 صفقة كوكيل للتمويل، بقيمة إجمالية بلغت 168.9 مليار جنيه حتى نهاية النصف الأول من عام 2026. وأكد محمد الإتربي، الرئيس التنفيذي للبنك الأهلي المصري، أن نتائج التقييم تمثل شهادة من مؤسسة دولية متخصصة وذات ثقل ومصداقية كبيرة على المستوى الدولي، تؤكد ريادة البنك في مجال القروض المشتركة في مصر وأفريقيا ومنطقة الشرق الأوسط. توفير الاحتياجات التمويلية وأشار الإتربي إلى أن هذا النجاح يأتي انعكاسًا لحرص البنك المستمر على توفير الاحتياجات التمويلية اللازمة للمشروعات الكبرى، من خلال ترتيب وإدارة وتسويق صفقات القروض المشتركة ذات الجدارة الائتمانية والجدوى الاقتصادية المرتفعة، بما يساهم في خلق قيمة مضافة للاقتصاد المصري ودفع عجلة التنمية. وأوضح أن البنك يواصل دعم خطط الدولة للنهوض بمختلف القطاعات الاقتصادية، ومن بينها النقل، والتعليم، والاتصالات، والسياحة، والطاقة، والتطوير العقاري، ومواد البناء، والصناعات الغذائية، والزراعة، بما يساهم في دعم التنمية الاقتصادية المستدامة، وتوطين الصناعة، وتوفير المزيد من فرص العمل للشباب المصري. وأضاف أن هذه التمويلات تنعكس إيجابيًا على تقليل الاستيراد، وزيادة معدلات التصدير، وتحسين أداء الميزان التجاري، وتعظيم موارد الاقتصاد المصري من العملات الأجنبية، مشيرًا إلى أن هذا النجاح تحقق رغم التحديات الكبيرة التي شهدتها مصر والعالم خلال الفترات الأخيرة وتداعياتها على الاقتصادين المصري والعالمي. توفير السيولة النقدية ومن جانبها، أعربت سهى التركي، نائب الرئيس التنفيذي للبنك الأهلي المصري، عن اعتزازها باستمرار البنك في تحقيق تلك المكانة المتميزة في أحد القطاعات الحيوية داخل البنك، مؤكدة أن البنك يولي صفقات القروض المشتركة عناية فائقة. وأوضحت أن البنك يستند في ذلك إلى شبكة العلاقات القوية والمتنامية التي تربطه بالبنوك المحلية ومؤسسات التمويل الإقليمية والدولية، والتي تضع ثقتها في قدرة البنك الأهلي المصري على إتمام وإدارة الصفقات الكبرى بمهنية وحرفية عالية. وأضافت أن البنك يمتلك قاعدة رأسمالية ضخمة تسمح له بتوفير مختلف أنواع التمويلات اللازمة للمشروعات الكبرى، بما يتماشى مع احتياجات العملاء المختلفة وطبيعة النشاط الاقتصادي لكل مشروع. وأكدت أن تلك النتائج تمثل حافزًا للعاملين على بذل المزيد من الجهد للحفاظ على مكانة البنك، وتعزيز موقعه كاختيار أول لعملاء القروض المشتركة من المستثمرين المحليين والأجانب، بما في ذلك شركات القطاع الخاص، وبما يدعم مكانة البنك الرائدة باعتباره أكبر البنوك العاملة في مصر. وقال شريف رياض، الرئيس التنفيذي للائتمان المصرفي للشركات والقروض المشتركة بالبنك الأهلي المصري، إن هذا النجاح يعكس احترافية البنك وقدرته على ترتيب وإدارة القروض المشتركة في مختلف القطاعات، إلى جانب قدرته على تحقيق التعاون المثمر بين البنوك العاملة في مصر، بما يؤكد صلابة القطاع المصرفي وقدرته على توفير السيولة النقدية لمختلف القطاعات الاقتصادية. وأضاف أن فرق العمل المختصة بالبنك نجحت في إبرام 19 صفقة في عدة قطاعات اقتصادية من خلال حلول تمويلية مختلفة ومتكاملة، من بينها 13 صفقة تولى فيها البنك الأهلي المصري دور وكيل التمويل، وهو ما يمثل 11.63% من إجمالي صفقات القروض المشتركة في قارة أفريقيا خلال النصف الأول من عام 2026. ومن جانبه، أكد أحمد السرسي، رئيس مجموعة تمويل القروض المشتركة بالبنك الأهلي المصري، أن نجاح البنك في إبرام عدد كبير من الصفقات التمويلية بمختلف القطاعات يعكس فاعلية القروض المشتركة وقدرتها على تلبية الاحتياجات التمويلية المتنوعة للعملاء، من خلال الدراسة الدقيقة لتلك الاحتياجات وإعداد الإطار التمويلي الأنسب وفقًا لطبيعة كل مشروع. وأشار إلى أن البنك الأهلي المصري قام أيضًا بدور المستشار المالي في عدد من المشروعات الاستراتيجية، إلى جانب المساهمة في ترتيب إصدارات سندات التوريق والصكوك لصالح العديد من العملاء.,2026-07-07T09:48:47.952422+00:00,
google_news,general,https://economyplusme.com/177760/,"تباطؤ التضخم وتحسن الجنيه يرجحان سيناريو تثبيت ""المركزي"" أسعار الفائدة",,2026-07-06 17:01:43+00:00,تتجه أنظار الأسواق المحلية إلى اجتماع لجنة السياسة النقدية بالبنك المركزي المصري المقرر عقده الخميس 9 يوليو 2026، وسط توقعات واسعة,Economy Plus,ar,674,كتبت – ندى عادل تتجه أنظار الأسواق المحلية إلى اجتماع لجنة السياسة النقدية بالبنك المركزي المصري المقرر عقده الخميس 9 يوليو 2026، وسط توقعات واسعة بتثبيت أسعار الفائدة على الإيداع والإقراض للمرة الثالثة خلال 2026، في ظل تباطؤ معدل التضخم السنوي وتحسن سوق الصرف، مقابل استمرار بعض الضغوط التضخمية التي تدفع المركزي إلى التريث قبل استئناف دورة التيسير النقدي. كانت لجنة السياسة النقدية قد قررت في اجتماعها المنعقد يوم 21 مايو الماضي الإبقاء على أسعار الفائدة لليلة واحدة للإيداع والإقراض عند 19% و20% على التوالي، بعد خفض تراكمي بلغ 825 نقطة أساس منذ عام 2025، من إجمالي رفع وصل إلى 1900 نقطة أساس منذ بدء سياسة التشديد النقدي في عام 2022. تدعم بيانات التضخم الأخيرة سيناريو تثبيت الفائدة، إذ تباطأ معدل التضخم السنوي في المدن المصرية إلى 14.6% خلال مايو الماضي، مقابل 14.9% في أبريل، وفقًا لبيانات الجهاز المركزي للتعبئة العامة والإحصاء، إلا أن التضخم الشهري ارتفع إلى 1.6% مقارنة ب1.1% في الشهر السابق، بما يعكس استمرار بعض الضغوط السعرية. رغم التراجع الملحوظ في معدلات التضخم خلال الأشهر الأخيرة، فإنها لا تزال أعلى من المستهدفات التي يسعى البنك المركزي إلى تحقيقها، الأمر الذي يدعم توجه لجنة السياسة النقدية نحو الإبقاء على أسعار الفائدة دون تغيير، لحين التأكد من استدامة المسار النزولي للتضخم. لا مبررات للخفض أو الرفع حاليًا في هذا الصدد، رجحت سارة سعادة، كبيرة محللي الاقتصاد الكلي بشركة سي آي كابيتال، تثبيت البنك المركزي لأسعار الفائدة خلال اجتماعه المقبل، مشيرة إلى أنه لا توجد مبررات لرفع الفائدة في ظل تراجع معدلات التضخم. قالت سعادة، خلال حديثها مع “إيكونومي بلس”، إنه قد يفضل البنك المركزي الانتظار قبل استكمال سياسة التيسير النقدي حتى تتضح الصورة بشكل أكبر بشأن اتجاهات الأسعار خلال الفترة المقبلة. تبنى الرأي نفسه، مصطفى شفيع، رئيس قسم البحوث بشركة أسطول القابضة، إذ اعتقد أن تثبيت أسعار الفائدة هو الخيار الأقرب، لا سيما أن الأوضاع الحالية لا تستدعي خفضًا أو رفعًا للفائدة، خاصة مع وجود حالة من الترقب وعدم اليقين بشأن التطورات الاقتصادية العالمية. كما أشار شفيع، ل”إيكونومي بلس”، إلى أن هناك حزمة من العوامل تمنح البنك المركزي المصري مساحة للاستمرار في سياسة التريث خلال الاجتماع المقبل، تشمل إبقاء مجلس الاحتياطي الفيدرالي الأمريكي، خلال اجتماعه الأخير، على أسعار الفائدة عند نطاق يتراوح بين 3.5% و3.75%، إلى جانب تحسن سعر صرف الجنيه أمام الدولار، وتراجع أسعار النفط عالميًا. التوترات الجيوسياسية وأسعار النفط تحت المراقبة لم يختلف رأي محمد عبد العال، عضو مجلس إدارة البنك المصري الخليجي، عن الآراء السابقة، إذ يرى أن البنك المركزي يفضل الترقب والتأكد من استدامة تراجع معدلات التضخم خلال الأشهر المقبلة. وقال عبد العال، ل”إيكونومي بلس”: “التوقعات تشير إلى استمرار انخفاض معدل التضخم العام خلال يونيو امتدادًا للتراجع المسجل في مايو، إلا أن البنك المركزي قد يفضل الإبقاء على أسعار الفائدة دون تغيير لحين التأكد من استمرار الهدوء النسبي في التوترات الجيوسياسية وانعكاس ذلك على معدلات التضخم”. تابع: “استقرار التضخم الأساسي وتراجع حدة التوترات الجيوسياسية، وما ترتب عليه من هدوء نسبي في أسعار النفط العالمية، عززا حالة من التفاؤل بشأن استمرار المسار النزولي للتضخم خلال الفترة المقبلة، وهو ما قد يدعم قرارات السياسة النقدية مستقبلًا”. تمديد مستهدفات التضخم إلى 2027.. سيناريو مطروح كما توقع عبد العال أن تقر لجنة السياسة النقدية تمديد النطاق الزمني لمستهدفات التضخم إلى نهاية عام 2027 بدلًا من نهاية 2026، مع الإبقاء على المستهدف عند 7% (±2 نقطة مئوية) في المتوسط، بما يمنح البنك المركزي مساحة زمنية أكبر لضمان استدامة تراجع الضغوط التضخمية. ضغوط الأسعار تعزز سيناريو التثبيت في السياق ذاته، قال معتز حامد، محلل مالي بأحد البنوك، إن تثبيت أسعار الفائدة يعد السيناريو الأقرب، موضحًا أن معدلات التضخم لا تزال أعلى من المستويات المستهدفة، خاصة في ظل انعكاسات ارتفاع أسعار الوقود وتكلفة الكهرباء على أسعار السلع والخدمات. أضاف، ل”إيكونومي بلس”، أن البنك المركزي قد يفضل الحفاظ على استقرار الأسواق ومراقبة تطورات الأوضاع الاقتصادية خلال الفترة المقبلة، خاصة مع ترقب نتائج التطورات الجيوسياسية العالمية وتأثيرها على أسعار الطاقة والتضخم، قبل اتخاذ أي قرار جديد بشأن أسعار الفائدة. بدوره، توقع ماجد فهمي، رئيس بنك التنمية الصناعية الأسبق، في حديثه ل”إيكونومي بلس”، أن تتجه لجنة السياسة النقدية إلى تثبيت أسعار الفائدة خلال اجتماعها المرتقب، في ظل استمرار التوازن بين مستهدفات خفض التضخم ومتطلبات دعم النشاط الاقتصادي. لمتابعة أخر الأخبار والتحليلات من إيكونومي بلس عبر واتس اب اضغط هنا,2026-07-07T09:48:47.808519+00:00,
google_news,general,https://www.elbalad.news/7028865,3 سيناريوهات تحدد مصير الفائدة في مصر الخميس المقبل| تحليل,,2026-07-06 12:02:00+00:00,تنتظر الأوساط الاقتصادية والمالية في مصر ومنطقة الشرق الأوسط خلال ال 3 أيام القلائل المقبلة قرار لجنة السياسيات النقدية بالبنك المركزي المصري؛ الخاص بتحديد الفائدة بكافة المعاملات المصرفية رسميًا .,صدى البلد,ar-eg,553,"تنتظر الأوساط الاقتصادية والمالية في مصر ومنطقة الشرق الأوسط خلال ال 3 أيام القلائل المقبلة قرار لجنة السياسيات النقدية بالبنك المركزي المصري؛ الخاص بتحديد الفائدة بكافة المعاملات المصرفية رسميًا . البنك المركزي و التغييرات الجيوسياسية وتخطط لجنة السياسيات النقدية بالبنك المركزي المصري اعتبارًا من الخميس المقبل؛ لكبح جماح التضخم بفعل تداعيات التغيرات الجيوساسية التي خلفتها الأزمة الإيرانية الأمريكية وتأثيرتها على الاقتصادين العالمي والإقليمي. الاقتصاد و سعر الفائدة من واقع تصريحات المتخصصين والمعنيين بالشأن الاقتصادي، فإن سعر الفائدة يعد مؤشرا قويًا في دعم الاقتصاد القومي أو التأثير عليه سواء بتخفيض الفائدة أو رفعها. ويعني خفض الفائدة في البنوك تشجيع المؤسسات والمستثمرين في الحصول على تمويلات بسعر مخفض مما يساعد على تشجيع الاستثمار ويزيد من فرص العمل في البلاد أما بالنسبة لرفع سعر الفائدة فهو مهم بعض الشئ حيث تلجأ له السلطات النقدية لجذب السيولة إلي الجهاز المصرفي بهدف مواجهة التضخم. 3 سيناريوهات للفائدة في مصر يواجه البنك المركزي المصري 3 سيناريوهات محتملة لسعر الفائدة خلال اجتماع الرابع لهذا العام تتضمن السيناريو الأول - تخفيض الفائدة : يعد ذلك السيناريو وهو أضعف التصورات غير المتوقعة؛ فبالرغم من التوقعات الاقتصادية بشأن معدلات التضخم المحتمل ارتفاعها؛ إلا أن البنك المركزي المصري قد يلجأ لخفض الفائدة بواقع يتراوح بين 0.25 ولا يتجاوز 1% عما هي عليه الآن ليصل متوسط الفائدة 18% لعائد الإيداع و 19% للإقتراض لليلة واحدة و 18.5% لأسعار عوائد "" العملية الرئيسية للبنك المركزي، الإئتمان، الخصم"" ذلك حال الخفض بنسبة 1% بما يعادل 100 نقطة أساسية. السيناريو الثاني – رفع الفائدة يعد ذلك السيناريو هو الأقرب نسبيًا حيث من المتوقع أن يلجأ صناع السياسيات النقدية في مصر؛ لرفع الفائدة بمتوسط يتراوح بين 0.25 و 0.5%؛ لاختبار السوق بعد فترات من الركود جراء تثبيت الفائدة علي مدار اجتماعين متصلين هما الثاني والثالث من العام الجاري، بالرغم من تغيير البنوك المركزية العالمية لسياسيات مرونة الفائدة بسبب تداعيات الحرب الإيرانية الأمريكية الإسرائيلية وتداعياتها على المنطقة والاقتصاديات العالمية والاقليمية. السيناريو الثالث – استمرار التثبيت ويعتبر ذلك السيناريو هو الأكثر توقعًا من جانب الخبراء والمعنيين بالملفين الاقتصادي والمالي؛ حيث من الممكن أن يلجأ البنك المركزي المصري للإبقاء علي الفاءءئدة بدون تغيير للمرة الثالثة على التوالي ومراقبة الأجواء عن كثب بعد ابقاء مجلس الاحتياطي الفيدرالي على سعر الفائدة لديه على مضض. توقعات سعر الفائدة من واقع التصريحات التي أدلى بها الخبراء والمتخصصون وبنوك الاستثمار، بشأن اجراءات اجتماع لجنة السياسيات النقدية المزمع عقده الخميس؛ حيث يؤكد المتخصصون لجوء البنك المركزي إلي الابقاء علي سعر الفائدة دون تحريك للمرة الثانية علي التوالي. و أرجعت تصريحات بنوك الاستثمار أسباب توجه البنك المركزي المصري لتثبيت سعر الفائدة، نظرًا لارتفاع معدلات عدم اليقين و استمرار حالة الترقب للأوضاع الجيوسياسية الراهنة مع تخوف ارتفاع وتيرة التضخم. سعر الفائدة الحالي في الاجتماع الثالث للجنة السياسات النقدية والمنعقد في مايو الماضي، قرر البنك المركزي المصري تثبت سعر الفائدة علي المعاملات المصرفية للمرة الثالثة على التوالي. ووصل سعر عائد الإيداع لليلة واحدة عند 19%، وسعر الإقراض عند 20%، وسعر العملية الرئيسية عند 19.5%. تثبيت الفائدة وعلقت قالت هبة منير، محلل أسواق المال، أن تداعيات الجيوسياسية بسبب الحرب التي تشهدها المنطقة لا تزال مؤثرة علي اقتصادنا القومي بالرغم من استقرار الوضع الخارجي للاقتصاد المصري مع مرونة سعر الصرف مكن الاقتصاد من استيعاب تداعيات هذا الصراع بشكل جيد نسبياً حتى الآن. وارتفع معدل الاحتياطي النقدي بمعدل 1.68 مليار دولار منذ بداية العام حتى تاريخه ليصل إلى 53.1 مليار دولار في مايو2026. وأوضحت أن المؤشرات التي نجحت فيها مصر حيث أن يبقي البنك المركزي المصري على أسعار الفائدة دون تغيير خلال اجتماعه المقبل",2026-07-07T09:48:47.601224+00:00,
google_news,general,https://amwalalghad.com/2026/07/06/%D8%B1%D8%A6%D9%8A%D8%B3-%D8%A7%D9%84%D8%B1%D9%82%D8%A7%D8%A8%D8%A9-%D8%B9%D9%84%D9%89-%D8%A7%D9%84%D8%B5%D8%A7%D8%AF%D8%B1%D8%A7%D8%AA-%D8%A2%D9%84%D9%8A%D8%A9-%D8%A7%D9%84%D9%83%D8%B1%D8%A8%D9%88/,رئيس الرقابة على الصادرات: آلية الكربون الأوروبية تفرض واقعًا جديدًا على الصناعة المصرية | أموال الغد,سناء علام,2026-07-06 16:38:45+00:00,أكد اللواء عصام النجار رئيس الهيئة العامة للرقابة على الصادرات والواردات، أن التحول نحو الاقتصاد الأخضر أصبح ضرورة استراتيجية للحفاظ على تنافسية الصناعة المصرية وتعزيز قدرة المنتجات الوطنية على النفاذ…,أموال الغد,ar,415,أكد اللواء عصام النجار رئيس الهيئة العامة للرقابة على الصادرات والواردات، أن التحول نحو الاقتصاد الأخضر أصبح ضرورة استراتيجية للحفاظ على تنافسية الصناعة المصرية وتعزيز قدرة المنتجات الوطنية على النفاذ إلى الأسواق العالمية، في ظل المتغيرات المتسارعة التي تشهدها منظومة التجارة الدولية، والتي باتت تضع معايير الاستدامة والالتزام البيئي في صدارة متطلبات التصدير. جاء ذلك خلال مشاركته في ندوة “التحول الأخضر في القطاع الصناعي.. الطريق نحو اقتصاد مستدام وتنافسي”، التي نظمها اتحاد الصناعات المصرية، بمشاركة عدد من المسؤولين وممثلي القطاع الصناعي والخبراء. وأوضح أن القدرة التنافسية للمنتجات لم تعد تعتمد فقط على الجودة والسعر، وإنما أصبحت ترتبط أيضًا بمدى الالتزام بالمعايير البيئية، وخفض الانبعاثات الكربونية، وتبني نظم إنتاج مستدامة، مشيرًا إلى أن آلية تعديل حدود الكربون الأوروبية (CBAM) تمثل أحد أبرز المتغيرات التي ستؤثر بشكل مباشر على حركة الصادرات، خاصة إلى أسواق الاتحاد الأوروبي. وأشار النجار إلى أن الاستعداد لهذه المتطلبات لم يعد خيارًا، بل أصبح ضرورة لضمان استمرار تنافسية المنتج المصري وزيادة فرص نفاذه إلى الأسواق الخارجية، مؤكدًا أن التحول إلى الاقتصاد الأخضر يمثل فرصة حقيقية لزيادة كفاءة الإنتاج، وجذب الاستثمارات، وتعزيز ثقة الأسواق الدولية في الصناعة المصرية، إلى جانب دعم مكانة مصر كمركز صناعي وتصديري قادر على مواكبة المتطلبات العالمية. وأكد، أن دور الهيئة لا يقتصر على الرقابة والتحقق من مطابقة المنتجات للمواصفات، وإنما يمتد إلى دعم مجتمع الأعمال وتمكين المصدرين، والمساهمة في رفع القدرة التنافسية للصادرات المصرية. وأضاف النجار أن الهيئة تواصل تطوير قدراتها الفنية والمؤسسية من خلال تحديث معاملها وفقًا لأحدث المعايير الدولية، وتعزيز منظومة الاعتماد والاختبارات، بما يواكب متطلبات الاقتصاد الأخضر، إلى جانب توسيع التعاون مع وزارة البيئة، وجهاز شؤون البيئة، واتحاد الصناعات المصرية، والجهات المعنية، لتقديم الدعم الفني والتوعية بالمستجدات الدولية، ومساندة المنشآت الصناعية في تطبيق الممارسات البيئية السليمة. ولفت إلى أن الهيئة تولي اهتمامًا كبيرًا ببناء القدرات ونشر الوعي من خلال تنفيذ برامج تدريبية متخصصة تستهدف المصدرين والعاملين بالقطاع الصناعي، للتعريف بالتشريعات البيئية الحديثة، وآليات حساب البصمة الكربونية، ومتطلبات التجارة الدولية المرتبطة بالاستدامة. وذكر النجار أن نجاح التحول الأخضر يتطلب تكامل الأدوار بين الحكومة والقطاع الخاص والمؤسسات البحثية والجهات التمويلية، مشيرًا إلى أن الشراكات الفاعلة تمثل أحد أهم عوامل نجاح هذه المرحلة. ورحب بتوقيع مذكرة تفاهم بين مجلس الوحدة الاقتصادية العربية ولجنة الاقتصاد الأخضر باتحاد الصناعات المصرية، باعتبارها خطوة مهمة لتعزيز التعاون العربي في مجالات الاقتصاد الأخضر والتنمية المستدامة، وتبادل الخبرات وبناء القدرات. وشدد على مواصلة دور الهيئة كشريك داعم للصناعة الوطنية، من خلال تقديم مختلف أوجه الدعم التي تعزز تنافسية المنتج المصري وتؤهله للنفاذ إلى الأسواق العالمية وفق أعلى معايير الجودة والاستدامة، مؤكدًا أن الاستثمار في الاقتصاد الأخضر يمثل استثمارًا في مستقبل الاقتصاد المصري وتحقيق التنمية المستدامة.,2026-07-07T09:48:54.811516+00:00,
google_news,general,https://amwalalghad.com/2026/07/06/%D8%B1%D8%A6%D9%8A%D8%B3-%D9%84%D8%AC%D9%86%D8%A9-%D8%A7%D9%84%D8%A7%D9%82%D8%AA%D8%B5%D8%A7%D8%AF-%D8%A7%D9%84%D8%A3%D8%AE%D8%B6%D8%B1-%D8%A7%D9%84%D9%85%D8%B9%D8%A7%D9%8A%D9%8A%D8%B1-%D8%A7%D9%84/,رئيس لجنة الاقتصاد الأخضر: المعايير البيئية أصبحت شرطًا أساسيًا لنفاذ المنتجات للأسواق العالمية | أموال الغد,سناء علام,2026-07-06 15:22:53+00:00,أكد الدكتور كمال الدسوقي، رئيس لجنة الاقتصاد الأخضر باتحاد الصناعات المصرية، أن التحول الأخضر أصبح ضرورة استراتيجية لتعزيز تنافسية الصناعة الوطنية والحفاظ على قدرة المنتجات المصرية على النفاذ إلى الأسواق…,أموال الغد,ar,311,أكد الدكتور كمال الدسوقي، رئيس لجنة الاقتصاد الأخضر باتحاد الصناعات المصرية، أن التحول الأخضر أصبح ضرورة استراتيجية لتعزيز تنافسية الصناعة الوطنية والحفاظ على قدرة المنتجات المصرية على النفاذ إلى الأسواق العالمية، في ظل التوسع في تطبيق الاشتراطات البيئية والتشريعات المنظمة للتجارة الدولية. وقال ، خلال الندوة التي نظمتها لجنة الاقتصاد الأخضر باتحاد الصناعات المصرية، اليوم، تحت عنوان “التحول الأخضر في القطاع الصناعي.. الطريق نحو اقتصاد مستدام”، إن الالتزام بالمعايير البيئية لم يعد خيارًا أمام المصانع، وإنما أصبح أحد أهم متطلبات استمرار التصدير، خاصة إلى الأسواق الأوروبية التي تتجه نحو تشديد قواعد التجارة المرتبطة بالاستدامة. وشهدت الندوة مشاركة اللواء المهندس عصام النجار، رئيس الهيئة العامة للرقابة على الصادرات والواردات، والسفير محمدي أحمد اللي، الأمين العام لمجلس الوحدة الاقتصادية العربية بجامعة الدول العربية، إلى جانب عدد من رؤساء اللجان والهيئات الصناعية والخبراء، لمناقشة آليات تسريع التحول نحو الصناعة المستدامة وتعزيز جاهزية القطاع الصناعي لمتطلبات المرحلة المقبلة. وأوضح الدسوقي أن آلية تعديل حدود الكربون الأوروبية (CBAM) تمثل أحد أبرز التحديات أمام المصدرين، ما يستوجب الإسراع في تبني ممارسات الإنتاج منخفض الكربون ورفع كفاءة استهلاك الطاقة والموارد، بما يضمن الحفاظ على الحصة التصديرية للمنتجات المصرية في الأسواق الخارجية. وأشار إلى أن التحول نحو الصناعة الخضراء لا يقتصر على الامتثال للاشتراطات البيئية، بل يمثل فرصة لتحسين كفاءة التشغيل وخفض تكاليف الإنتاج على المدى الطويل، من خلال التوسع في استخدام مصادر الطاقة المتجددة، وإعادة تدوير المخلفات الصناعية، وتقليل الانبعاثات الكربونية، بما يعزز القدرة التنافسية للقطاع الصناعي. وأضاف أن لجنة الاقتصاد الأخضر باتحاد الصناعات المصرية تعمل على دعم المصانع فنيًا وتوعويًا، ومساعدتها على تطبيق معايير الاستدامة والتوافق مع المتطلبات البيئية الدولية، بما يسهم في زيادة الصادرات وجذب استثمارات صناعية جديدة، إلى جانب تعزيز جاهزية الشركات للتعامل مع المتغيرات العالمية. وأكد الدسوقي أن التحول الأخضر يمثل أحد المحاور الرئيسية لتحقيق التنمية الصناعية المستدامة، ويتماشى مع توجهات الدولة لزيادة الصادرات، وترشيد استهلاك الطاقة، وتعزيز تنافسية الاقتصاد المصري، بما يدعم مستهدفات رؤية مصر 2030 ويعزز مكانة الصناعة المصرية في الأسواق العالمية.,2026-07-07T09:48:55.121331+00:00,
youm7,tier1,https://www.youm7.com/story/2026/7/6/2027-%D8%A8%D8%AF%D8%A7%D9%8A%D8%A9-%D9%85%D8%B4%D8%B1%D9%88%D8%B9-%D9%88%D8%B7%D9%86%D9%89-%D8%A8%D8%B9%D9%8A%D8%AF%D8%A7-%D8%B9%D9%86-%D8%B5%D9%86%D8%AF%D9%88%D9%82-%D8%A7%D9%84%D9%86%D9%82%D8%AF-%D8%A7%D9%84%D8%AF%D9%88%D9%84%D9%8A-%D8%A7%D9%84%D8%B1%D8%A6%D9%8A%D8%B3/7472678,2027 بداية مشروع وطنى بعيدا عن صندوق النقد الدولي.. الرئيس يفتح المجال للقطاع الخاص لتنمية الاقتصاد الوطني والشراكة الصناعية.. أكثر من 700 شركة للاستثمار المحلي والأجنبي والهدف القضاء على البطالة - اليوم السابع,كتب- عبد الحليم سالم,2026-07-06 15:00:00+00:00,رسائل واضحة من الرئيس عبد الفتاح السيسى للقطاع الخاص المحلي والأجنبي على حد سواء ، كلها تصب في دعم الاقتصاد الوطني وتنميته والقضاء على البطالة.,اليوم السابع,ar,1569,"- المشروعات الصغيرة والمتوسطة قاطرة دعم الاقتصاد الوطني بعد انتهاء برنامج التعاون مع صندوق النقد - بلغت التمويلات الموجهة للمشروعات الصناعية الصغيرة والمتوسط 3 مليارات جنيه خلال الفترة من يناير 2022 وحتى أبريل 2026 رسائل واضحة من الرئيس عبد الفتاح السيسى للقطاع الخاص المحلي والأجنبي على حد سواء، كلها تصب في دعم الاقتصاد الوطني وتنميته والقضاء على البطالة، وجذب الاستثمارات الأجنبية المباشرة، مما يعزز من مكانة مصر كمركز إقليمي للصناعة وللاستثمار وللتجارة بطبيعة الحال. وتستند رسائل الرئيس على إجراءات فعلية تنفذها الحكومة، لعل من أهمها على الاطلاق طرح أكثر من 700 شركة عامة وشركة قطاع أعمال عام للاستثمار المحلي والاجنبي من خلال عدة آليات أولها الطرح في البورصة وثانيها الاستحواذ على حصص منها، وثالثها استحواذ جهاز مستقل مصر للتنمية المستدامة وصندق تحيا مصر على عدد من الشركات ،مما يعظم من مواردها من جانب، ويعزز من كفاءة العاملين فيها من جانب أخر، علاوة على زيادة الإنتاجية وما يترتب على ذلك من مضاعفة الصادرات واستهداف 100 مليار دولار صادرات غير بترولية بحلول 2030 . برنامج وطني بحلول عام 2027 أعلن الرئيس السيسى عن إعداد برنامج اقتصادي وطني شامل يبدأ تنفيذه عقب انتهاء برنامج الإصلاح الاقتصادي مع صندوق النقد الدولي، ليكون برنامجًا مصريًا خالصًا يستكمل ما تحقق من إصلاحات وينتقل بالاقتصاد من مرحلة تثبيت الاستقرار إلى مرحلة الانطلاق نحو النمو المستدام بما ينعكس بصورة مباشرة على تحسين مستوى معيشة المواطنين ويعزز قدرة الاقتصاد المصري على مواجهة المتغيرات وتحقيق التنمية الشاملة. إعلان الرئيس ينهى التكهنات حول طلب مصر الحصول على قرض جديد، مما يدفع الحكومة للاستعداد لذلك بشكل واضح من الان وتعويض موارد دعم الموازنة العامة من الدولار خاصة في طل انتهاء التوتر في الخليج وعودة موارد قناة السويس تدريجيا لتستعيد عافيتها بنحو 10 مليارات دولار سنويا مع ارتفاع واردات السياحة بشكل كبير و كشفت بيانات صادرة عن مركز المعلومات ودعم اتخاذ القرار «IDSC» عن تحقيق قطاع السياحة فى مصر أداءً استثنائياً خلال عام 2025، ليُسجل واحدة من أقوى الفترات السياحية خلال العقد الأخير، مدعوماً بزيادة أعداد الزائرين وارتفاع الإيرادات وتحسن مؤشرات البنية التحتية والتنافسية العالمية. وأظهرت المؤشرات أن إيرادات السياحة بلغت نحو 16.7 مليار دولار، وهو أعلى مستوى تاريخى يحققه القطاع، فيما ارتفع عدد السائحين الوافدين إلى 19 مليون سائح بنسبة نمو 20.3% مقارنة بعام 2024، مع تسجيل 179.3 مليون ليلة سياحية بنمو قدره 16.4%، كما بلغت مساهمة القطاع فى الناتج المحلى الإجمالى نحو 3.7%. وعلى مستوى البنية التحتية، تضم مصر حتى ديسمبر 2025 نحو 1.30 ألف منشأة فندقية (ثابتة وعائمة)، إلى جانب 2.24 ألف شركة سياحية و17.23 ألف مركبة سياحية، فضلاً عن 1.62 ألف مطعم وكافيتريا سياحية و630 مركز غوص وأنشطة بحرية، بما يعكس توسعاً كبيراً فى الطاقة الاستيعابية والخدمات. كما استقبلت مصر 7.5 مليون زائر في أول خمسة أشهر من 2026، بزيادة سنوية قدرها 5%، وبلغت إيرادات السياحة خلال هذه الفترة بلغت نحو 6.8 مليار دولار. محمد معيط وانتهاء القرض في 2026 وحول رؤيته للتعاون مع مصر أوضح الدكتور محمد معيط، المدير التنفيذي بصندوق النقد الدولي ووزير المالية المصري السابق، في تصريحات له أن البرنامج التمويلي الحالي الممتد لأربع سنوات سينتهي رسمياً بنهاية عام 2026، مشيرًا إلى أن المراجعة الثامنة والأخيرة للبرنامج سيحين موعدها في نوفمبر المقبل، ومن المتوقع إتمامها وإغلاق الملف الحالي بالكامل قبل نهاية العام الجاري. قال معيط، ""إن كل التركيز الراهن ينصب على إنجاح البرنامج الحالي، وإتمام المراجعتين السابعة والثامنة بنجاح ساحق، أما مسألة الدخول في برنامج تمويلي آخر فهو قرار يخضع لتقدير الدولة المصرية وحدها ورؤيتها لاحتياجاتها المستقبلية"". التخارج ووثيقة ملكية الدولة وجه الرئيس السيسى في الإسراع في تنفيذ المرحلة التالية من برنامج تخارج جهات ومؤسسات الدولة من الأنشطة الاقتصادية التي يمكن للقطاع الخاص إدارتها بكفاءة، مع الالتزام الكامل بمبادئ الشفافية وتكافؤ الفرص والمنافسة وتعزيز دور القطاع الخاص في قيادة النمو والاستثمار، مع قيام كافة أجهزة الدولة المعنية باتخاذ إجراءات أكثر حسمًا في مواجهة الفساد بكافة صوره وتعزيز منظومة الحوكمة والشفافية والمساءلة، والتوسع في التحول الرقمي بما يضمن حماية المال العام وترسيخ مبادئ النزاهة والكفاءة في مؤسسات الدولة. وفى هذا الاطار اطلقت الدولة وثقة الملكية، وحددت القطاعات التي سيتم التخارج منها والتي تعمل عليها وحدة الشركات المملوكة للدولة والتي يقودها الدكتور هاشم اسيد رئيس الوحدة نائب رئيس الوزراء ويشرف عليها الدكتور حسين عيسى نائب رئيس الوزراء للشؤن الاقتصادية وتم بالفعل قيد 20 شركة في البورصة وجاري قيد عشرات الشركات لتنشيط سوق المال واتاحة المجال للقطاع الخاص للشراكة في تلك الشركات في مختلف القطاعات . وكشف الدكتور هاشم السيد، مساعد رئيس مجلس الوزراء ورئيس وحدة الشركات المملوكة للدولة، أن الدولة جادة في إعادة هيكلة وحوكمة دورها في النشاط الاقتصادي، وأشار إلى أن ""القانون 170"" منح وحدة الشركات المملوكة للدولة دوراً إلزامياً وقوياً في إعادة هيكلة الشركات وتجهيزها للطرح بشفافية تامة. وأعلن الدكتور هاشم السيد، انه في إطار استحداث أدوات مبتكرة تدعم التحول الرقمي، موضحا أنه تم إطلاق منظومة وطنية لحصر وتصنيف الشركات المملوكة للدولة ""رشيد"" كمنصة رقمية متكاملة تعتمد على تقنيات الذكاء الاصطناعي في إدارة وتحليل بيانات الشركات، بما يمثل نقلة نوعية في دعم متخذي القرار من خلال إتاحة بيانات محدثة وتحليلات مالية وتشغيلية دقيقة، منوها إلى أن أعمال الحصر أسفرت عن تكوين قاعدة بيانات قد تضم أكثر من 600 شركة مملوكة للدولة أو تساهم فيها، مع إدراج وتحليل بيانات نحو 120 شركة داخل المنظومة كمرحلة تشغيل أولية. وجدد الدكتور هاشم السيد، الإشارة إلى أن وحدة الشركات المملوكة للدولة، تستهدف العمل على تمكين الدولة من إدارة ملكيتها في الشركات بكفاءة وشفافية، من خلال تطوير نظم الحوكمة، وإعادة هيكلة المحافظ الاستثمارية، وتعزيز الشراكة مع القطاع الخاص، بما يحقق الاستدامة المالية والتنمية الاقتصادية، ويدعم تنافسية الاقتصاد المصري. تعزيز كفاءة استغلال الأصول أشار الدكتور هاشم السيد، إلى أنه تنفيذاً لتوجيهات الرئيس عبد الفتاح السيسي، رئيس الجمهورية، وفي إطار توجهات الدولة نحو تعزيز كفاءة إدارة الأصول والشركات المملوكة للدولة وتعظيم العائد منها، مع توسيع مشاركة القطاع الخاص في النشاط الاقتصادي، واصلت الوحدة تنفيذ العديد من المستهدفات المعتمدة في هذا الشأن، وهو ما يعكس التزامًا مؤسسيًا واضحًا بالمضي قدمًا في تنفيذ برنامج الإصلاحات الهيكلية، وتعزيز دور سوق رأس المال كأحد المحركات الرئيسية للنمو الاقتصادي، موضحاً أن هذه الجهود أسفرت عن تحقيق تقدم ملموس في عدد من الملفات ذات الأولوية، وعلى رأسها قيد شركات جديدة بالبورصة المصرية، وهو ما حظي بإشادة كبيرة من جانب العديد من المؤسسات الدولية، باعتبار ذلك خطوة مهمة نحو تعميق السوق، وتعزيز مستويات الشفافية والإفصاح، وتهيئة بيئة جاذبة للاستثمارات المحلية والأجنبية، بما يدعم استدامة النمو الاقتصادي ويعزز من تنافسية الاقتصاد الوطني. وفيما يتعلق ببرنامج الطروحات وإعادة هيكلة الملكية، أحرزت الوحدة تقدمًا ملموسًا، حيث تم إعداد قوائم بالشركات المستهدف نقلها إلى صندوق مصر السيادي وبعض الشركات والصناديق القومية الأخرى، وتحديد عدد من الشركات المرشحة للقيد في البورصة المصرية من الشركات التابعة للشركات القابضة بقطاع الأعمال وبعض الشركات من قطاع البترول، مع نجاح قيد عدد (6) شركات بشكل مؤقت خلال شهر مارس 2026 وعدد (10) شركات حتى نهاية أبريل 2026، وعدد (4) شركات خلال النصف الأول من شهر يونيو 2026، واستمرار التنسيق مع الجهات المعنية لتسريع استكمال إجراءات القيد لنحو (10) شركات من قطاع البترول خلال شهر يونيو من عام 2026، وهو ما يأتي في إطار خطة الدولة لتعظيم الاستفادة من الأصول المملوكة لها وتحفيز مشاركة القطاع الخاص. إطلاق الوثيقة المحدثة لسياسة ملكية الدولة وكشف مساعد رئيس الوزراء أنه سيتم الإعلان عن النسخة المحدثة من ""وثيقة سياسة ملكية الدولة"" وترتكز الوثيقة الجديدة على حوكمة دور الدولة في الاقتصاد، بحيث تصبح الدولة: مُمكّناً للأسواق ومصححاً لإخفاقاتها، منظماً محايداً وضامناً لتكافؤ الفرص بين القطاعين العام والخاص، ضامناً لسيادة القانون والمؤسسات ،مالكاً استراتيجياً نشطاً ومسؤولاً، وداعماً للمرونة والصمود الاقتصادي. كما رحب الدكتور هاشم السيد بدخول المستثمرين الأجانب بالدولار أو غيره من العملات ضمن برنامج الطروحات، مؤكداً أن الشركات ال 20 المطروحة تتمتع بحوكمة وشفافية كاملة (من حيث القوائم المالية، خطط التطوير، وتشكيل مجالس الإدارة). تنشيط المشروعات الصغيرة والمتوسطة وفيما يتعلق بتوجيه الرئيس السيسى بوضع خطة لإعادة هيكلة جهاز المشروعات الصغيرة والمتوسطة ليركز على النشاطات الإنتاجية بجانب تبسيط إجراءات التأسيس والتمويل والتراخيص وزيادة مساهمة الشباب في النشاط الاقتصادي، تسعى الدولة إلى توفير نحو 900 ألف فرصة عمل سنويًا من خلال هذا القطاع، مع توسيع التسهيلات الائتمانية المقدمة للمشروعات الصغيرة، ودعم دور جهاز تنمية المشروعات في تقديم الخدمات الفنية والإدارية والتسويقية، إلى جانب تعزيز بيئة ريادة الأعمال وتقديم حوافز للشركات الناشئة. وتولي الدولة اهتمامًا متزايدًا بتوسيع دور المشروعات الصغيرة والمتوسطة في دعم التنمية المحلية داخل المحافظات المختلفة، باعتبارها من الأدوات الفعالة في تحقيق التنمية الاقتصادية والاجتماعية. كما يتم العمل على تشجيع الصناعات الصغيرة والحرفية وربطها بالأسواق وتقديم برامج تدريب وتأهيل للشباب الراغبين في إقامة مشروعاتهم الخاصة، بما يساهم في خلق فرص عمل جديدة وتحقيق قيمة مضافة للاقتصاد الوطني. وأشار باسل رحمى الرئيس التنفيذي لجهاز تنمية المشروعات إلى أن الدعم الذي يحظى به الجهاز من القيادة السياسية ساهم في تحقيق طفرة في حجم التمويلات مشيرا إلى أن نسبة المشروعات الإنتاجية ضمن التمويلات ارتفعت إلى 30% خلال عام 2025، فيما بلغت التمويلات الموجهة للمشروعات الصناعية نحو 3 مليارات جنيه خلال الفترة من يناير 2022 وحتى أبريل 2026. كما أكد رحمي أن الجهاز يولي اهتمامًا خاصًا بالمشروعات الموجهة للتصدير، من خلال توفير فرص تسويقية وتصديرية متنوعة ساعدت أصحاب المشروعات على إبرام صفقات ناجحة، مشيرًا إلى العمل على مضاعفة هذه الخدمات خلال الفترة المقبلة. 62.4 مليار جنيه منذ عام 2014 وحتى الآن وأكد باسل رحمي، أن حجم الدعم التمويلي الذي قدمه الجهاز لقطاع المشروعات المتوسطة والصغيرة ومتناهية الصغر قد شهد طفرة غير مسبوقة منذ تولي الرئيس عبد الفتاح السيسي رئاسة الجمهورية؛ حيث قدم الجهاز منذ عام 2014 وحتى أبريل 2026 نحو 62.4 مليار جنيه تمويلات لهذا القطاع، بما يمثل أكثر من 82% من إجمالي التمويلات المقدمة منذ تأسيس الجهاز عام 1991. وقال رحمي، إن الجهاز يحرص على أن تصل خدماته إلى كافة محافظات الجمهورية ما بين الصعيد والوجه البحري والمحافظات الحدودية وسيناء وشملت جميع الأنشطة الاقتصادية الصناعية والزراعية والإنتاج الحيواني والخدمية والتجارية، واستفاد منها المواطنون بنسبة 51 % للذكور و49 % للإناث وقام بتدريب عشرات الآلاف من الشباب والمواطنين على مهارات ريادة الأعمال والتسويق ونجح في إشراكهم في حوالي 2346 معرضا متنوعا دوليا ومركزيا ومحليا لمساعدتهم على التوسع والاستمرار والنمو.",2026-07-07T09:48:49.426881+00:00,
youm7,tier1,https://www.youm7.com/story/2026/7/6/%D9%82%D8%B1%D8%A7%D8%A1%D8%A9-%D9%81%D9%89-%D8%AE%D8%B7%D8%A7%D8%A8-%D8%A7%D9%84%D8%B1%D8%A6%D9%8A%D8%B3-%D8%A7%D9%84%D8%B3%D9%8A%D8%B3%D9%89-%D9%81%D9%89-%D9%84%D9%8A%D9%84%D8%A9-%D8%A7%D9%81%D8%AA%D8%AA%D8%A7%D8%AD-%D8%A7%D9%84%D9%82%D9%8A%D8%A7%D8%AF%D8%A9-%D8%A7%D9%84%D8%A7%D8%B3%D8%AA%D8%B1%D8%A7%D8%AA%D9%8A%D8%AC%D9%8A%D8%A9/7472982,قراءة فى خطاب الرئيس السيسى فى ليلة افتتاح القيادة الاستراتيجية.. وثيقة سياسية ترسم ملامح المستقبل.. 9 رسائل للداخل والخارج.. القيادة الاستراتيجية جزء من منظومة حماية القرار الوطنى وضمان استمرارية عمل المؤسسات - اليوم السابع,محمد الجالى,2026-07-06 12:54:00+00:00,حملت ليلة الاحتفال بالذكرى الثالثة عشرة لثورة 30 يونيو كثيرا من الرسائل السياسية والاستراتيجية، امتزجت فيها رمزية المكان بعظمة المناسبة، لتقدم صورة لدولة استعادت توازنها، وبنت قدراتها، وتمضى بثقة نحو المستقبل.,اليوم السابع,ar,1207,القيادة الاستراتيجية للدولة جزء من منظومة حماية القرار الوطنى وضمان استمرارية عمل المؤسسات فى أصعب الظروف.. قوة الدولة تكمن فى قدراتها العسكرية وما تملكه من تماسك مجتمعى ووعى وطنى وثقة فى المستقبل.. تأكيد جاهزية مؤسسات الدولة وقدرتها على إدارة الأزمات.. ومصر تتمسك بالسلام لكنها قادرة على حماية أمنها القومى حملت ليلة الاحتفال بالذكرى الثالثة عشرة لثورة 30 يونيو كثيرا من الرسائل السياسية والاستراتيجية، امتزجت فيها رمزية المكان بعظمة المناسبة، لتقدم صورة لدولة استعادت توازنها، وبنت قدراتها، وتمضى بثقة نحو المستقبل. فمنذ اللحظات الأولى لوصول الرئيس عبدالفتاح السيسى إلى مقر القيادة الاستراتيجية للدولة بالعاصمة الجديدة، بدا المشهد عظيما، مراسم عسكرية دقيقة ومبهرة، والمدفعية تطلق 21 طلقة تحية للدولة، وطائرات الأباتشى والرافال تحلق فى السماء، والموسيقى العسكرية تعزف، وأعلام مصر ترتفع فوق أحد أحدث الصروح الاستراتيجية فى المنطقة، فى لوحة بديعة عكست قوة الدولة المصرية وثقة مؤسساتها. لقد جاء الاحتفال ليؤكد أن مصر - التى واجهت منذ عام 2011 تحديات وجودية وحربا شرسة ضد الإرهاب وأزمات إقليمية ودولية متلاحقة - أصبحت اليوم أكثر قدرة على حماية أمنها القومى، وإدارة أزماتها، واستكمال مشروعها التنموى فى آن واحد. واكتسبت هذه الليلة بعدا رمزيا خاصا مع افتتاح القيادة الاستراتيجية للدولة، التى تمثل نقلة نوعية فى منظومة القيادة والسيطرة وإدارة الأزمات، وتجسد رؤية الدولة فى الجمع بين امتلاك القوة، وتوظيف التكنولوجيا، وتعزيز كفاءة مؤسساتها، بما يحفظ الأمن والاستقرار فى عالم يشهد الكثير من التحديات والتهديدات وتتسارع فيه المتغيرات على الأرض. وزادت أجواء الاحتفال تأثيرا مع مشاركة القوات المسلحة بعروضها الجوية، وإضاءة سماء العاصمة الجديدة، إلى جانب مشاركة الأطفال والأوركسترا والموسيقى العسكرية، فى رسالة تؤكد أن قوة الدولة تكمن فى قدراتها العسكرية، وما تملكه من تماسك مجتمعى، ووعى وطنى، وثقة فى المستقبل. لقد كانت ليلة أكدت أن الدولة المصرية لا تستدعى الماضى للبقاء فيه، وإنما تستحضره لاستخلاص الدروس، والانطلاق نحو المستقبل. ليلة حملت رسالة واضحة إلى الداخل والخارج، تؤكد أن مصر دولة قوية بمؤسساتها، راسخة بجيشها، مستقرة بإرادة شعبها، وقادرة على حماية مقدراتها ومواصلة مسيرة البناء مهما كانت التحديات. إطلالة رئيس الجمهورية القائد الأعلى للقوات المسلحة بالبدلة العسكرية.. حمل ظهور الرئيس السيسى بالزى العسكرى فى هذه الاحتفالية دلالات مرتبطة بطبيعة المناسبة ومكانها، ويمكن قراءته من عدة زوايا. فالاحتفال بافتتاح القيادة الاستراتيجية للدولة، وهو صرح يرتبط بمنظومة القيادة والسيطرة للقوات المسلحة، وحضره القائد العام للقوات المسلحة ورئيس الأركان وقادة الأفرع الرئيسية، وتخللته مراسم عسكرية كاملة، لذلك فإن ارتداء الزى العسكرى يتسق مع الطابع العسكرى الرسمى للمناسبة. اختيار هذا الظهور فى ذكرى 30 يونيو يحمل رسالة بأن الدولة ترى أن الحفاظ على مؤسساتها وأمنها كان أهم نتائج تلك المرحلة، وقد ربط الرئيس فى كلمته بين أحداث 2011، والحرب على الإرهاب، وإنشاء العاصمة الجديدة، وافتتاح القيادة الاستراتيجية، فى سردية واحدة بعنوان «حماية الدولة وضمان استمرارية مؤسساتها». وبينما تشهد المنطقة توترات متلاحقة، من الحرب فى غزة إلى التطورات المرتبطة بإيران ولبنان والبحر الأحمر؛ فإن الظهور بالزى العسكرى من داخل منشأة قيادة استراتيجية يمكن أن قراءته أيضا كرسالة تؤكد جاهزية مؤسسات الدولة وقدرتها على إدارة الأزمات، مع تأكيد الرئيس السيسى فى الوقت ذاته أن مصر تتمسك بالسلام لكنها قادرة على حماية أمنها القومى. وثيقة سياسية ترسم ملامح المستقبل.. يمكن وصف خطاب الرئيس السيسى، خلال الاحتفال، بأنه وثيقة سياسية ترسم ملامح المستقبل. ففى ظاهرها، كانت المناسبة احتفالا بصرح عسكرى متطور وذكرى وطنية خالدة، لكنها فى جوهرها كانت إعلانا عن انتقال الدولة المصرية إلى مرحلة جديدة، بعد أن طوت صفحة استعادة الدولة، وشرعت فى رسم ملامح «الجمهورية الجديدة»، حيث الأولوية لتعظيم عوائد ما تم إنجازه، وبناء اقتصاد أكثر قدرة على المنافسة، وإدارة دولة أكثر كفاءة، دون التفريط فى معادلة الأمن والاستقرار التى دفعت مصر ثمنها غاليا. مشاهد حصار الإرهابيين لمؤسسات الدولة.. كان لافتا أن الرئيس السيسى، حرص فى خطابه على تذكير المصريين ببدايات الأزمة فى عام 2011، مستدعيا مشاهد حصار المحكمة الدستورية العليا ووزارة الدفاع ومجلس الشعب، وما مثلته تلك الأحداث من محاولة لإخضاع مؤسسات الدولة لمنطق الفوضى والضغط، هذه العودة لم تكن لاستدعاء الماضى بقدر ما كانت لتفسير الحاضر. فحين تحدث الرئيس السيسى عن العاصمة الجديدة، لم يقدمها كمشروع عمرانى أو إدارى فحسب، بل باعتبارها أحد دروس تلك المرحلة؛ فالدول التى تتعلم من أزماتها هى وحدها القادرة على منع تكرارها. ومن هنا جاءت القيادة الاستراتيجية للدولة كجزء من منظومة حماية القرار الوطنى، وضمان استمرارية عمل مؤسسات الدولة فى أصعب الظروف. إنها فلسفة تقوم على أن الأمن لم يعد يرتبط بحماية الحدود فقط، بل بحماية مؤسسات الدولة من أى محاولة لتعطيلها أو شل قدرتها على اتخاذ القرار. أراد الرئيس السيسى - فى خطابه - أن يبعث برسالة واضحة، فالحرب على الإرهاب انتهت إلى حد كبير، والبنية الأساسية اكتملت فى معظم القطاعات، والمدن الجديدة أصبحت واقعا، وشبكات الطرق والطاقة والنقل أعادت رسم الخريطة الاقتصادية لمصر. والآن لم يعد السؤال: ماذا بنينا، بل أصبح: كيف نحول ما بنيناه إلى عائد اقتصادى وفرص عمل وتحسن ملموس فى حياة المواطنين؟..وهنا جاءت التوجيهات الرئاسية بمثابة خارطة طريق للمرحلة المقبلة. ربما كانت أهم رسالة فى الخطاب هى الإعلان عن إعداد برنامج اقتصادى وطنى يبدأ عقب انتهاء برنامج الإصلاح مع صندوق النقد الدولى، وهو إعلان سياسى واقتصادى بأن مصر تستعد لمرحلة تعتمد فيها بصورة أكبر على رؤية وطنية خالصة، تستفيد من نتائج الإصلاحات السابقة، وتضع أولوياتها وفق احتياجات الاقتصاد المصرى، وليس فقط وفق متطلبات برامج الإصلاح التقليدية. وفى السياق ذاته، جاءت توجيهات الرئيس بالإسراع فى تنفيذ برنامج تخارج الدولة من بعض الأنشطة الاقتصادية، بما يعزز دور القطاع الخاص، ويؤكد أن المرحلة المقبلة سيكون عنوانها الإنتاج والتنافسية والاستثمار. المواطن المصرى فى قلب الخطاب الرئاسى.. رغم الحديث المطول عن الأمن القومى والتحديات الإقليمية، بقى المواطن حاضرا فى قلب الخطاب الرئاسى، فعندما تحدث الرئيس عن خفض الأعباء المعيشية، وضبط الأسواق، وربط التعليم بسوق العمل، وإعادة هيكلة جهاز المشروعات الصغيرة، كان يؤكد أن نجاح أى مشروع تنموى لا بد أن يقاس فى النهاية بقدرته على تحسين جودة حياة المواطنين. وهذه الرسالة ربما تكون الأهم فى المرحلة الحالية، خاصة فى ظل الضغوط الاقتصادية العالمية التى ما زالت تلقى بظلالها على مختلف الدول. فتح المجال أمام الحوار الإعلامى الموضوعى.. من بين أكثر ما استوقف المتابعين، التوجيه الرئاسى الخاص بفتح المجال أمام الحوار الإعلامى الموضوعى، وعقد اجتماع سنوى برعاية رئيس الجمهورية لمراجعة أوضاع الإعلام المصرى. وهى دعوة إلى تطوير جودة النقاش العام، والانتقال من منطق ردود الأفعال إلى صناعة الوعى، ومن تداول الشائعات إلى تقديم المعلومات الدقيقة، ومن الاستقطاب إلى الحوار المسؤول. كما أن الحديث عن تنشيط الحياة الحزبية وإجراء انتخابات المجالس المحلية يفتح الباب أمام مرحلة جديدة من تطوير المجال السياسى، باعتباره شريكا فى مسيرة التنمية. السلام الحقيقى فى الشرق الأوسط يبدأ بإقامة الدولة الفلسطينية المستقلة.. حرص الرئيس السيسى - فى خطابه التاريخى - إلى توجيه رسائل للخارج، حيث رحب بكل جهود وقف الحروب، وجدد التأكيد على أن السلام الحقيقى فى الشرق الأوسط يبدأ بإقامة الدولة الفلسطينية المستقلة، وأن أى تسويات مؤقتة لن تحقق استقرارا دائما ما لم تعالج جذور الصراع. كما حمل خطاب الرئيس الإشارة إلى تأثير الأزمات الإقليمية على الاقتصاد المصرى، ومنها تراجع إيرادات قناة السويس، وهى رسالة للمجتمع الدولى بأن استقرار المنطقة لم يعد قضية سياسية فقط، بل أصبح ضرورة اقتصادية عالمية. إن القراءة المتأنية لخطاب الرئيس السيسى تكشف أنه كان إعلانا عن أجندة عمل جديدة. فالرئيس لم يكتفِ باستعراض ما تحقق، بل وضع أولويات المرحلة المقبلة بوضوح «اقتصاد أكثر إنتاجا، قطاع خاص أكثر فاعلية، إعلام أكثر مسؤولية، حياة سياسية أكثر حيوية، إدارة حكومية أكثر كفاءة، مع استمرار الاستثمار فى الإنسان المصرى». ولهذا يمكن القول إن خطاب الرئيس فى الذكرى الثالثة عشرة لثورة 30 يونيو لم يكن لاستدعاء الماضى والتذكير به فحسب، بل كان خطابا للمستقبل؛ مستقبل ترى فيه الدولة أن الحفاظ على ما تحقق لا يقل أهمية عن البناء نفسه، وأن معركة السنوات المقبلة لن تكون معركة استعادة الدولة، بل معركة تعظيم قوتها، وتحسين حياة مواطنيها، وترسيخ مكانتها الإقليمية والدولية.,2026-07-07T09:48:49.649291+00:00,
youm7,tier1,https://www.youm7.com/story/2026/7/6/%D8%AA%D8%B9%D8%B1%D9%81-%D8%B9%D9%84%D9%89-%D8%B3%D8%B9%D8%B1-%D8%A7%D9%84%D8%AF%D9%88%D9%84%D8%A7%D8%B1-%D9%85%D9%82%D8%A7%D8%A8%D9%84-%D8%A7%D9%84%D8%AC%D9%86%D9%8A%D9%87-%D9%81%D9%89-%D8%A7%D9%84%D8%A8%D9%86%D9%83-%D8%A7%D9%84%D9%85%D8%B1%D9%83%D8%B2%D9%89-%D8%A7%D9%84%D9%85%D8%B5%D8%B1%D9%89/7473043,تعرف على سعر الدولار مقابل الجنيه فى البنك المركزى المصرى - اليوم السابع,كتب أيمن رمضان الشريف,2026-07-06 19:00:00+00:00,استقر سعر الدولار الأمريكى أمام الجنيه المصرى، اليوم الاثنين 6 يوليو 2026، البنك المركزي المصرى عند 48.79 جنيه للشراء 48.93 جنيه للبيع.,اليوم السابع,ar,210,استقر سعر الدولار الأمريكى أمام الجنيه المصرى، اليوم الاثنين 6 يوليو 2026، البنك المركزي المصرى عند 48.79 جنيه للشراء 48.93 جنيه للبيع. وثبت سعر الدولار في البنك الأهلى عند 48.82 جنيه للشراء 48.92 جنيه للبيع، وفى بنك مصر 48.82 جنيه للشراء 48.92 جنيه للبيع. واستقر سعر الدولار فى البنك التجارى الدولى عند 48.75 جنيه للشراء 48.85 جنيه للبيع، وفى بنك قناة السويس 48.83 جنيه للشراء، و48.93 جنيه للبيع. أسعار الدولار في البنوك المصرية: سعر الدولار فى البنك المركزي المصري - 48.79 جنيه للشراء. - 48.93 جنيه للبيع. سعر الدولار فى البنك الأهلي المصري - 48.82 جنيه للشراء. - 48.92 جنيه للبيع. سعر الدولار فى بنك مصر - 48.82 جنيه للشراء. - 48.92 جنيه للبيع. سعر الدولار فى بنك الإسكندرية - 48.75 جنيه للشراء. - 48.85 جنيه للبيع. سعر الدولار فى البنك التجاري الدولي CIB - 48.75 جنيه للشراء. - 48.85 جنيه للبيع. سعر الدولار فى بنك البركة - 48.80 جنيه للشراء. - 48.90 جنيه للبيع. سعر الدولار فى المصرف المتحد - 48.80 جنيه للشراء. - 48.90 جنيه للبيع. سعر الدولار فى بنك كريدى اجريكول - 48.75 جنيه للشراء. - 48.85 جنيه للبيع. سعر الدولار فى بنك قناة السويس - 48.83 جنيه للشراء. - 48.93 جنيه للبيع. سعر الدولار فى البنك المصرى الخليجى - 48.82 جنيه للشراء. - 48.92 جنيه للبيع.,2026-07-07T09:48:49.784027+00:00,
youm7,tier1,https://www.youm7.com/story/2026/7/7/%D8%A3%D8%AD%D9%85%D8%AF-%D8%A7%D9%84%D8%AA%D8%A7%D9%8A%D8%A8-%D9%84%D9%80-%D8%A7%D9%84%D9%86%D9%8A%D9%84-%D9%84%D9%84%D8%A3%D8%AE%D8%A8%D8%A7%D8%B1-%D8%A7%D9%84%D9%82%D9%8A%D8%A7%D8%AF%D8%A9-%D8%A7%D9%84%D8%A7%D8%B3%D8%AA%D8%B1%D8%A7%D8%AA%D9%8A%D8%AC%D9%8A%D8%A9-%D8%AA%D8%A3%D8%B3%D9%8A%D8%B3-%D9%84%D8%B9%D9%82%D9%84-%D8%A7%D9%84%D8%AF%D9%88%D9%84%D8%A9/7473361,أحمد التايب ل النيل للأخبار: القيادة الاستراتيجية تأسيس لعقل الدولة المصرية - اليوم السابع,كتب أحمد عبد الرحمن,2026-07-06 21:18:00+00:00,أكد الكاتب الصحفى أحمد التايب، أنه على كل مصرى أن يفتخر ببلده، وبما تفعله القيادة السياسية، بعد افتتاح مقر القيادة الاستراتيجية، لما له من قيمة مضافة كبيرة،,اليوم السابع,ar,282,"أكد الكاتب الصحفى أحمد التايب، أنه على كل مصرى أن يفتخر ببلده بعد افتتاح مقر القيادة الاستراتيجية ، لما له من قيمة مضافة كبيرة، مشيرا إلى أن تدشين هذا الصرح ليس مجرد نقل جغرافي لوزارة الدفاع، ولا مبانٍ فخمة وضخمة، بل تأسيس ""لعقل الدولة"". الأكتاجون بمثابة عقل الدولة المحصن وأضاف أحمد التايب خلال مداخلة هاتفية لقناة النيل للأخبار، أن الأكتاجون بمثابة عقل الدولة المحصن، ويعمل على السرعة في اتخاذ القرار، حيث يجمع ولأول مرة كافة الهيئات والإدارات العسكرية، والوزارات والهيئات والمنشآت الحكومية والحيوية في مكان واحد، لتسريع وتيرة اتخاذ القرار وإدارة كافة أجهزة الدولة في الأزمات بكفاءة وتكامل غير مسبوق. مقر القيادة الاستراتيجية يعتمد على أنظمة تحكم سيبرانية فائقة التطور وأوضح أحمد التايب، أن مقر القيادة الاستراتيجية يعتمد على شبكات مغلقة وأنظمة تحكم سيبرانية فائقة التطور، مما يضمن تأمين القرار الاستراتيجي للدولة ضد أي تهديدات أو هجمات إلكترونية حديثة، وما أكثرها الآن فى ظل حروب الجيل الخامس والسادس.. وأشار أحمد التايب إلى تكليفات الرئيس السيسى اثناء افتتاح مقر القيادة الاستراتيجية تتضمن رسائل عدة على مستوى الداخل والإقليم والخارج، والتي تبدأ بطمأنة المصريين وصولا إلى تحقيق ما يسمى بالردع الاستراتيجي وهذا أمر في غاية الأهمية في ظل كل ما الأخطار التي تحاك ضد الدولة المصرية . وتطرق أحمد التايب إلى توجيهات الرئيس والتي منها توجيهات بتطوير الإعلام باعتباره سلاحا مهما في ظل حروب الجيل الخامس والسادس، وكذلك الدعوة للعمل على تنشيط الحياة الحزبية، وتأهيل الكوادر السياسية والشبابية، والانتهاء من الاستعدادات اللازمة، لإجراء انتخابات المجالس المحلية بما يرسخ المشاركة الشعبية، ويعزز دورها فى الإدارة المحلية، والتأكيد على ضرورة إعداد برنامج وطنى لخفض الأعباء المعيشية وما يعزز قدرة الاقتصاد المصرى، على مواجهة المتغيرات وتحقيق التنمية الشاملة. واختتم أحمد التايب، أن مصر ماضية في طريق النمو والازدهار، تفرض أمنها وتحمي مكتسباتها لتظل ركيزة الاستقرار في المنطقة..",2026-07-07T09:48:52.561281+00:00,
youm7,tier1,https://www.youm7.com/story/2026/7/6/%D9%88%D8%B2%D9%8A%D8%B1%D8%A7-%D8%A7%D9%84%D8%A7%D8%B3%D8%AA%D8%AB%D9%85%D8%A7%D8%B1-%D9%88%D8%A7%D9%84%D8%B5%D9%86%D8%A7%D8%B9%D8%A9-%D9%8A%D8%AA%D9%81%D9%82%D8%AF%D8%A7%D9%86-%D8%A8%D8%B9%D8%AB%D8%A9-%D8%A7%D9%84%D9%85%D8%B4%D8%AA%D8%B1%D9%8A%D9%86-EBS-%D8%A8%D9%85%D8%B4%D8%A7%D8%B1%D9%83%D8%A9-48-%D9%85%D8%B4%D8%AA%D8%B1%D9%8A/7473009,وزيرا الاستثمار والصناعة يتفقدان بعثة المشترين EBS بمشاركة 48 مشتري دولي - اليوم السابع,إسلام سعيد,2026-07-06 12:40:00+00:00,نظم المجلس التصديري للصناعات الهندسية فعاليات النسخة الثالثة من بعثة المشترين الدوليين EBS 2026، في إطار استراتيجيته لزيادة الصادرات المصرية وفتح أسواق جديدة أمام المنتجات الهندسية.,اليوم السابع,ar,547,المجلس التصديري للصناعات الهندسية فعاليات النسخة الثالثة من بعثة المشترين الدوليين EBS 2026، في إطار استراتيجيته لزيادة الصادرات المصرية وفتح أسواق جديدة أمام المنتجات الهندسية، وذلك بمشاركة 20 شركة مصرية واستضافة نحو 48 مشتري دولي يمثلون 20 دولة، وتشمل البعثة قطاعات الطاقة والكهرباء والكابلات. وتفقد فعاليات بعثة EBS وزير الاستثمار والتجارة الخارجية الدكتور محمد فريد، والمهندس خالد هاشم وزير الصناعة نيابة عن الدكتور مصطفى مدبولي رئيس مجلس الوزراء، وعدد من القيادات منهم، المهندس عصام النجار رئيس الهيئة العامة للرقابة على الصادرات والواردات، والمهندس حسين الغزاوي مستشار وزير الصناعة لشؤون الطاقة، والوزير مفوض تجاري علاء البيلي رئيس الهيئة المصرية العامة للمعارض والمؤتمرات، وحاتم النواوي رئيس صندوق تنمية الصادرات وهيئة تنمية الصادرات. وقال المهندس شريف الصياد رئيس المجلس التصديري للصناعات الهندسية إن البعثة تعد من أهم الآليات التي يعتمد عليها المجلس لدعم الشركات المصرية، حيث تقوم على استضافة كبار المستوردين والمشترين الدوليين داخل مصر، بما يتيح لهم التعرف عن قرب على القدرات التصنيعية للمصانع المصرية، وعقد لقاءات ثنائية مباشرة مع الشركات، إلى جانب تنظيم زيارات ميدانية للمصانع، وهو ما يسهم في تسريع التعاقدات ورفع فرص نفاذ المنتجات المصرية إلى الأسواق الخارجية. وأكد أن المجلس يواصل تنفيذ خطة طموحة للتوسع في الأسواق الخارجية من خلال تنظيم البعثات التجارية واستضافة المشترين الدوليين، باعتبارها من أكثر الأدوات فاعلية في تحقيق تعاقدات تصديرية مباشرة وفتح أسواق جديدة أمام المنتج المصري، مشيرًا إلى أن المجلس يستهدف الوصول بصادرات الصناعات الهندسية إلى نحو 7.5 مليار دولار خلال عام 2026، عبر التوسع في الأسواق الواعدة وتنويع المقاصد التصديرية. وأضاف الصياد أن المجلس يركز على زيادة القيمة المضافة للمنتجات الهندسية المصرية ، وتعزيز قدرتها التنافسية، إلى جانب تشجيع الشركات على المشاركة في المعارض الدولية واستضافة الوفود التجارية، بما يدعم استدامة نمو الصادرات ويعزز مكانة مصر كمركز إقليمي للصناعات الهندسية. أهمية بعثة EBS 2026 وشدد على أن بعثة EBS 2026 ضمن سلسلة من الفعاليات التي ينفذها المجلس التصديري للصناعات الهندسية خلال العام الجاري، بهدف تعظيم الصادرات، وبناء شراكات تجارية جديدة، وزيادة انتشار المنتجات الهندسية المصرية في الأسواق العالمية، بما يتماشى مع استراتيجية الدولة لرفع معدلات التصدير وتعزيز مساهمة القطاع الصناعي في الاقتصاد الوطني. من جانبه أكد الدكتور محمد فريد صالح، وزير الاستثمار، أن الشركات الوطنية المشاركة في بعثة المشترين (EPS) التي ينظمها المجلس التصديري للصناعات الهندسية تمثل أحد الركائز الأساسية للاقتصاد المصري، مشددًا على التزام الدولة بتقديم مختلف أوجه الدعم لتعزيز تنافسية الصادرات المصرية وزيادة نفاذها إلى الأسواق العالمية. وقال الوزير، خلال كلمته في فعاليات بعثة المشترين، إنه وافق على الفور على فكرة تنظيم الحدث فور عرضها عليه، إيمانًا بأهمية المعارض والبعثات التجارية في فتح أسواق جديدة أمام المنتجات المصرية، مؤكدًا أن وزارة الاستثمار والجهات التابعة لها تعمل في المقام الأول على خدمة مجتمع الأعمال ومساندة الشركات في التغلب على التحديات التي تواجهها. ومن جانبه أكد المهندس خالد هاشم وزير الصناعة، أن قطاع الصناعات الهندسية يعد من القطاعات الحيوية ويمتلك القدرات لتحقيق طفرة تصديرية. وأكد وزير الصناعة أن الدولة حريصة على الاستجابة لكافة الطلبات التي تتقدم بها الشركات، في إطار ما يسمح به القانون، مشيرًا إلى أن مختلف الجهات المعنية، تقدم الدعم اللازم للشركات وتعزيز قدرتها على التوسع في الأسواق الخارجية. وأشاد الوزير بالمشاركة الواسعة للشركات المصرية وروح التعاون بين جميع الجهات المنظمة، معربًا عن ثقته في قدرة الصناعة المصرية على تحقيق المزيد من النجاحات وزيادة معدلات التصدير خلال المرحلة المقبلة. وشملت الفعاليات عقد قرابة 800 لقاء تشبيكي مباشرة بين الشركات المصرية المشاركة والمستوردين والمشترين الدوليين من أجل إبرام تعاقدات تصديرية وشراكات طويلة الأجل لزيادة الصادرات للدول المشاركة.,2026-07-07T09:48:52.551284+00:00,
youm7,tier1,https://www.youm7.com/story/2026/7/7/%D8%B3%D8%B9%D8%B1-%D8%A7%D9%84%D8%AF%D9%8A%D9%86%D8%A7%D8%B1-%D8%A7%D9%84%D9%83%D9%88%D9%8A%D8%AA%D9%8A-%D8%A7%D9%84%D9%8A%D9%88%D9%85-%D8%A7%D9%84%D8%AB%D9%84%D8%A7%D8%AB%D8%A7%D8%A1-7-%D9%8A%D9%88%D9%84%D9%8A%D9%88-2026-%D8%A3%D9%85%D8%A7%D9%85-%D8%A7%D9%84%D8%AC%D9%86%D9%8A%D9%87/7473608,سعر الدينار الكويتي اليوم الثلاثاء 7 يوليو 2026 أمام الجنيه المصري - اليوم السابع,كتب: عبدالحليم سالم,2026-07-07 07:31:00+00:00,استقر سعر الدينار الكويتي اليوم الثلاثاء 7 يوليو 2026، وفق تحديثات البنوك اليوم حيث سجل في البنك الأهلي المصري نحو 154.3 جنيه للشراء 159.2 جنيه للبيع.,اليوم السابع,ar,142,"استقر سعر الدينار الكويتي اليوم الثلاثاء 7 يوليو 2026، وفق تحديثات البنوك اليوم حيث سجل في البنك الأهلي المصري نحو 154.3 جنيه للشراء 159.2 جنيه للبيع. تحديثات يومية للأسعار ويقدم ""اليوم السابع"" تحديثًا يوميًا لأسعار صرف الدينار الكويت ي مقابل الجنيه في مختلف البنوك العاملة في السوق المصرفي المصري، مع متابعة مستمرة لأي تغييرات قد تطرأ خلال اليوم. وفيما يلي أسعار الدينار الكويتي اليوم في عدد من البنوك البنك الأهلي المصري 154.3 جنيه للشراء 159.2 جنيه للبيع بنك مصر 155.3 جنيه للشراء 159.2 جنيه للبيع بنك الإسكندرية 154.1 جنيه للشراء 159.8 جنيه للبيع البنك التجاري الدولي (CIB) 156.3 جنيه للشراء 159.1 جنيه للبيع مصرف أبو ظبي الإسلامي 155.3 جنيه للشراء 159.7 جنيه للبيع وتُعد أسعار صرف العملات الأجنبية، ومن بينها الدينار الكويتي، من المؤشرات المهمة التي يتابعها المواطنون والمستثمرون بشكل يومي نظرًا لتأثيرها على حركة التجارة والتحويلات المالية بين مصر ودول الخليج.",2026-07-07T09:48:51.578538+00:00,
youm7,tier1,https://www.youm7.com/story/2026/7/6/%D8%A7%D9%84%D8%AF%D9%88%D9%84%D8%A7%D8%B1-%D9%8A%D9%88%D8%A7%D8%B5%D9%84-%D8%A7%D9%84%D8%AA%D8%B1%D8%A7%D8%AC%D8%B9-%D8%A3%D9%85%D8%A7%D9%85-%D8%A7%D9%84%D8%AC%D9%86%D9%8A%D9%87-%D8%A8%D8%A7%D9%84%D8%A8%D9%86%D9%88%D9%83-%D9%81%D9%89-%D8%AA%D8%B9%D8%A7%D9%85%D9%84%D8%A7%D8%AA-%D8%A7%D9%84%D9%8A%D9%88%D9%85-%D8%A7%D9%84%D8%A5%D8%AB%D9%86%D9%8A%D9%86/7472689,الدولار يواصل التراجع أمام الجنيه بالبنوك فى تعاملات اليوم الإثنين - اليوم السابع,كتب أيمن رمضان الشريف,2026-07-06 10:55:00+00:00,واصل سعر الدولار الأمريكى تراجعه أمام الجنيه المصرى، اليوم الاثنين 6 يوليو 2026، فى كافة البنوك العاملة بالسوق المصرية.,اليوم السابع,ar,206,واصل سعر الدولار الأمريكى تراجعه أمام الجنيه المصرى، اليوم الاثنين 6 يوليو 2026، فى كافة البنوك العاملة بالسوق المصرية. وسجل سعر الدولار في البنك الأهلى 48.82 جنيه للشراء 48.92 جنيه للبيع، وفى بنك مصر 48.82 جنيه للشراء 48.92 جنيه للبيع. وسجل سعر الدولار فى البنك المركزي المصرى 48.86 جنيه للشراء 49.00 جنيه للبيع، و فى البنك التجارى الدولى 48.80 جنيه للشراء 48.90 جنيه للبيع. أسعار الدولار في البنوك المصرية: سعر الدولار فى البنك المركزي المصري - 48.86 جنيه للشراء. - 49.00 جنيه للبيع. سعر الدولار فى البنك الأهلي المصري - 48.82 جنيه للشراء. - 48.92 جنيه للبيع. سعر الدولار فى بنك مصر - 48.82 جنيه للشراء. - 48.92 جنيه للبيع. سعر الدولار فى بنك الإسكندرية - 48.80 جنيه للشراء. - 48.90 جنيه للبيع. سعر الدولار فى البنك التجاري الدولي CIB - 48.80 جنيه للشراء. - 48.90 جنيه للبيع. سعر الدولار فى بنك البركة - 48.80 جنيه للشراء. - 48.90 جنيه للبيع. سعر الدولار فى المصرف المتحد - 48.80 جنيه للشراء. - 48.90 جنيه للبيع. سعر الدولار فى بنك كريدى اجريكول - 48.80 جنيه للشراء. - 48.90 جنيه للبيع. سعر الدولار فى بنك قناة السويس - 48.83 جنيه للشراء. - 48.93 جنيه للبيع. سعر الدولار فى البنك المصرى الخليجى - 48.80 جنيه للشراء. - 48.90 جنيه للبيع.,2026-07-07T09:48:54.337285+00:00,
youm7,tier1,https://www.youm7.com/story/2026/7/7/%D8%A7%D8%B3%D8%AA%D9%82%D8%B1%D8%A7%D8%B1-%D8%B3%D8%B9%D8%B1-%D8%A7%D9%84%D8%AF%D9%88%D9%84%D8%A7%D8%B1-%D9%85%D9%82%D8%A7%D8%A8%D9%84-%D8%A7%D9%84%D8%AC%D9%86%D9%8A%D9%87-%D8%A7%D9%84%D9%8A%D9%88%D9%85-%D8%A7%D9%84%D8%AB%D9%84%D8%A7%D8%AB%D8%A7%D8%A1-%D9%81%D9%89-%D8%A7%D9%84%D8%A8%D9%86%D9%88%D9%83/7473132,استقرار سعر الدولار مقابل الجنيه اليوم الثلاثاء فى البنوك - اليوم السابع,كتب أيمن رمضان الشريف,2026-07-07 01:00:00+00:00,استقر سعر الدولار الأمريكى أمام الجنيه المصرى، اليوم الثلاثاء 7 يوليو 2026، فى البنك الأهلى المصرى عند 48.82 جنيه للشراء 48.92 جنيه للبيع.,اليوم السابع,ar,202,استقر سعر الدولار الأمريكى أمام الجنيه المصرى، اليوم الثلاثاء 7 يوليو 2026، فى البنك الأهلى المصرى عند 48.82 جنيه للشراء 48.92 جنيه للبيع. وثبت سعر الدولار في بنك مصر عند 48.82 جنيه للشراء 48.92 جنيه للبيع. واستقر سعر الدولار فى البنك المركزي المصرى عند 48.79 جنيه للشراء 48.93 جنيه للبيع، وفى البنك التجارى الدولى 48.75 جنيه للشراء 48.85 جنيه للبيع. أسعار الدولار في البنوك المصرية: سعر الدولار فى البنك المركزي المصري - 48.79 جنيه للشراء. - 48.93 جنيه للبيع. سعر الدولار فى البنك الأهلي المصري - 48.82 جنيه للشراء. - 48.92 جنيه للبيع. سعر الدولار فى بنك مصر - 48.82 جنيه للشراء. - 48.92 جنيه للبيع. سعر الدولار فى بنك الإسكندرية - 48.75 جنيه للشراء. - 48.85 جنيه للبيع. سعر الدولار فى البنك التجاري الدولي CIB - 48.75 جنيه للشراء. - 48.85 جنيه للبيع. سعر الدولار فى بنك البركة - 48.80 جنيه للشراء. - 48.90 جنيه للبيع. سعر الدولار فى المصرف المتحد - 48.80 جنيه للشراء. - 48.90 جنيه للبيع. سعر الدولار فى بنك كريدى اجريكول - 48.75 جنيه للشراء. - 48.85 جنيه للبيع. سعر الدولار فى بنك قناة السويس - 48.83 جنيه للشراء. - 48.93 جنيه للبيع. سعر الدولار فى البنك المصرى الخليجى - 48.82 جنيه للشراء. - 48.92 جنيه للبيع.,2026-07-07T09:48:54.985333+00:00,
youm7,tier1,https://www.youm7.com/story/2026/7/7/%D8%A7%D8%B3%D8%AA%D9%82%D8%B1%D8%A7%D8%B1-%D8%B3%D8%B9%D8%B1-%D8%A7%D9%84%D8%AF%D9%88%D9%84%D8%A7%D8%B1-%D9%85%D9%82%D8%A7%D8%A8%D9%84-%D8%A7%D9%84%D8%AC%D9%86%D9%8A%D9%87-%D9%81%D9%89-%D8%A8%D8%AF%D8%A7%D9%8A%D8%A9-%D8%AA%D8%B9%D8%A7%D9%85%D9%84%D8%A7%D8%AA-%D8%A7%D9%84%D9%8A%D9%88%D9%85-%D8%A7%D9%84%D8%AB%D9%84%D8%A7%D8%AB%D8%A7%D8%A1/7473131,استقرار سعر الدولار مقابل الجنيه فى بداية تعاملات اليوم الثلاثاء - اليوم السابع,كتب أيمن رمضان الشريف,2026-07-07 06:41:00+00:00,استقر سعر الدولار الأمريكى أمام الجنيه المصرى، خلال بداية تعاملات اليوم الثلاثاء 7 يوليو 2026، فى البنوك العاملة بالسوق المصرية.,اليوم السابع,ar,209,استقر سعر الدولار الأمريكى أمام الجنيه المصرى، خلال بداية تعاملات اليوم الثلاثاء 7 يوليو 2026، فى البنوك العاملة بالسوق المصرية. وثبت سعر الدولار في بنك مصر عند 48.82 جنيه للشراء 48.92 جنيه للبيع، وفى البنك الأهلى المصرى 48.82 جنيه للشراء 48.92 جنيه للبيع. واستقر سعر الدولار فى البنك المركزي المصرى عند 48.79 جنيه للشراء 48.93 جنيه للبيع، وفى البنك التجارى الدولى 48.75 جنيه للشراء 48.85 جنيه للبيع. أسعار الدولار في البنوك المصرية: سعر الدولار فى البنك المركزي المصري - 48.79 جنيه للشراء. - 48.93 جنيه للبيع. سعر الدولار فى البنك الأهلي المصري - 48.82 جنيه للشراء. - 48.92 جنيه للبيع. سعر الدولار فى بنك مصر - 48.82 جنيه للشراء. - 48.92 جنيه للبيع. سعر الدولار فى بنك الإسكندرية - 48.75 جنيه للشراء. - 48.85 جنيه للبيع. سعر الدولار فى البنك التجاري الدولي CIB - 48.75 جنيه للشراء. - 48.85 جنيه للبيع. سعر الدولار فى بنك البركة - 48.80 جنيه للشراء. - 48.90 جنيه للبيع. سعر الدولار فى المصرف المتحد - 48.80 جنيه للشراء. - 48.90 جنيه للبيع. سعر الدولار فى بنك كريدى اجريكول - 48.75 جنيه للشراء. - 48.85 جنيه للبيع. سعر الدولار فى بنك قناة السويس - 48.83 جنيه للشراء. - 48.93 جنيه للبيع. سعر الدولار فى البنك المصرى الخليجى - 48.82 جنيه للشراء. - 48.92 جنيه للبيع.,2026-07-07T09:48:54.977175+00:00,
youm7,tier1,https://www.youm7.com/story/2026/7/7/%D8%B5%D9%86%D8%A7%D8%B9%D8%A9-%D8%A7%D9%84%D9%86%D9%88%D8%A7%D8%A8-%D8%AA%D9%88%D8%AC%D9%8A%D9%87%D8%A7%D8%AA-%D8%A7%D9%84%D8%B1%D8%A6%D9%8A%D8%B3-%D8%A7%D9%84%D8%B3%D9%8A%D8%B3%D9%89-%D8%AA%D8%B9%D8%B2%D8%B2-%D8%A7%D9%84%D8%AA%D8%B5%D9%86%D9%8A%D8%B9-%D9%88%D8%B2%D9%8A%D8%A7%D8%AF%D8%A9-%D8%A7%D9%84%D8%B5%D8%A7%D8%AF%D8%B1%D8%A7%D8%AA-%D8%A7%D9%84%D9%85%D8%B5%D8%B1%D9%8A%D8%A9/7473711,صناعة النواب: توجيهات الرئيس السيسى تعزز التصنيع وزيادة الصادرات المصرية - اليوم السابع,كتب _ هشام عبد الجليل,2026-07-07 08:36:00+00:00,ثمن النائب مصطفى البهي، التوجيهات الصادرة عن الرئيس عبد الفتاح السيسي، خلال اجتماعه أمس مع الدكتور مصطفى مدبولي رئيس مجلس الوزراء، وما تضمنته من تأكيد على توطين الصناعة وتعميق التصنيع المحلي.,اليوم السابع,ar,328,"ثمن النائب مصطفى البهي، أمين سر لجنة الصناعة بمجلس النواب، التوجيهات الصادرة عن الرئيس عبد الفتاح السيسي، خلال اجتماعه أمس مع الدكتور مصطفى مدبولي رئيس مجلس الوزراء، والمهندس خالد هاشم وزير الصناعة، بشأن متابعة تنفيذ الاستراتيجية الصناعية الوطنية 2026 – 2030، وما تضمنته من تأكيد على توطين الصناعة وتعميق التصنيع المحلي وتعزيز الصادرات ورفع تنافسية الاقتصاد الوطني. وأكد البهي في تصريحات له اليوم، أن ما تضمنه الاجتماع يعكس رؤية استراتيجية واضحة تقودها القيادة السياسية لترسيخ مكانة مصر كمركز صناعي إقليمي قادر على الاندماج في سلاسل الإنتاج العالمية وزيادة القيمة المضافة للاقتصاد المصري، مشيراً إلى أن التوجيهات الرئاسية الخاصة بربط البرامج التنفيذية بجداول زمنية محددة، وتعزيز دور القطاع الخاص، وتذليل العقبات أمام المستثمرين، تمثل رسالة واضحة بأن المرحلة المقبلة هي مرحلة التنفيذ وتسريع معدلات الإنجاز. بناء قاعدة صناعية متكاملة قادرة على المنافسة الإقليمية والدولية وأوضح أمين سر لجنة الصناعة أن التوجيهات الرئاسية المتعلقة بتوطين صناعة السيارات ومكوناتها، والتوسع في الصناعات المغذية، وتعميق التصنيع المحلي، تتوافق مع العديد من المناقشات والتوصيات التي شهدتها لجنة الصناعة بمجلس النواب خلال الفترة الماضية، والتي أكدت أهمية بناء قاعدة صناعية متكاملة قادرة على المنافسة الإقليمية والدولية وتقليل الاعتماد على الواردات وتعزيز المكون المحلي. كما أشاد البهي باهتمام القيادة السياسية بالتوسع في إنتاج المركبات الكهربائية والتصنيع الأخضر والطاقة المتجددة، لاسيما مبادرة ""شمس الصناعة""، باعتبارها خطوة مهمة نحو رفع كفاءة الصناعة المصرية وتعزيز قدرتها التنافسية في الأسواق العالمية في ظل المتغيرات المرتبطة بالبصمة الكربونية ومتطلبات النفاذ للأسواق الدولية. الاستثمار في العنصر البشري وأشار إلى أن تأكيد الرئيس على أهمية التدريب المهني والرقمنة ودمج القطاع الخاص بصورة أوسع في عملية التصنيع يمثل أحد أهم محاور بناء الصناعة الحديثة، مؤكداً أن الاستثمار في العنصر البشري وتطوير المهارات الفنية أصبح ضرورة استراتيجية لضمان استدامة النمو الصناعي وجذب الاستثمارات النوعية ونقل التكنولوجيا المتقدمة. واختتم النائب مصطفى البهي تصريحاته ،بالتأكيد على أن مجلس النواب ولجنة الصناعة سيواصلان دعم الجهود الحكومية الرامية إلى تطوير البيئة التشريعية للصناعة وتحفيز الاستثمار والإنتاج، بما يواكب التوجيهات الرئاسية ويعزز مستهدفات الدولة نحو تحقيق التنمية الصناعية المستدامة وزيادة الصادرات وتعظيم مساهمة القطاع الصناعي في الناتج المحلي الإجمالي.",2026-07-07T09:48:56.386739+00:00,
youm7,tier1,https://www.youm7.com/story/2026/7/7/%D8%AA%D8%B9%D8%B1%D9%81-%D8%B9%D9%84%D9%89-%D8%B3%D8%B9%D8%B1-%D8%A7%D9%84%D8%AF%D9%88%D9%84%D8%A7%D8%B1-%D9%85%D9%82%D8%A7%D8%A8%D9%84-%D8%A7%D9%84%D8%AC%D9%86%D9%8A%D9%87-%D9%82%D8%A8%D9%84-%D8%A8%D8%AF%D8%A1-%D8%AC%D9%84%D8%B3%D8%A9-%D8%A7%D9%84%D8%AA%D8%AF%D8%A7%D9%88%D9%84/7473133,تعرف على سعر الدولار مقابل الجنيه قبل بدء جلسة التداول - اليوم السابع,كتب أيمن رمضان الشريف,2026-07-07 05:00:00+00:00,استقر سعر الدولار الأمريكى أمام الجنيه المصرى، اليوم الثلاثاء 7 يوليو 2026، فى بنك البركة عند 48.80 جنيه للشراء، و48.90 جنيه للبيع.,اليوم السابع,ar,211,استقر سعر الدولار الأمريكى أمام الجنيه المصرى، اليوم الثلاثاء 7 يوليو 2026، فى بنك البركة عند 48.80 جنيه للشراء، و48.90 جنيه للبيع. وثبت سعر الدولار في بنك مصر عند 48.82 جنيه للشراء 48.92 جنيه للبيع، وفى البنك الأهلى المصرى 48.82 جنيه للشراء 48.92 جنيه للبيع. واستقر سعر الدولار فى البنك المركزي المصرى عند 48.79 جنيه للشراء 48.93 جنيه للبيع، وفى البنك التجارى الدولى 48.75 جنيه للشراء 48.85 جنيه للبيع. أسعار الدولار في البنوك المصرية: سعر الدولار فى البنك المركزي المصري - 48.79 جنيه للشراء. - 48.93 جنيه للبيع. سعر الدولار فى البنك الأهلي المصري - 48.82 جنيه للشراء. - 48.92 جنيه للبيع. سعر الدولار فى بنك مصر - 48.82 جنيه للشراء. - 48.92 جنيه للبيع. سعر الدولار فى بنك الإسكندرية - 48.75 جنيه للشراء. - 48.85 جنيه للبيع. سعر الدولار فى البنك التجاري الدولي CIB - 48.75 جنيه للشراء. - 48.85 جنيه للبيع. سعر الدولار فى بنك البركة - 48.80 جنيه للشراء. - 48.90 جنيه للبيع. سعر الدولار فى المصرف المتحد - 48.80 جنيه للشراء. - 48.90 جنيه للبيع. سعر الدولار فى بنك كريدى اجريكول - 48.75 جنيه للشراء. - 48.85 جنيه للبيع. سعر الدولار فى بنك قناة السويس - 48.83 جنيه للشراء. - 48.93 جنيه للبيع. سعر الدولار فى البنك المصرى الخليجى - 48.82 جنيه للشراء. - 48.92 جنيه للبيع.,2026-07-07T09:48:57.042557+00:00,
youm7,tier1,https://www.youm7.com/story/2026/7/7/%D8%AB%D8%A8%D8%A7%D8%AA-%D8%B3%D8%B9%D8%B1-%D8%A7%D9%84%D8%AF%D9%88%D9%84%D8%A7%D8%B1-%D9%85%D9%82%D8%A7%D8%A8%D9%84-%D8%A7%D9%84%D8%AC%D9%86%D9%8A%D9%87-%D8%A7%D9%84%D9%8A%D9%88%D9%85-%D8%A7%D9%84%D8%AB%D9%84%D8%A7%D8%AB%D8%A7%D8%A1-7-7-2026/7473042,ثبات سعر الدولار مقابل الجنيه اليوم الثلاثاء 7-7-2026 - اليوم السابع,كتب أيمن رمضان الشريف,2026-07-06 21:00:00+00:00,ثبت سعر الدولار الأمريكى أمام الجنيه المصرى، اليوم الثلاثاء 7 يوليو 2026، فى البنوك العاملة بالسوق المصرية تحت سقف ال49 جنيهاً سواء فى عمليات الشراء، أو البيع.,اليوم السابع,ar,214,سعر الدولار الأمريكى أمام الجنيه المصرى، اليوم الثلاثاء 7 يوليو 2026، فى البنوك العاملة بالسوق المصرية تحت سقف ال49 جنيهاً سواء فى عمليات الشراء، أو البيع. واستقر سعر الدولار في البنك الأهلى عند 48.82 جنيه للشراء 48.92 جنيه للبيع، وفى بنك مصر 48.82 جنيه للشراء 48.92 جنيه للبيع. واستقر سعر الدولار فى البنك المركزي المصرى عند 48.79 جنيه للشراء 48.93 جنيه للبيع، وفى البنك التجارى الدولى 48.75 جنيه للشراء 48.85 جنيه للبيع. أسعار الدولار في البنوك المصرية: سعر الدولار فى البنك المركزي المصري - 48.79 جنيه للشراء. - 48.93 جنيه للبيع. سعر الدولار فى البنك الأهلي المصري - 48.82 جنيه للشراء. - 48.92 جنيه للبيع. سعر الدولار فى بنك مصر - 48.82 جنيه للشراء. - 48.92 جنيه للبيع. سعر الدولار فى بنك الإسكندرية - 48.75 جنيه للشراء. - 48.85 جنيه للبيع. سعر الدولار فى البنك التجاري الدولي CIB - 48.75 جنيه للشراء. - 48.85 جنيه للبيع. سعر الدولار فى بنك البركة - 48.80 جنيه للشراء. - 48.90 جنيه للبيع. سعر الدولار فى المصرف المتحد - 48.80 جنيه للشراء. - 48.90 جنيه للبيع. سعر الدولار فى بنك كريدى اجريكول - 48.75 جنيه للشراء. - 48.85 جنيه للبيع. سعر الدولار فى بنك قناة السويس - 48.83 جنيه للشراء. - 48.93 جنيه للبيع. سعر الدولار فى البنك المصرى الخليجى - 48.82 جنيه للشراء. - 48.92 جنيه للبيع.,2026-07-07T09:48:57.156650+00:00,
youm7,tier1,https://www.youm7.com/story/2026/7/6/%D8%B3%D8%B9%D8%B1-%D8%A7%D9%84%D8%AF%D9%88%D9%84%D8%A7%D8%B1-%D9%8A%D9%86%D9%87%D9%89-%D8%AA%D8%B9%D8%A7%D9%85%D9%84%D8%A7%D8%AA-%D8%A7%D9%84%D9%8A%D9%88%D9%85-%D8%A7%D9%84%D8%A5%D8%AB%D9%86%D9%8A%D9%86-%D8%B9%D9%84%D9%89-%D8%AA%D8%B1%D8%A7%D8%AC%D8%B9-%D8%A3%D9%85%D8%A7%D9%85-%D8%A7%D9%84%D8%AC%D9%86%D9%8A%D9%87/7472688,سعر الدولار ينهى تعاملات اليوم الإثنين على تراجع أمام الجنيه - اليوم السابع,كتب أيمن رمضان الشريف,2026-07-06 13:00:00+00:00,اختتم سعر الدولار الأمريكى أمام الجنيه المصرى، تعاملات اليوم الإثنين 6 يوليو 2026، على تراجع فى كافة البنوك العاملة بالسوق المصرية.,اليوم السابع,ar,207,اختتم سعر الدولار الأمريكى أمام الجنيه المصرى، تعاملات اليوم الإثنين 6 يوليو 2026، على تراجع فى كافة البنوك العاملة بالسوق المصرية. وسجل سعر الدولار في البنك الأهلى 48.82 جنيه للشراء 48.92 جنيه للبيع، وفى بنك مصر 48.82 جنيه للشراء 48.92 جنيه للبيع. وسجل سعر الدولار فى البنك المركزي المصرى 48.79 جنيه للشراء 48.93 جنيه للبيع، وفى البنك التجارى الدولى 48.80 جنيه للشراء 48.90 جنيه للبيع. أسعار الدولار في البنوك المصرية: سعر الدولار فى البنك المركزي المصري - 48.79 جنيه للشراء. - 48.93 جنيه للبيع. سعر الدولار فى البنك الأهلي المصري - 48.82 جنيه للشراء. - 48.92 جنيه للبيع. سعر الدولار فى بنك مصر - 48.82 جنيه للشراء. - 48.92 جنيه للبيع. سعر الدولار فى بنك الإسكندرية - 48.80 جنيه للشراء. - 48.90 جنيه للبيع. سعر الدولار فى البنك التجاري الدولي CIB - 48.80 جنيه للشراء. - 48.90 جنيه للبيع. سعر الدولار فى بنك البركة - 48.80 جنيه للشراء. - 48.90 جنيه للبيع. سعر الدولار فى المصرف المتحد - 48.80 جنيه للشراء. - 48.90 جنيه للبيع. سعر الدولار فى بنك كريدى اجريكول - 48.75 جنيه للشراء. - 48.85 جنيه للبيع. سعر الدولار فى بنك قناة السويس - 48.83 جنيه للشراء. - 48.93 جنيه للبيع. سعر الدولار فى البنك المصرى الخليجى - 48.82 جنيه للشراء. - 48.92 جنيه للبيع.,2026-07-07T09:48:57.387851+00:00,
youm7,tier1,https://www.youm7.com/story/2026/7/6/%D8%AA%D8%B9%D8%B1%D9%81-%D8%B9%D9%84%D9%89-%D8%B3%D8%B9%D8%B1-%D8%A7%D9%84%D8%AF%D9%88%D9%84%D8%A7%D8%B1-%D9%85%D9%82%D8%A7%D8%A8%D9%84-%D8%A7%D9%84%D8%AC%D9%86%D9%8A%D9%87-%D9%81%D9%89-%D8%A8%D9%86%D9%83-%D9%82%D9%86%D8%A7%D8%A9-%D8%A7%D9%84%D8%B3%D9%88%D9%8A%D8%B3/7473045,تعرف على سعر الدولار مقابل الجنيه فى بنك قناة السويس اليوم الاثنين - اليوم السابع,كتب أيمن رمضان الشريف,2026-07-06 15:00:00+00:00,استقر سعر الدولار الأمريكى أمام الجنيه المصرى، اليوم الاثنين 6 يوليو 2026، بنك قناة السويس عند 48.83 جنيه للشراء، و48.93 جنيه للبيع.,اليوم السابع,ar,210,استقر سعر الدولار الأمريكى أمام الجنيه المصرى، اليوم الاثنين 6 يوليو 2026، بنك قناة السويس عند 48.83 جنيه للشراء، و48.93 جنيه للبيع. وثبت سعر الدولار في البنك الأهلى عند 48.82 جنيه للشراء 48.92 جنيه للبيع، وفى بنك مصر 48.82 جنيه للشراء 48.92 جنيه للبيع. واستقر سعر الدولار فى البنك المركزي المصرى عند 48.79 جنيه للشراء 48.93 جنيه للبيع، وفى البنك التجارى الدولى 48.75 جنيه للشراء 48.85 جنيه للبيع. أسعار الدولار في البنوك المصرية: سعر الدولار فى البنك المركزي المصري - 48.79 جنيه للشراء. - 48.93 جنيه للبيع. سعر الدولار فى البنك الأهلي المصري - 48.82 جنيه للشراء. - 48.92 جنيه للبيع. سعر الدولار فى بنك مصر - 48.82 جنيه للشراء. - 48.92 جنيه للبيع. سعر الدولار فى بنك الإسكندرية - 48.75 جنيه للشراء. - 48.85 جنيه للبيع. سعر الدولار فى البنك التجاري الدولي CIB - 48.75 جنيه للشراء. - 48.85 جنيه للبيع. سعر الدولار فى بنك البركة - 48.80 جنيه للشراء. - 48.90 جنيه للبيع. سعر الدولار فى المصرف المتحد - 48.80 جنيه للشراء. - 48.90 جنيه للبيع. سعر الدولار فى بنك كريدى اجريكول - 48.75 جنيه للشراء. - 48.85 جنيه للبيع. سعر الدولار فى بنك قناة السويس - 48.83 جنيه للشراء. - 48.93 جنيه للبيع. سعر الدولار فى البنك المصرى الخليجى - 48.82 جنيه للشراء. - 48.92 جنيه للبيع.,2026-07-07T09:48:56.929497+00:00,
youm7,tier1,https://www.youm7.com/story/2026/7/7/%D9%82%D8%B5%D8%A9-%D9%86%D8%AC%D8%A7%D8%AD-%D9%85%D8%B5%D8%B1%D9%8A%D8%A9-%D9%81%D9%89-%D8%AE%D9%81%D8%B6-%D8%A7%D9%84%D8%AF%D9%8A%D9%86-%D9%85%D9%82%D8%A7%D8%B1%D9%86%D8%A9-%D8%A8%D8%A7%D9%84%D8%A3%D8%B3%D9%88%D8%A7%D9%82-%D8%A7%D9%84%D9%86%D8%A7%D8%B4%D8%A6%D8%A9-%D8%A7%D8%B9%D8%B1%D9%81/7472663,قصة نجاح مصرية فى خفض الدين مقارنة بالأسواق الناشئة.. اعرف ماذا قالت فيتش؟ - اليوم السابع,كتبت ـ نورا فخري,2026-07-06 21:00:00+00:00,أبرز البيان المالي المقدم من وزير المالية، أحمد كجوك، عن الموازنة العامة للدولة للعام 2026/2027 تحسنا ملحوظا في مؤشرات المالية العامة، بما يعكس تقدما في مسار الإصلاح المالي..,اليوم السابع,ar,219,أبرز البيان المالي المقدم من وزير المالية، أحمد كجوك ، عن الموازنة العامة للدولة للعام 2026/2027 تحسنا ملحوظا في مؤشرات المالية العامة، بما يعكس تقدما في مسار الإصلاح المالي مقارنة بمتوسط أداء الاقتصادات الناشئة. وأوضح التقرير، أن مصر نجحت في التحول من عجز أولي بلغ 2.0% من الناتج المحلي الإجمالي خلال العام المالي 2016/2017 إلى فوائض أولية متصاعدة، من المقدر أن تصل إلى 4.7% في العام المالي 2025/2026، مع توقعات بارتفاعها إلى 5.0% في العام المالي 2026/2027، ويُعد هذا الأداء أفضل من متوسط الاقتصادات الناشئة، الذي لا يزال يسجل عجزا أوليا يتراوح بين 3.1% و3.7%، بما يعكس انضباطًا ماليًا يدعم تحقيق فائض قبل سداد فوائد الدين. كما أشار التقرير، إلى تراجع العجز الكلي بصورة كبيرة، من ذروته البالغة 10.2% في العام المالي 2016/2017 إلى نحو 4.9% متوقعة في العام المالي 2026/2027، وهو مستوى يقل عن متوسط الاقتصادات الناشئة البالغ نحو 5.7%، بما يعكس تحسنًا في إدارة الإيرادات والمصروفات العامة. وفيما يتعلق بالدين العام، أظهرت البيانات انخفاض دين أجهزة الموازنة العامة في مصر بنحو 18 نقطة مئوية من الناتج المحلي الإجمالي خلال الفترة من 2023 إلى 2027، بينما يُتوقع أن يرتفع متوسط الدين في الاقتصادات الناشئة بنحو 10 نقاط مئوية خلال الفترة نفسها. ووفقا للمقارنة الدولية الواردة في التقرير، تسجل مصر أكبر خفض في نسبة الدين بين عينة واسعة من الاقتصادات الناشئة، وهو ما يعكس تحسنا في مؤشرات الاستدامة المالية.,2026-07-07T09:48:58.230937+00:00,
youm7,tier1,https://www.youm7.com/story/2026/7/7/%D8%AA%D8%B1%D8%A7%D8%AC%D8%B9-%D8%B3%D8%B9%D8%B1-%D8%A7%D9%84%D8%AF%D9%88%D9%84%D8%A7%D8%B1-%D9%85%D9%82%D8%A7%D8%A8%D9%84-%D8%A7%D9%84%D8%AC%D9%86%D9%8A%D9%87-%D8%AE%D9%84%D8%A7%D9%84-%D9%85%D9%86%D8%AA%D8%B5%D9%81-%D8%AA%D8%B9%D8%A7%D9%85%D9%84%D8%A7%D8%AA-%D8%A7%D9%84%D9%8A%D9%88%D9%85-%D8%A7%D9%84%D8%AB%D9%84%D8%A7%D8%AB%D8%A7%D8%A1/7473756,تراجع سعر الدولار مقابل الجنيه خلال منتصف تعاملات اليوم الثلاثاء - اليوم السابع,كتب أيمن رمضان الشريف,2026-07-07 09:00:00+00:00,تراجع سعر الدولار الأمريكى أمام الجنيه المصرى، خلال منتصف تعاملات اليوم الثلاثاء 7 يوليو 2026.,اليوم السابع,ar,202,تراجع سعر الدولار الأمريكى أمام الجنيه المصرى، خلال منتصف تعاملات اليوم الثلاثاء 7 يوليو 2026. وسجل سعر الدولار في بنك مصر 48.80 جنيه للشراء 48.90 جنيه للبيع، وفى البنك الأهلى المصرى 48.81 جنيه للشراء 48.91 جنيه للبيع. وسجل سعر الدولار فى البنك المركزي المصرى 48.79 جنيه للشراء 48.93 جنيه للبيع، وفى البنك التجارى الدولى 48.77 جنيه للشراء 48.87 جنيه للبيع. أسعار الدولار في البنوك المصرية: سعر الدولار فى البنك المركزي المصري - 48.79 جنيه للشراء. - 48.93 جنيه للبيع. سعر الدولار فى البنك الأهلي المصري - 48.81 جنيه للشراء. - 48.91 جنيه للبيع. سعر الدولار فى بنك مصر - 48.80 جنيه للشراء. - 48.90 جنيه للبيع. سعر الدولار فى بنك الإسكندرية - 48.78 جنيه للشراء. - 48.88 جنيه للبيع. سعر الدولار فى البنك التجاري الدولي CIB - 48.77 جنيه للشراء. - 48.87 جنيه للبيع. سعر الدولار فى بنك البركة - 48.75 جنيه للشراء. - 48.85 جنيه للبيع. سعر الدولار فى المصرف المتحد - 48.78 جنيه للشراء. - 48.88 جنيه للبيع. سعر الدولار فى بنك كريدى اجريكول - 48.75 جنيه للشراء. - 48.85 جنيه للبيع. سعر الدولار فى بنك قناة السويس - 48.82 جنيه للشراء. - 48.92 جنيه للبيع. سعر الدولار فى البنك المصرى الخليجى - 48.75 جنيه للشراء. - 48.85 جنيه للبيع.,2026-07-07T09:48:59.375841+00:00,
youm7,tier1,https://www.youm7.com/story/2026/7/7/%D8%B3%D8%B9%D8%B1-%D8%A7%D9%84%D9%8A%D9%88%D8%B1%D9%88-%D8%A7%D9%84%D9%8A%D9%88%D9%85-%D8%A7%D9%84%D8%AB%D9%84%D8%A7%D8%AB%D8%A7%D8%A1-7-%D9%8A%D9%88%D9%84%D9%8A%D9%88-2026-%D8%A3%D9%85%D8%A7%D9%85-%D8%A7%D9%84%D8%AC%D9%86%D9%8A%D9%87-%D8%A8%D8%A7%D9%84%D8%A8%D9%86%D9%88%D9%83/7473625,سعر اليورو اليوم الثلاثاء 7 يوليو 2026 أمام الجنيه بالبنوك المصرية - اليوم السابع,كتب مدحت عادل,2026-07-07 07:48:00+00:00,ننشر سعر اليورو فى بداية تعاملات اليوم الثلاثاء 7 يوليو 2026 أمام الجنيه بالبنوك المصرية.,اليوم السابع,ar,149,ننشر سعر اليورو فى بداية تعاملات اليوم الثلاثاء 7 يوليو 2026 أمام الجنيه بالبنوك المصرية. وكان سعر اليورو في البنك المركزي المصري 55.71 جنيه للشراء، و55.88 جنيه للبيع، وفي البنك الأهلى المصري 55.77 جنيه للشراء، 55.98 جنيه للبيع، وسعر اليورو في بنك مصر 55.80 للشراء، 55.99 جنيه للبيع. وجاء سعر اليورو داخل البنوك الرئيسية كالتالى: سعر اليورو في البنك المركزي المصري 55.71 جنيه للشراء 55.88 جنيه للبيع. سعر اليورو في البنك الأهلى المصري 55.77 جنيه للشراء 55.98 جنيه للبيع. سعر اليورو في بنك مصر 55.80 جنيه للشراء. 55.99 جنيه للبيع. سعر اليورو في بنك الاسكندرية 55.7 جنيه للشراء. 55.92 جنيه للبيع. سعر اليورو في البنك التجارى الدولي 55.75 جنيه للشراء. 55.93 جنيه للبيع. سعر اليورو في مصرف أبو ظبى الاسلامى 55.92 جنيه للشراء. 56.10 جنيه للبيع. سعر اليورو في بنك البركة 55.80 جنيه للشراء. 55.99 جنيه للبيع. سعر اليورو في بنك قناة السويس 55.83 جنيه للشراء. 55.99 جنيه للبيع,2026-07-07T09:48:59.235072+00:00,
youm7,tier1,https://www.youm7.com/story/2026/7/7/%D8%B3%D8%B9%D8%B1-%D8%A7%D9%84%D8%B1%D9%8A%D8%A7%D9%84-%D8%A7%D9%84%D8%B3%D8%B9%D9%88%D8%AF%D9%89-%D8%A3%D9%85%D8%A7%D9%85-%D8%A7%D9%84%D8%AC%D9%86%D9%8A%D9%87-%D8%A7%D9%84%D9%8A%D9%88%D9%85-%D8%A7%D9%84%D8%AB%D9%84%D8%A7%D8%AB%D8%A7%D8%A1-7-7-2026/7473796,سعر الريال السعودى أمام الجنيه اليوم الثلاثاء 7-7-2026 - اليوم السابع,,2026-07-07 09:32:03+00:00,ننشر سعر الريال السعودى، أمام الجنيه المصري اليوم الثلاثاء 7-7-2026، بالبنوك المصرية فى بداية التعاملات اليومية، مسجلًا فى البنك الأهلى المصرى سعر 12.96 جنيه للشراء، و13.02 جنيه للبيع.,اليوم السابع,ar,181,"ننشر سعر الريال السعودى ، أمام الجنيه المصري اليوم الثلاثاء 7-7-2026، بالبنوك المصرية فى بداية التعاملات اليومية، مسجلًا فى البنك الأهلى المصرى سعر 12.96 جنيه للشراء، و13.02 جنيه للبيع، ومتوسط سعر الصرف فى البنك المركزى المصر ى سجل 12.99 جنيه للشراء، و13.03 جنيه للبيع . ويقدم ""اليوم السابع""، خدمة تشمل نشر أسعار العملات فى كل البنوك المصرية والسوق المصرفية، وتشمل تحديثا فوريا للأسعار حال تغييرها. وجاء سعر الريال السعودى فى عدد آخر من البنوك العاملة فى مصر، كالتالى: سعر الريال السعودى فى البنك المركزى المصرى 13.99 جنيه للشراء. 13.03 جنيه للبيع. سعر الريال السعودى فى البنك الأهلى المصرى 12.96 جنيه للشراء. 13.02 جنيه للبيع. سعر الريال السعودى فى بنك مصر 12.96 جنيه للشراء. 13.02 جنيه للبيع. سعر الريال السعودى فى بنك الإسكندرية 12.94 جنيه للشراء. 13.02 جنيه للبيع. سعر الريال السعودى فى البنك التجارى الدولى cib 12.98 جنيه للشراء. 13.02 جنيه للبيع. سعر الريال السعودى فى مصرف أبو ظبى التجارى 12.68 جنيه للشراء. 13.02 جنيه للبيع. سعر الريال السعودى فى بنك البركة 12.95 جنيه للشراء. 13.01 جنيه للبيع. سعر الريال السعودي في بنك قناة السويس 12.95 جنية للشراء. 13.04 جنية للبيع.",2026-07-07T09:48:59.462384+00:00,
youm7,tier1,https://www.youm7.com/story/2026/7/6/%D8%A3%D8%B3%D8%B9%D8%A7%D8%B1-%D8%A7%D9%84%D8%AF%D9%88%D9%84%D8%A7%D8%B1-%D9%88%D8%A7%D9%84%D8%B9%D9%85%D9%84%D8%A7%D8%AA-%D8%A7%D9%84%D8%A3%D8%AC%D9%86%D8%A8%D9%8A%D8%A9-%D8%A7%D9%84%D9%8A%D9%88%D9%85-%D8%A7%D9%84%D8%A5%D8%AB%D9%86%D9%8A%D9%86-6-7-2026/7472796,أسعار الدولار والعملات الأجنبية اليوم الإثنين 6 - 7 - 2026 - اليوم السابع,,2026-07-06 10:26:00+00:00,ننشر أسعار صرف أبرز العملات الأجنبية أمام الجنيه المصرى، وعلى رأسها الدولار الامريكى، في البنوك المصرية الحكومية والخاصة، العاملة بالسوق المحلى.,اليوم السابع,ar,189,"ننشر أسعار صرف أبرز العملات الأجنبية أمام الجنيه المصرى، وعلى رأسها الدولار الامريكى، في البنوك المصرية الحكومية والخاصة، العاملة بالسوق المحلى. وينشر ""اليوم السابع""، أسعار أبرز العملات الأجنبية مقابل الجنيه المصري، وهي؛ الدولار الأمريكي اليورو الأوروبي ، والجنية الإسترليني، والدينار الكويتي، والريال السعودي، والدرهم الإماراتي، والريال القطري.‏‎ ويقدم ""اليوم السابع""، هذه الخدمة التي تشمل نشر أسعار العملات في كافة البنوك الحكومية والخاصة العاملة في السوق المصرية، والسوق المصرفي، ويشمل التحديث الفوري للأسعار حال تغييرها، وقيمة الجنيه أمام سلة العملات العالمية اليوم الأثنين 6 - 7- 2026. وتعد هذه العملات مرجعًا في الأسواق العالمية، ويتم تداولها بشكل كبير في سوق الفوركس (سوق صرف العملات الأجنبية)، كما تعد عملات الدول العربية الأكثر أهمية للسوق المصري خاصة المسافرين لتلك الدول. وجاءت الأسعار كالتالي: ‏‎سعر الدولار اليوم 48.83 جنيه للشراء 48.93 جنيه للبيع. سعر اليورو الأوروبي اليوم 55.74 جنيه للشراء. 55.98 جنيه للبيع. سعر الجنيه الإسترليني اليوم 65.08 جنيه للشراء. 65.35 جنيه للبيع. سعر الدينار الكويتي اليوم 154.20 جنيه للشراء. 159.09 جنيه للبيع سعر الريال السعودي اليوم 12.97 جنيه للشراء. 13.05 جنيه للبيع. سعر الدرهم الإماراتي اليوم 13.28 جنيه للشراء. 13.32 جنيه للبيع. سعر الريال القطري اليوم 12.39 جنيه للشراء. 13.42 جنيه للبيع.",2026-07-07T09:48:59.343933+00:00,
youm7,tier1,https://www.youm7.com/story/2026/7/7/%D8%A7%D9%84%D9%8A%D9%88%D8%B1%D9%88-%D9%8A%D8%AA%D8%B1%D8%A7%D8%AC%D8%B9-%D8%A3%D9%85%D8%A7%D9%85-%D8%A7%D9%84%D8%AC%D9%86%D9%8A%D9%87-%D8%A8%D9%85%D9%86%D8%AA%D8%B5%D9%81-%D8%AA%D8%B9%D8%A7%D9%85%D9%84%D8%A7%D8%AA-%D8%A7%D9%84%D9%8A%D9%88%D9%85-%D8%A7%D9%84%D8%AB%D9%84%D8%A7%D8%AB%D8%A7%D8%A1-7-%D9%8A%D9%88%D9%84%D9%8A%D9%88/7473833,اليورو يتراجع أمام الجنيه بمنتصف تعاملات اليوم الثلاثاء 7 يوليو 2026 بالبنوك - اليوم السابع,كتب مدحت عادل,2026-07-07 09:36:00+00:00,تراجع سعر اليورو فى منتصف تعاملات اليوم الثلاثاء 7 يوليو 2026 أمام الجنيه بالبنوك المصرية.,اليوم السابع,ar,149,تراجع سعر اليورو فى منتصف تعاملات اليوم الثلاثاء 7 يوليو 2026 أمام الجنيه بالبنوك المصرية. وبلغ سعر اليورو في البنك المركزي المصري 55.71 جنيه للشراء، و55.88 جنيه للبيع، وفي البنك الأهلى المصري 55.72 جنيه للشراء، 55.94 جنيه للبيع، وسعر اليورو في بنك مصر 55.72 للشراء، 55.94 جنيه للبيع. وجاء سعر اليورو داخل البنوك الرئيسية كالتالى: سعر اليورو في البنك المركزي المصري 55.71 جنيه للشراء. 55.88 جنيه للبيع. سعر اليورو في البنك الأهلى المصري 55.72 جنيه للشراء. 55.94 جنيه للبيع. سعر اليورو في بنك مصر 55.72 جنيه للشراء. 55.94 جنيه للبيع. سعر اليورو في بنك الاسكندرية 55.69 جنيه للشراء. 55.92 جنيه للبيع. سعر اليورو في البنك التجارى الدولي 55.77 جنيه للشراء. 55.95 جنيه للبيع. سعر اليورو في مصرف أبو ظبى الاسلامى 55.92 جنيه للشراء. 56.10 جنيه للبيع. سعر اليورو في بنك البركة 55.70 جنيه للشراء. 55.91 جنيه للبيع. سعر اليورو في بنك قناة السويس 55.83 جنيه للشراء. 55.99 جنيه للبيع.,2026-07-07T09:49:00.045777+00:00,
almasry,tier1,https://www.almasryalyoum.com/news/details/4309518,بعد انخفاضه في البنوك.. سعر الدولار مقابل الجنيه المصري اليوم الاثنين 6-7-2026 | المصري اليوم,آية إبراهيم,2026-07-06 20:23:00+00:00,استقر سعر الدولار مقابل الجنيه، اليوم الاثنين7 يوليو 2026، في نهاية التعاملات، بعد انخفاضه خلال تعاملات أمس، وفيما يلى أسعار الدولار، وفقًا لآخر تحديث في البنوك.سعر الدولار في...,المصري اليوم,ar,118,بعد انخفاضه في البنوك.. سعر الدولار مقابل الجنيه المصري اليوم الاثنين 6-7-2026 بعد انخفاضه في البنوك.. سعر الدولار مقابل الجنيه المصري اليوم الاثنين 6-7-2026 استقر سعر الدولار مقابل الجنيه ، اليوم الاثنين7 يوليو 2026، في نهاية التعاملات، بعد انخفاضه خلال تعاملات أمس، وفيما يلى أسعار الدولار، وفقًا لآخر تحديث في البنوك. سعر الدولار في بنك قناة السويس سعر الدولار في بنك المصرف المتحد سعر الدولار في البنك الأهلي سجل نحو 48.82 جنيه للشراء، 48.92 جنيه للبيع. سعر الدولار في بنك مصر سعر الدولار في بنك الإسكندرية سجل سعر الدولار في بنك الإسكندرية نحو 48.75 جنيه للشراء، 48.85 جنيه للبيع. سعر الدولار في البنك التجاري الدولي سجل سعر الدولار في البنك التجارى الدولى 48.75. جنيه للشراء، 48.85 جنيه للبيع.,2026-07-07T09:49:01.500911+00:00,
almasry,tier1,https://www.almasryalyoum.com/news/details/4309742,وزير الاستثمار: أبوابنا مفتوحة لدعم الشباب لابتكار حلول اقتصادية وصناعية | المصري اليوم,محمد الصيفي,2026-07-07 03:46:00+00:00,أكد الدكتور محمد فريد، وزير الاستثمار والتجارة الخارجية، أن باب وزارته مفتوح لدعم الشباب وأفكارهم التى تقدم حلولًا مبتكرة للاقتصاد والصناعة، واصفًا رواد الأعمال فى مصر...,المصري اليوم,ar,291,وزير الاستثمار خلال اللقاء وزير الاستثمار خلال اللقاء أكد الدكتور محمد فريد، وزير الاستثمار والتجارة الخارجية، أن باب وزارته مفتوح لدعم الشباب وأفكارهم التى تقدم حلولًا مبتكرة للاقتصاد والصناعة، واصفًا رواد الأعمال فى مصر بأنهم أبطال ويستحقون كل المعاونة، فالاقتصادات المتقدمة تُبنى بالابتكار. وأوضح أن توطين تكنولوجيا المركبات الكهربائية يعد جزءًا رئيسيًا من رؤية الحكومة لتعزيز تنافسية الاقتصاد بتوطين التكنولوجيا وتعميق الصناعة. جاء ذلك خلال لقائه مؤسس وفريق عمل شركة «EVRAID» المتخصصة فى توطين تكنولوجيا المركبات الكهربائية، للاستماع إلى تجربتهم وكيفية دعمهم لتوطين هذه التكنولوجيا بالتوافق مع رؤية الحكومة لتعميق الصناعة وزيادة الصادرات. وأوضح فريد فى بيان - أمس - أن وزارته تستهدف دعم الاستثمارات المبتكرة التى توفر حلولًا للتحديات الاقتصادية وتعزز الصادرات المصرية، مشيرًا إلى أن النقلات النوعية لأى اقتصاد لا تتحقق إلا بأفكار غير تقليدية وبيئة تنظيمية وتشريعية داعمة ومحفزة بضمانات وحوافز، وهو ما نعمل عليه الآن بفاعلية وبالشراكة مع القطاع الخاص، فضلًا عن السعى المستمر نحو بناء أجيال جديدة من الشركات والمستثمرين والمصدرين بدعم الأفكار المبتكرة لتنمو وتتوسع. وأضاف أن الوزارة تعمل على مساعدة الشركات على فتح آفاق جديدة، لا سيما تلك التى يقودها شباب وتمتلك منتجات وتقنيات ذات قيمة مضافة مرتفعة، بما يعزز قدرتها على التوسع فى الأسواق الدولية، إيمانًا بأن الشركات المصرية المبتكرة قادرة على أن تصبح مصدرًا رئيسيًا للتكنولوجيا، وليس مجرد مستهلك لها. تابع: «توطين الصناعات المرتبطة بالمركبات الكهربائية، خاصة المكونات التكنولوجية المتقدمة، يسهم فى بناء قاعدة صناعية أكثر تطورًا واستدامة، لافتًا إلى أهمية الاستفادة من الكفاءات الهندسية المصرية والخبرات المتراكمة لدى الشركات المحلية فى تطوير منتجات قادرة على المنافسة إقليميًا ودوليًا. وتعمل الوزارة، حسب فريد، بالتنسيق مع الجهات المعنية على تحسين البيئة الاستثمارية وتوفير الحوافز والضمانات اللازمة للاستثمارات الصناعية والتكنولوجية، ما يدعم خطط الشركات للتوسع فى الإنتاج والتصدير وزيادة مساهمة الصناعات المتقدمة فى الناتج المحلى والصادرات. لفت الوزير إلى أن تنمية سلاسل الإمداد المحلية.,2026-07-07T09:49:01.245231+00:00,
almasry,tier1,https://www.almasryalyoum.com/news/details/4309249,ارتفاع طفيف في سعر الريال السعودي أمام الجنيه المصري اليوم الاثنين 6-7-2026 | المصري اليوم,همسة هشام,2026-07-06 12:22:00+00:00,ارتفع سعر الريال السعودي اليوم الاثنين 6 يوليو 2026 في منتصغ التعاملات، حيث ارتفع سعر الريال السعودي قرش واحد في البنك الأهلي وغيره. سعر الريال السعودي في بنك مصر اليومسجل سعر...,المصري اليوم,ar,129,ارتفاع طفيف في سعر الريال السعودي أمام الجنيه المصري اليوم الاثنين 6-7-2026 ارتفاع طفيف في سعر الريال السعودي أمام الجنيه المصري اليوم الاثنين 6-7-2026 ارتفع سعر الريال السعودي اليوم الاثنين 6 يوليو 2026 في منتصغ التعاملات، حيث ارتفع سعر الريال السعودي قرش واحد في البنك الأهلي وغيره. سعر الريال السعودي في بنك مصر اليوم سعر الريال السعودي في بنك مصر اليوم 12.97 جنيهًا شراء، 13.02 جنيهًا بيع. سعر الريال السعودي في البنك الأهلي اليوم سعر الريال السعودي في البنك الأهلي اليوم 12.97 جنيهًا شراء، 13.02 جنيهًا بيع. سعر الريال السعودي في بنك القاهرة اليوم سجل سعر الريال السعودي في بنك القاهرة اليوم 12.99 جنيهًا شراء، 13.05 جنيهًا بيع. سعر الريال السعودي في بنك الإسكندرية اليوم سجل سعر الريال السعودي في بنك الإسكندرية اليوم 12.95 جنيهًا شراء، 13.04 جنيهًا شراء.,2026-07-07T09:49:01.128903+00:00,
almasry,tier1,https://www.almasryalyoum.com/news/details/4309551,يهبط لمستوى جديد في البنوك.. سعر الدولار مقابل الجنيه المصري اليوم الثلاثاء 7 يوليو 2026 | المصري اليوم,إيمان عادل,2026-07-06 21:00:00+00:00,حافظ سعر الدولار اليوم الثلاثاء 7 يوليو 2026 على استقراره، وفق آخر تحديث في البنوك المصرية، بعد انخفاض سعر الدولار مقابل الجنيه في 10 بنوك، بقيمة تتراوح بين قرش و20 قرشًا بختام...,المصري اليوم,ar,217,آخرون سعر الدولار اليوم - صورة أرشيفية آخرون سعر الدولار اليوم - صورة أرشيفية حافظ سعر الدولار اليوم الثلاثاء 7 يوليو 2026 على استقراره، وفق آخر تحديث في البنوك المصرية، بعد انخفاض سعر الدولار مقابل الجنيه في 10 بنوك، بقيمة تتراوح بين قرش و20 قرشًا بختام تعاملات أمس، وفق أسعار الصرف المعلنة عبر مواقع البنوك. سعر الدولار اليوم فى البنوك ووفقًا لآخر تحديث ل سعر الدولار الرسمى أمام الجنيه ، جاءت أسعار الصرف المعلنة على المواقع الإلكترونية للبنوك في مصر كالآتي: البنك الأهلي المصري: 48.82 جنيه للشراء، و48.92 جنيه للبيع، بتراجع 10 قروش للشراء والبيع. بنك مصر: 48.82 جنيه للشراء، و48.92 جنيه للبيع، بتراجع 10 قروش للشراء والبيع. بنك القاهرة: 48.82 جنيه للشراء، و48.92 جنيه للبيع، بتراجع 10 قروش للشراء والبيع. بنك الإسكندرية: 48.8 جنيه للشراء، و48.9 جنيه للبيع، بتراجع 5 قروش للشراء والبيع. بنك قناة السويس: 48.83 جنيه للشراء، و48.93 جنيه للبيع، بتراجع 9 قروش للشراء والبيع. البنك التجاري الدولي : 48.84 جنيه للشراء، و48.94 جنيه للبيع، بتراجع قرش للشراء والبيع. بنك البركة: 48.8 جنيه للشراء، و48.9 جنيه للبيع، بتراجع 5 قروش للشراء والبيع. كريدي أجريكول: 48.8 جنيهًا للشراء، و48.9 جنيه للبيع، بتراجع 20 قرشًا للشراء والبيع. بنك قطر الوطني: 48.81 جنيه للشراء، و48.91 جنيه للبيع، بتراجع 4 قروش للشراء والبيع. مصرف أبو ظبي الإسلامي: 48.94 جنيه للشراء، و49.04 جنيه للبيع، بتراجع 16 قرشًا للشراء والبيع.,2026-07-07T09:49:01.645523+00:00,
almasry,tier1,https://www.almasryalyoum.com/news/details/4309786,رسمياً الآن.. سعر الدولار مقابل الجنيه المصرى اليوم الثلاثاء 7-7-2026 فى البنوك | المصري اليوم,آية إبراهيم,2026-07-07 07:09:00+00:00,استقر سعر الدولار مقابل الجنيه، اليوم الثلاثاء 7 يوليو 2026، فى بداية التعاملات، بعد انخفاضه خلال تعاملات أمس، وفيما يلى أسعار الدولار، وفقًا لآخر تحديث فى البنوك.سعر الدولار...,المصري اليوم,ar,119,رسمياً الآن.. سعر الدولار مقابل الجنيه المصرى اليوم الثلاثاء 7-7-2026 فى البنوك رسمياً الآن.. سعر الدولار مقابل الجنيه المصرى اليوم الثلاثاء 7-7-2026 فى البنوك استقر سعر الدولار مقابل الجنيه ، اليوم الثلاثاء 7 يوليو 2026، فى بداية التعاملات، بعد انخفاضه خلال تعاملات أمس، وفيما يلى أسعار الدولار، وفقًا لآخر تحديث فى البنوك. سعر الدولار فى بنك قناة السويس سعر الدولار فى بنك المصرف المتحد سعر الدولار فى البنك الأهلي سجل نحو 48.82 جنيه للشراء، 48.92 جنيه للبيع. سعر الدولار فى بنك مصر سعر الدولار فى بنك الإسكندرية سجل سعر الدولار فى بنك الإسكندرية نحو 48.75 جنيه للشراء، 48.85 جنيه للبيع. سعر الدولار فى البنك التجارى الدولي سجل سعر الدولار فى البنك التجارى الدولى 48.75. جنيه للشراء، 48.85 جنيه للبيع.,2026-07-07T09:49:01.817944+00:00,
almasry,tier1,https://www.almasryalyoum.com/news/details/4309747,«المالية»: تحويل مصر لمركز إقليمي للخدمات الرقمية والابتكار | المصري اليوم,محسن عبد الرازق,2026-07-07 03:49:00+00:00,أكد أحمد كجوك، وزيرالمالية، ثقته فى قدرة الشباب على تحويل مصر لمركز إقليمى للخدمات الرقمية والابتكار، موضحًا أننا لدينا كوادر مؤهلة من مهندسين ومطورين ومتخصصين، ومنظومة...,المصري اليوم,ar,192,أحمد كجوك وزير المالية - صورة أرشيفية أحمد كجوك وزير المالية - صورة أرشيفية أكد أحمد كجوك، وزيرالمالية، ثقته فى قدرة الشباب على تحويل مصر لمركز إقليمى للخدمات الرقمية والابتكار، موضحًا أننا لدينا كوادر مؤهلة من مهندسين ومطورين ومتخصصين، ومنظومة تكنولوجية متنامية، وبنية تحتية رقمية جاهزة لتصدير الخدمات، لافتًا إلى أن هناك 250 شابًا بالمركز يقدمون خدمات متقدمة فى تكنولوجيا المعلومات والذكاء الاصطناعى وهندسة البرمجيات. جاء ذلك خلال مشاركته، أمس، فى افتتاح المركز الجديد للخدمات الرقمية لشركة «كوكاكولا هيلينك» بالقاهرة، وتفاعل مع الشباب المصرى المبتكر، وسدد ركلة ترجيحية «رمزية» تشجيعًا لإحدى الألعاب الترفيهية «التى ابتكرها العاملون بالمركز». وقال «كجوك» إن شبابنا المبدع والمبتكر يخدم الآن 27 سوقًا، وهناك آفاق للتوسع وإضافة 14 سوقًا أخرى فى أفريقيا، مؤكدًا أن وزارة الاتصالات وتكنولوجيا المعلومات قامت بجهود مميزة وخلقت شراكات متطورة لخدمة تنافسية القطاع الخاص ودعم القطاع التكنولوجى بمصر. وأشار إلى أن افتتاح هذا المركز بالقاهرة يعد خطوة مهمة لدفع صادرات الخدمات الرقمية، وما زالت لدينا فرص استثمارية كبيرة لزيادة مساهماتها فى الاقتصاد المصرى، كما يعد شهادة ثقة جديدة من المستثمرين الدوليين فى الاقتصاد المصرى وفى قدرة وإمكانيات شبابنا. وأكد استهداف جذب المزيد من الاستثمارات النوعية القائمة على التكنولوجيا والابتكار لخلق فرص عمل مميزة لشبابنا.,2026-07-07T09:49:02.604959+00:00,
almasry,tier1,https://www.almasryalyoum.com/news/details/4309662,«اقتصادية القناة» تقود حوارًا مع المستثمرين لربط التدريب بالتوظيف داخل المصانع | المصري اليوم,أمل عباس,2026-07-06 23:50:00+00:00,شهدت الهيئة العامة للمنطقة الاقتصادية لقناة السويس فعاليات اللقاء الذى نظمته بالتعاون مع أكاديمية السويدى الفنية بمقر الهيئة فى منطقة السخنة الصناعية، فى إطار جهودها لتعزيز...,المصري اليوم,ar,487,شهدت الهيئة العامة للمنطقة الاقتصادية لقناة السويس فعاليات اللقاء الذى نظمته بالتعاون مع أكاديمية السويدى الفنية بمقر الهيئة فى منطقة السخنة الصناعية، فى إطار جهودها لتعزيز التكامل بين التعليم الفنى واحتياجات الصناعة، وتنفيذًا لبروتوكول التعاون الذى وقعته الهيئة مع أكاديمية السويدى الفنية الشهر الماضى، بهدف مناقشة متطلبات سوق العمل الحالية والمستقبلية، وتعزيز مواءمة برامج التدريب الفنى مع احتياجات القطاعات الصناعية المستهدفة، وذلك بحضور الربان أحمد جمال، نائب رئيس الهيئة العامة للمنطقة الاقتصادية لقناة السويس للمنطقة الجنوبية، وحنان الريحانى، الرئيس التنفيذى لأكاديمية السويدى الفنية والأمين العام لمؤسسة السويدى إلكتريك، إلى جانب عدد من قيادات الهيئة، وفريق إدارة الأكاديمية، وممثلى الشركات والمستثمرين من مختلف القطاعات الصناعية العاملة داخل المنطقة الاقتصادية لقناة السويس. وتضمنت الفعالية كلمات افتتاحية عن جهود الهيئة العامة للمنطقة الاقتصادية لقناة السويس فى دعم الاستثمار الصناعى وتنمية رأس المال البشرى، وعن دور أكاديمية السويدى الفنية فى تطوير منظومة التعليم الفنى، تلاها عرض تقديمى حول نموذج التعليم الذى تقدمه الأكاديمية، كما شهدت الفعالية جلسة نقاشية موسعة مع المستثمرين تناولت آليات تحديد الاحتياجات التدريبية، وفرص الشراكة فى تصميم البرامج الفنية، وربط التدريب بالتوظيف داخل المصانع. وفى هذا السياق، أكد وليد جمال الدين، رئيس الهيئة العامة للمنطقة الاقتصادية لقناة السويس، أن هذه الفعالية تأتى فى إطار رؤية الهيئة للانتقال من مرحلة تمكين الاستثمار إلى مرحلة توطين الصناعة، من خلال بناء منظومة متكاملة لا تقتصر على توفير البنية التحتية والحوافز الاستثمارية، وإنما تمتد لتشمل إعداد وتأهيل الكوادر البشرية القادرة على تلبية احتياجات الصناعة الحديثة، مشيرًا إلى أن التكامل بين التعليم الفنى واحتياجات الصناعة يمثل أحد أهم ركائز استدامة الاستثمار داخل نطاق الهيئة، مؤكدًا أن نجاح التجربة الاستثمارية لا يكتمل إلا بوجود عمالة فنية مدربة على أعلى مستوى، قادرة على رفع كفاءة الإنتاج وتعزيز تنافسية المناطق الصناعية المصرية، لافتًا إلى أن إشراك المستثمرين فى تحديد الاحتياجات التدريبية يمثل خطوة محورية لضمان توافق مخرجات التعليم مع متطلبات المصانع الفعلية، الحالية والمستقبلية. وأكدت حنان الريحانى أن أكاديمية السويدى الفنية تؤمن بأن تمكين الشباب هو المفتاح الحقيقى لتحقيق التقدم، ولذلك تحرص على تزويدهم بالمهارات العملية التى تتطلبها سوق العمل، وفتح مسارات تُمكنهم من التعلم المستمر والتطور واكتساب الخبرات العملية. وأضافت أن الأكاديمية تتطلع إلى توسيع نطاق أثرها والوصول إلى أكبر عدد من المستفيدين فى مختلف أنحاء الجمهورية من خلال التوسع فى إنشاء مدارس فنية تلبى الاحتياجات الصناعية لكل منطقة، بما يدعم إعداد كوادر فنية مؤهلة تواكب متطلبات سوق العمل وفقًا لأعلى المعايير الدولية، وتسهم فى بناء مستقبل أكثر استدامة وازدهارًا. الجدير بالذكر أن أكاديمية السويدى الفنية بمنطقة السخنة الصناعية، والمقرر بدء تشغيلها فى سبتمبر 2026، تستهدف استقبال 450 طالبًا وطالبة فى عامها الدراسى الأول، وصولًا إلى طاقة استيعابية إجمالية تبلغ 1350 طالبًا وطالبة. وتعتمد الأكاديمية على نظام التعليم الفنى المزدوج وفق النموذج الألمانى لمدة ثلاث سنوات، يجمع بين 80٪ تدريبا عمليا و20٪ دراسة نظرية، ويُمنح الخريجون شهادة مصرية من وزارة التربية والتعليم والتعليم الفنى، إلى جانب شهادة مهارات معتمدة من الغرفة الألمانية للتجارة والصناعة، بما يعزز جاهزيتهم للعمل داخل القطاعات الصناعية المختلفة، كما تقدم الأكاديمية برامج متخصصة فى مجالات الميكانيكا والكهرباء والهيدروليك والنيوماتيك وتكنولوجيا المعلومات والاتصالات، إلى جانب برامج متقدمة فى مجالات الطاقة الجديدة والمتجددة.,2026-07-07T09:49:02.984957+00:00,
almasry,tier1,https://www.almasryalyoum.com/news/details/4309500,لماذا تراجع سعر الدولار أمام الجنيه؟.. خبراء يكشفون الأسباب وتوقعات الفترة المقبلة | المصري اليوم,"نجوى قطب, تقى الحكيم",2026-07-06 19:05:00+00:00,شهد سعر الدولار أمام الجنيه المصري تراجعًا ملحوظًا خلال الأيام القليلة الماضية، ليتداول دون مستوى 49 جنيهًا للمرة الأولى منذ اندلاع الحرب الأمريكية إسرائيلية على إيران، إذ...,المصري اليوم,ar,299,شهد سعر الدولار أمام الجنيه المصري تراجعًا ملحوظًا خلال الأيام القليلة الماضية، ليتداول دون مستوى 49 جنيهًا للمرة الأولى منذ اندلاع الحرب الأمريكية إسرائيلية على إيران، إذ سجل في البنك الأهلي المصري وبنك مصر نحو 48.82 جنيه، مواصلًا انخفاضه بعد موجة ارتفاع صاحبت التوترات الجيوسياسية. لماذا تراجع سعر الدولار أمام الجنيه؟ قال الدكتور مصطفى بدرة، الخبير الاقتصادي، إن تراجع سعر الدولار أمام الجنيه خلال الأيام القليلة الماضية يرجع إلى عدة عوامل، في مقدمتها زيادة تدفقات الاستثمار الأجنبي غير المباشر (الأموال الساخنة) إلى الأسواق الناشئة، ومنها السوق المصرية، بالتزامن مع هدوء التوترات الجيوسياسية والحرب الأمريكية الإسرائيلية على إيران. سعر الفائدة وأوضح بدرة ل«المصري اليوم» أن من بين أسباب تراجع الدولار أيضًا ترقب الأسواق العالمية لقرار مجلس الاحتياطي الفيدرالي الأمريكي بشأن خفض أسعار الفائدة، وهو ما يدعم عودة الاستثمارات الأجنبية غير المباشرة إلى الأسواق الناشئة ومنها مصر. وحول توقعاته لسعر الدولار خلال الفترة المقبلة، أشار الخبير الاقتصادي إلى أن العملة الأمريكية قد تشهد مزيدًا من التراجع، لتقترب من المستويات التي كانت عليها قبل اندلاع الحرب بين واشنطن وطهران. كيف أثرت أسعار النفط على سعر الدولار؟ وفي السياق ذاته، قال إيهاب سعيد، الخبير الاقتصادي، إن تراجع سعر الدولار أمام الجنيه جاء مدفوعًا بانخفاض أسعار النفط عالميًا، بعد تراجعها مع هدوء التوترات الجيوسياسية، وهو ما أسهم في تقليص تكلفة الواردات وخفف الضغوط على سوق الصرف. أسعار النفط والدولار وأوضح سعيد ل«المصري اليوم» أن هدوء الأوضاع في منطقة الشرق الأوسط، والتوصل إلى اتفاق بين الولايات المتحدة وإيران، ساهما في انخفاض أسعار النفط، وهو ما انعكس إيجابًا على فاتورة الاستيراد ودعم قوة الجنيه المصري أمام الدولار، مضيفًا أن تبني سعر صرف مرن أسهم أيضًا في زيادة تحويلات المصريين العاملين بالخارج، إلى جانب تحسن تدفقات النقد الأجنبي. إلى أين يتجه سعر الدولار خلال الفترة المقبلة؟ وعن توقعاته، رجح الخبير الاقتصادي استقرار سعر الدولار خلال الفترة المقبلة، حال استمرار هدوء الأوضاع الجيوسياسية، ليتراوح بين 47 و48 جنيهًا.,2026-07-07T09:49:03.489365+00:00,
almasry,tier1,https://www.almasryalyoum.com/news/details/4309859,رسميا.. سعر الدولار مقابل الجنيه اليوم الثلاثاء 7 يوليو 2026 فى البنوك بعد الانخفاض | المصري اليوم,حنان الوالي,2026-07-07 09:10:00+00:00,انخفض سعر الدولار مقابل الجنيه، اليوم الثلاثاء 7 يوليو 2026، بقيمة 3 قروش، خلال تعاملات البيع والشراء فى غالبية البنوك العاملة بالسوق المصرية، وخلال السطور التالية نرصد سعر...,المصري اليوم,ar,236,فؤاد الجرنوسي رسميا.. سعر الدولار مقابل الجنيه اليوم الثلاثاء 7 يوليو 2026 فى البنوك بعد الانخفاض فؤاد الجرنوسي رسميا.. سعر الدولار مقابل الجنيه اليوم الثلاثاء 7 يوليو 2026 فى البنوك بعد الانخفاض انخفض سعر الدولار مقابل الجنيه ، اليوم الثلاثاء 7 يوليو 2026، بقيمة 3 قروش، خلال تعاملات البيع والشراء فى غالبية البنوك العاملة بالسوق المصرية، وخلال السطور التالية نرصد سعر الدولار مقابل الجنيه المصرى. سعر الدولار مقابل الجنيه فى البنك الأهلي فؤاد الجرنوسي رسميا.. سعر الدولار مقابل الجنيه اليوم الثلاثاء 7 يوليو 2026 فى البنوك بعد الانخفاض سجل سعر الدولار مقابل الجنيه المصرى اليوم الثلاثاء 7 يوليو 2026، قيمة 48.79 جنيه للشراء، 48.89 جنيه للبيع. سعر الدولار مقابل الجنيه فى بنك مصر سجل سعر الدولار مقابل الجنيه اليوم الثلاثاء 7 يوليو 2026، قيمة 48.80 جنيه للشراء، و48.90 جنيه للبيع. سعر الدولار مقابل الجنيه فى بنك الإسكندرية فؤاد الجرنوسي رسميا.. سعر الدولار مقابل الجنيه اليوم الثلاثاء 7 يوليو 2026 فى البنوك بعد الانخفاض سجل سعر الدولار مقابل الجنيه اليوم الثلاثاء 7 يوليو 2026، قيمة 48.78 جنيه للشراء، 48.88 جنيه للبيع. سعر الدولار مقابل الجنيه فى البنك التجارى الدولي سجل سعر الدولار مقابل الجنيه اليوم الثلاثاء 7 يوليو 2026، قيمة 48.77 جنيه للشراء، و48.87 جنيه للبيع. سعر الدولار مقابل الجنيه فى بنك أبوظبى الإسلامي فؤاد الجرنوسي رسميا.. سعر الدولار مقابل الجنيه اليوم الثلاثاء 7 يوليو 2026 فى البنوك بعد الانخفاض سجل سعر الدولار مقابل الجنيه اليوم الثلاثاء 7 يوليو 2026، قيمة 48.94 جنيه للشراء، 49.04 جنيه للبيع.,2026-07-07T09:49:03.368379+00:00,
almasry,tier1,https://www.almasryalyoum.com/news/details/4309575,سعر الدولار مقابل الجنيه والعملات العربية والأجنبية اليوم الثلاثاء 7 يوليو 2026 | المصري اليوم,منار عصام,2026-07-06 21:36:00+00:00,سعر الدولار أمام الجنيه الآن، تزايدت معدلات بحث عدد كبير من المواطنين عبر محرك البحث «جوجل»، اليوم الثلاثاء 7يوليو 2026، لمعرفة أسعار العملات الأجنبية والعربية، مقابل الجنيه...,المصري اليوم,ar,134,سعر الدولار أمام الجنيه الآن ، تزايدت معدلات بحث عدد كبير من المواطنين عبر محرك البحث «جوجل»، اليوم الثلاثاء 7يوليو 2026، لمعرفة أسعار العملات الأجنبية والعربية، مقابل الجنيه المصري، وحرص الكثير من المواطنين على متابعة أسعار العملات. آخرون الدولار - صورة أرشيفية وفيما يلي آخر تحديث ل أسعار الدولار والعملات العربية والأجنبية ، وفق آخر أسعار معلنة من البنك المركزى المصري سعر الدولار أمام الجنيه المصري سجل الدولار الأمريكى: 48.79جنيه للشراء 48.93 جنيه للبيع. أخبار متعلقة سعر اليورو اليوم فؤاد الجرنوسي دولار ، أسعار الدولار - صورة أرشيفية اليورو يسجل: 55.71جنيه للشراء، 55.88جنيه للبيع. سعر الجنيه الإسترليني فؤاد الجرنوسي دولار ، أسعار الدولار - صورة أرشيفية سعر الريال السعودي الريال السعودى يسجل: 12.99جنيه للشراء، 13.02جنيه. سعر الدينار الكويتي فؤاد الجرنوسي دولار ، أسعار الدولار - صورة أرشيفية سعر الدينار الكويتي يسجل: 158.59جنيه للشراء، 159.09جنيه.,2026-07-07T09:49:03.567491+00:00,
almasry,tier1,https://www.almasryalyoum.com/news/details/4309826,تراجع سعر الريال السعودى أمام الجنيه اليوم الثلاثاء 7-7-2026 فى البنوك | المصري اليوم,همسة هشام,2026-07-07 08:09:00+00:00,سجل سعر الريال السعودى أمام الجنيه اليوم الثلاثاء 7 يوليو 2026 فى البنوك تراجع طفيف مقارنة بأسعار الأمس.سعر الريال السعودى اليوم فى بنك القاهرةسجل سعر الريال اليوم فى بنك...,المصري اليوم,ar,212,آخرون تراجع سعر الريال السعودى أمام الجنيه اليوم الثلاثاء 7-7-2026 فى البنوك آخرون تراجع سعر الريال السعودى أمام الجنيه اليوم الثلاثاء 7-7-2026 فى البنوك سعر الريال السعودى أمام الجنيه اليوم الثلاثاء 7 يوليو 2026 فى البنوك تراجع طفيف مقارنة بأسعار الأمس. سعر الريال السعودى اليوم فى بنك القاهرة سعر الريال اليوم فى بنك القاهرة 12.97 جنيهًا للشراء، 13.02 جنيهًا بيع. سعر الريال السعودى اليوم فى بنك مصر سعر الريال اليوم فى بنك مصر 12.96 جنيهًا للشراء، 13.02 جنيهًا بيع. سعر الريال السعودى اليوم فى البنك الأهلي سجل سعر الريال اليوم فى البنك الأهلى 12.96 جنيهًا للشراء، 13.02 جنيهًا بيع. سعر الريال السعودى اليوم فى بنك الإسكندرية سجل سعر الريال اليوم فى بنك الإسكندرية 12.94 جنيهًا للشراء، 13.02 جنيهًا بيع. سعر الريال السعودى اليوم فى بنك قناة السويس سجل سعر الريال اليوم فى بنك قناة السويس 12.95 جنيهًا للشراء، 13.04 جنيهًا بيع. سعر الريال السعودى اليوم فى بنك البركة سجل سعر الريال اليوم فى بنك البركة 12.95 جنيهًا للشراء، 13.01 جنيهًا بيع. أسعار العملات العربية مقابل الجنيه المصرى اليوم سجلت العملات العربية مقابل الجنيه المصرى انخفاض صباحى. سعر الدرهم الإماراتى اليوم سجل سعر الدرهم الإماراتى اليوم فى بنك مصر 13.27 جنيهًا للشراء، 13.31 جنيهًا للبيع. سعر الدينار الكويتى اليوم سجل سعر الدينار الكويتى اليوم فى بنك مصر 154.95 جنيهًا للشراء، 158.87 جنيهًا للبيع.,2026-07-07T09:49:04.234208+00:00,
almasry,tier1,https://www.almasryalyoum.com/news/details/4309882,انكماش القطاع الخاص غير النفطى فى مصر يتفاقم خلال يونيو ليسجل أدنى مستوى فى 3 سنوات | المصري اليوم,ياسمين كرم,2026-07-07 09:32:00+00:00,كشف مؤشر مديرى المشتريات (PMI) الصادر عن مجموعة Global P&S عن تفاقم انكماش أداء القطاع الخاص غير المنتج للنفط فى مصر خلال شهر يونيو 2026، ليسجل المؤشر الرئيسى 46.0 نقطة مقابل 47.1 نقطة فى...,المصري اليوم,ar,484,كشف مؤشر مديرى المشتريات (PMI) الصادر عن مجموعة Global P&S عن تفاقم انكماش أداء القطاع الخاص غير المنتج للنفط فى مصر خلال شهر يونيو 2026، ليسجل المؤشر الرئيسى 46.0 نقطة مقابل 47.1 نقطة فى مايو، مسجلًا أدنى قراءة منذ يناير 2023، ليستمر بذلك دون المستوى المحايد البالغ 50 نقطة للشهر السادس على التوالى، فى إشارة إلى تدهور ملحوظ فى ظروف الأعمال. وأوضح التقرير أن تراجع النشاط الاقتصادى جاء نتيجة ضعف الطلب المحلى والخارجى، إلى جانب استمرار اضطرابات سلاسل الإمداد وارتفاع تكاليف التشغيل، وهى عوامل عززتها تداعيات الصراع فى الشرق الأوسط، ما انعكس سلبًا على الإنتاج والمبيعات والمشتريات والتوظيف. وأشار المؤشر إلى أن الطلبات الجديدة سجلت أكبر انخفاض لها منذ نوفمبر 2022، حيث أفادت نحو 27% من الشركات المشاركة بانخفاض المبيعات خلال يونيو، مقابل 11% فقط سجلت تحسنًا. وأرجعت الشركات هذا التراجع إلى مشكلات السيولة لدى العملاء، ونقص المواد الخام، وبطء سلاسل التوريد، فضلًا عن استمرار الضغوط السعرية، بينما تأثرت الطلبات الخارجية أيضًا نتيجة تراجع حركة التجارة الإقليمية بفعل التوترات الجيوسياسية. وانخفض النشاط التجارى للشهر الخامس على التوالى، ليسجل أكبر وتيرة تراجع منذ مطلع عام 2023، فى الوقت الذى استمرت فيه الشركات فى تقليص العمالة، وإن كان بوتيرة أقل من الشهر السابق، حيث أوضحت أن الانخفاض جاء فى أغلبه نتيجة الاستنزاف الطبيعى للقوى العاملة وليس بسبب تسريحات واسعة. وعلى صعيد المشتريات، أظهر التقرير استمرار تراجع النشاط الشرائي للشركات، رغم اتجاه العديد منها إلى زيادة المخزونات كإجراء احترازى تحسبًا لاستمرار اضطرابات الإمدادات وارتفاع الأسعار. وواصلت فترات تسليم الموردين الارتفاع بسبب نقص الخامات، واضطرابات الشحن فى مضيق هرمز، وارتفاع أسعار الوقود، وإن كانت الزيادة أقل حدة مقارنة بشهر مايو. وفى المقابل، أشار التقرير إلى ظهور بعض المؤشرات الإيجابية على صعيد التضخم، حيث تباطأت معدلات ارتفاع تكاليف مستلزمات الإنتاج وأسعار البيع مقارنة بالمستويات شبه القياسية التى سجلتها فى مايو، رغم استمرار تعرض الشركات لضغوط ناتجة عن ارتفاع أسعار الوقود والخامات، إلى جانب تسجيل ثانى أسرع زيادة فى تكاليف الأجور منذ يناير 2018. وقال ديفيد أوين، كبير الاقتصاديين فى Global P&S Market Intelligence، إن تراجع مؤشر مديرى المشتريات إلى 46.0 نقطة يعزز التوقعات بتباطؤ نمو الاقتصاد المصرى خلال الربع الثانى من العام، موضحًا أن العلاقة التاريخية بين المؤشر والناتج المحلى الإجمالى تشير إلى أن القراءة الحالية تتوافق مع معدل نمو يبلغ نحو 3.8%، مقارنة بنحو 5% خلال الفترة نفسها من العام الماضى. وأضاف أن الصراع فى الشرق الأوسط ألحق أضرارًا واضحة بالقطاع الخاص غير النفطى، حيث تسبب فى أكبر تراجع للأعمال الجديدة منذ أكثر من ثلاث سنوات ونصف، مشيرًا فى الوقت نفسه إلى أن تباطؤ الضغوط التضخمية خلال يونيو يمنح الشركات قدرًا من الارتياح، خاصة مع انخفاض وتيرة زيادة تكاليف الشراء مقارنة بالشهر السابق. وأوضح أن استمرار هدوء أسعار الطاقة وتراجع التوترات الإقليمية قد يسهمان فى تحسن توقعات الإنتاج خلال الأشهر المقبلة. ووفقًا للتقرير، فإن قراءة مؤشر مديرى المشتريات الحالية تشير إلى استمرار الضغوط على نشاط القطاع الخاص غير النفطى، رغم بقاء توقعات الشركات المستقبلية أفضل من مستوياتها فى بداية العام، مدعومة بآمال تراجع الاضطرابات الجيوسياسية وزيادة الدعم الحكومى، وإن كانت مستويات التفاؤل قد انخفضت قليلًا مقارنة بشهر مايو.,2026-07-07T09:49:04.877036+00:00,
almasry,tier1,https://www.almasryalyoum.com/news/details/4309416,عبد المنعم السيد: الصناعة المشروع الرئيسي للدولة.. واستهداف 100 مليار دولار صادرات غير نفطية قابل للتحقيق | المصري اليوم,بسام رمضان,2026-07-06 16:47:00+00:00,أكد الدكتور عبد المنعم السيد، مدير مركز القاهرة للدراسات الاقتصادية، أن الدولة المصرية تتجه خلال المرحلة المقبلة إلى جعل قطاع الصناعة المحرك الرئيسي للنمو الاقتصادي، مستندة...,المصري اليوم,ar,270,آخرون الدكتور عبد المنعم السيد، مدير مركز القاهرة للدراسات الأقتصادية والإستراتيجية. - صورة أرشيفية آخرون الدكتور عبد المنعم السيد، مدير مركز القاهرة للدراسات الأقتصادية والإستراتيجية. - صورة أرشيفية أكد الدكتور عبد المنعم السيد، مدير مركز القاهرة للدراسات الاقتصادية، أن الدولة المصرية تتجه خلال المرحلة المقبلة إلى جعل قطاع الصناعة المحرك الرئيسي للنمو الاقتصادي، مستندة إلى ما تحقق من مشروعات البنية التحتية والتنموية التي وفرت قاعدة قوية للانطلاق نحو نهضة صناعية شاملة. وقال السيد، خلال مداخلة هاتفية ببرنامج «اليوم» المذاع على قناة DMC، إن الدولة تستهدف تحويل الصناعة إلى قاطرة التنمية، مشيرًا إلى أن اكتمال جانب كبير من مشروعات البنية الأساسية أسهم في تهيئة مناخ مناسب للتوسع الصناعي وزيادة الإنتاج. وأضاف أن وزارة الصناعة تستهدف رفع قيمة الصادرات غير النفطية إلى 100 مليار دولار، مؤكدًا أن هذا الهدف يستند إلى رؤية مدروسة وإمكانات واقعية، خاصة بعد تجاوز الصادرات المصرية حاليًا حاجز 50 مليار دولار. وأوضح أن تحقيق هذا المستهدف من شأنه تعزيز موارد الدولة من النقد الأجنبي، إلى جانب تقليل فاتورة الواردات، بما يدعم استقرار الاقتصاد الوطني ويعزز معدلات النمو. وأشار مدير مركز القاهرة للدراسات الاقتصادية إلى أن اختيار الصناعات ذات الأولوية جاء بناءً على ما تمتلكه مصر من مزايا تنافسية وبنية تحتية قوية، فضلًا عن الخبرات المتراكمة التي تؤهلها لزيادة الإنتاج وتوطين التكنولوجيا الحديثة. وفي السياق ذاته، أكد أن صناعة السيارات تمثل أحد أبرز القطاعات الواعدة، لافتًا إلى أن الشراكات مع الصين في مجال تصنيع السيارات الكهربائية تمثل خطوة مهمة نحو توطين هذه الصناعة داخل مصر. وأوضح أن نسبة المكون المحلى فى السيارات الكهربائية تجاوزت 55% حاليًا، مع توقعات بارتفاعها إلى نحو 75% خلال العامين المقبلين، وهو ما يسهم فى تعزيز القيمة المضافة للصناعة المحلية وزيادة قدرتها التنافسية فى الأسواق.,2026-07-07T09:49:05.155678+00:00,
almasry,tier1,https://www.almasryalyoum.com/news/details/4309660,«الضرائب»: تعديلات «القيمة المضافة» تدعم الصناعة وتدفع معدلات النمو الاقتصادي | المصري اليوم,محسن عبد الرازق,2026-07-06 23:49:00+00:00,قالت رشا عبدالعال، رئيس مصلحة الضرائب، إن موافقة مجلس النواب على مشروع تعديل بعض أحكام قانون الضريبة على القيمة المضافة رقم 67 لسنة 2016، تمثل خطوة مهمة ضمن جهود الدولة المستمرة...,المصري اليوم,ar,339,آخرون رشا عبدالعال - صورة أرشيفية آخرون رشا عبدالعال - صورة أرشيفية قالت رشا عبدالعال، رئيس مصلحة الضرائب، إن موافقة مجلس النواب على مشروع تعديل بعض أحكام قانون الضريبة على القيمة المضافة رقم 67 لسنة 2016، تمثل خطوة مهمة ضمن جهود الدولة المستمرة لتطوير المنظومة الضريبية وتعزيز كفاءتها. وشددت «عبدالعال»، فى بيان أمس، على أن هذه التعديلات تعكس استمرار الدولة فى تبنى سياسات ضريبية أكثر مرونة، تستجيب لاحتياجات المستثمرين، وتدعم الصناعة، وتسهم فى دفع معدلات النمو الاقتصادى وزيادة الإنتاج والتشغيل، فى إطار بناء نظام ضريبى حديث وعادل ومحفز للتنمية. وأضافت أن التعديلات تأتى تنفيذًا لتوجيهات وزير المالية، باستكمال مسار التيسيرات الضريبية، بما يحقق التوازن بين تحفيز النشاط الاقتصادى والحفاظ على موارد الدولة، إلى جانب دعم الاستثمار والإنتاج وتبسيط الإجراءات أمام مجتمع الأعمال. وأشارت إلى أن التعديلات تتضمن حزمة من الحوافز الداعمة للقطاعين الصناعى والصحى، أبرزها إخضاع الأجهزة والمستلزمات الطبية لضريبة قيمة مضافة بنسبة 5٪ بدلًا من السعر العام، أسوة بالآلات والمعدات، بما يسهم فى تخفيف الأعباء عن القطاع الصحى وتشجيع توطين صناعة الأجهزة الطبية. وتابعت أن القانون مدّ فترة تعليق سداد الضريبة على الآلات والمعدات والأجهزة المستخدمة فى الإنتاج الصناعى إلى أربع سنوات بدلًا من عامين، مع إعفائها نهائيًا حال استخدامها فعليًا فى العملية الإنتاجية، وهو ما يعزز جذب الاستثمارات الصناعية ويدعم التوسع فى خطوط الإنتاج وزيادة تنافسية المنتج المحلى. وفيما يتعلق بحقوق الممولين، لفتت إلى تقليص مدة رد الرصيد الدائن لتصبح بعد مرور أربع فترات ضريبية متتالية بدلًا من ست، مع منح ميزة إضافية للمشروعات الخاضعة لقانون الحوافز والتيسيرات الضريبية رقم 6 لسنة 2025، حيث يتم رد الرصيد خلال ثلاثة أشهر فقط، بما يسهم فى تحسين السيولة النقدية ودعم نمو المشروعات الصغيرة. كما تضمنت التعديلات عدم خضوع الخدمات المقدمة على السلع العابرة (الترانزيت) للضريبة، فى خطوة تستهدف تعزيز حركة التجارة الدولية ودعم توجه الدولة لتحويل مصر إلى مركز لوجستى إقليمى. ولفتت إلى إعفاء مدخلات تصنيع أجهزة الغسيل الكلوى، وكذلك مكونات الأجهزة التعويضية التى تُزرع أو تُستخدم داخل جسم الإنسان، إلى جانب توحيد المعاملة الضريبية للخدمات المالية المقدمة من البنوك والهيئة القومية للبريد والجهات الخاضعة لرقابة البنك المركزى والهيئة العامة للرقابة المالية، بما يحقق مزيدًا من العدالة والحياد الضريبى.,2026-07-07T09:49:05.336860+00:00,
almasry,tier1,https://www.almasryalyoum.com/news/details/4309282,وزير الاستثمار والسفير البريطانى يتابعان عددًا من الملفات الاقتصادية والتجارية والاستثمارية المشتركة | المصري اليوم,"محمد الصيفي, تقى الحكيم",2026-07-06 13:25:00+00:00,استقبل الدكتور محمد فريد، وزير الاستثمار والتجارة الخارجية، السفير مارك برايسون-ريتشاردسون، سفير المملكة المتحدة لدى جمهورية مصر العربية، وذلك فى إطار المتابعة المستمرة...,المصري اليوم,ar,490,استقبل الدكتور محمد فريد، وزير الاستثمار والتجارة الخارجية، السفير مارك برايسون-ريتشاردسون، سفير المملكة المتحدة لدى جمهورية مصر العربية، وذلك فى إطار المتابعة المستمرة لملفات التعاون الاقتصادى بين البلدين، تناول اللقاء عددًا من الملفات الاقتصادية والتجارية والاستثمارية ذات الاهتمام المشترك، وبحث سبل تعزيز الشراكة الاقتصادية ودفع العلاقات الاستثمارية والتجارية إلى آفاق أوسع. وأكد الوزير أن العلاقات المصرية البريطانية ترتكز على شراكة اقتصادية ممتدة، مشيرًا إلى حرص الحكومة على مواصلة العمل مع الجانب البريطانى لتعزيز الاستثمارات المتبادلة وزيادة معدلات التبادل التجارى، بما يحقق المصالح المشتركة للبلدين. وشهد اللقاء متابعة عدد من ملفات استثمارات الشركات البريطانية العاملة فى السوق المصرية، وفى مقدمتها شركة AstraZeneca، وبحث سبل دعم خططها التوسعية، إلى جانب مناقشة الإجراءات المرتبطة بعدد من المشروعات الاستثمارية الجديدة، بما يعزز مكانة مصر كمركز إقليمى للاستثمار والأعمال. كما استعرض الجانبان الفرص الاستثمارية بالمنطقة الاقتصادية لقناة السويس، وبحثا آليات دعم المشروعات المستهدفة داخل المنطقة، فى ضوء ما تتمتع به من مقومات تؤهلها لاستقطاب المزيد من الاستثمارات البريطانية. وتناول اللقاء عددًا من الملفات التنظيمية والضريبية المرتبطة بالشركات البريطانية العاملة فى مصر، إلى جانب متابعة الإجراءات الخاصة ببعض المشروعات، حيث أكد الوزير استمرار التنسيق مع الجهات المختصة لتذليل التحديات التى تواجه المستثمرين، بما يدعم توسع أنشطتهم فى السوق المصرية. وناقش الجانبان ملفات التعاون فى قطاع الصناعات الدوائية، والموضوعات التنظيمية ذات الصلة، بما يدعم خطط الشركات البريطانية العاملة فى هذا القطاع ويعزز التعاون المشترك. وفى إطار تعزيز التعاون التجارى، استعرض اللقاء ملف زيادة نفاذ الصادرات الزراعية المصرية إلى السوق البريطانية، وعلى رأسها صادرات الفراولة والعنب، إلى جانب عدد من المقترحات الرامية إلى تنمية التجارة البينية وتحقيق التوازن فى المصالح التجارية بين البلدين. وتابع الجانبان كذلك تطورات عدد من الملفات التجارية ذات الاهتمام المشترك، وفى مقدمتها الإجراءات البريطانية المتعلقة بقطاع الصلب، حيث أكد الوزير أهمية استمرار التشاور والتنسيق فى إطار اتفاقية الشراكة بين مصر والمملكة المتحدة، بما يحافظ على استقرار العلاقات التجارية ويراعى الالتزامات القائمة بين الجانبين. وأكد الوزير أن مصر تتبنى نهجًا يقوم على الحوار والتنسيق المستمر لمعالجة مختلف القضايا الاقتصادية والتجارية، انطلاقًا من العلاقات التاريخية التى تجمع البلدين، وبما يسهم فى تعزيز الاستثمارات، ودعم حركة التجارة، وتحقيق المصالح المشتركة. وأشار الوزير إلى أن الوزارة تتبنى نهجًا قائمًا على المتابعة المباشرة لملفات المستثمرين، والعمل على سرعة التنسيق مع الجهات المعنية لمعالجة التحديات التى قد تواجههم، بما يعزز ثقة مجتمع الأعمال فى مناخ الاستثمار المصرى، ويدعم خطط الشركات القائمة للتوسع وجذب استثمارات جديدة. ومن جانبه، أكد مارك برايسون-ريتشاردسون، سفير المملكة المتحدة لدى جمهورية مصر العربية، حرص بلاده على مواصلة البناء على الزخم الذى تشهده العلاقات الاقتصادية مع مصر، مشيدًا بما تحقق من تقدم فى التعاون المشترك خلال الفترة الماضية. وأكد اهتمام الشركات البريطانية بتوسيع استثماراتها فى السوق المصرية، واستمرار التنسيق مع وزارة الاستثمار والتجارة الخارجية والجهات المعنية لدفع المشروعات المشتركة، ومعالجة الموضوعات ذات الاهتمام المشترك، بما يسهم فى تعزيز التعاون الاقتصادى والتجارى والاستثمارى بين البلدين. واتفق الجانبان على مواصلة التنسيق وعقد لقاءات دورية لمتابعة الملفات المشتركة، والبناء على ما تحقق من تقدم فى عدد من الموضوعات محل الاهتمام، بما يسهم فى دفع العلاقات الاقتصادية بين مصر والمملكة المتحدة إلى مستويات أكثر تقدمًا، ويعزز فرص الاستثمار والتجارة بين البلدين.,2026-07-07T09:49:05.670025+00:00,
almasry,tier1,https://www.almasryalyoum.com/news/details/4309376,«صناعة النواب»: لقاء الرئيس ووزير الصناعة وضع أهدافًا واضحة للنهوض بالقطاع | المصري اليوم,"آيات الحبال, محمد غريب",2026-07-06 15:31:00+00:00,أشاد المهندس أحمد بهاء شلبى، رئيس لجنة الصناعة بمجلس النواب، بالاجتماع الذى عقده الرئيس عبد الفتاح السيسى اليوم الاثنين، مع رئيس مجلس الوزراء ووزير الصناعة، مؤكداً أن مخرجات...,المصري اليوم,ar,245,أشاد المهندس أحمد بهاء شلبى، رئيس لجنة الصناعة بمجلس النواب، بالاجتماع الذى عقده الرئيس عبد الفتاح السيسى اليوم الاثنين، مع رئيس مجلس الوزراء ووزير الصناعة، مؤكداً أن مخرجات اللقاء تمنح قطاع الصناعة فى مصر دفعة قوية، وتضع مستهدفات واضحة تلتزم بها كافة مؤسسات الدولة تحت مظلة «الاستراتيجية الصناعية الوطنية» (2026 – 2030). وأشار رئيس لجنة الصناعة إلى أن توجيهات الرئيس بضرورة ربط كافة برامج الاستراتيجية بأطر زمنية محددة وملزمة، يمنح العمل التنفيذى «حافزاً تنفيذياً قوياً»، ويسهم فى تسريع وتيرة العمل بالخطط القومية، وعلى رأسها زيادة الصادرات غير البترولية وتحقيق التنمية المستدامة. وثمن «شلبي» المحاور الاستراتيجية المعمقة التى ركز عليها الرئيس خلال الاجتماع، والتى تشكل ركيزة أساسية لتعزيز الاقتصاد الوطنى حيث ثمن البيان التوجه الرئاسى نحو توطين الصناعات المغذية للصناعات الثقيلة كقطاع الصلب؛ باعتباره خطوة رئيسية لتقليل الاعتماد على الواردات وتعظيم القيمة المضافة للاقتصاد القومى. أشاد بالتركيز على تفعيل المبادرة المصرية للتكامل الصناعى الإفريقى، مؤكداً أهمية فتح أسواق جديدة للمنتج المصرى والاستفادة من الفرص المتاحة فى القارة السمراء لزيادة التجارة البينية. توطين التكنولوجيا والتحول الأخضر: أكد على أهمية التشديد الرئاسى بشأن توطين صناعة السيارات ومكوناتها والتوسع فى المركبات الكهربائية، بالتوازى مع مبادرة «شمس الصناعة» للاعتماد على الطاقة المتجددة فى المصانع. واختتم رئيس لجنة الصناعة بيانه مؤكداً أن وجود استراتيجية وطنية واضحة يضمن تحرك الجميع فى مسار مرسوم وموحد، مشدداً على أن اللجنة ستواصل مسارها فى تقديم الدعم التشريعى اللازم وتوفير بيئة حوار دائم مع المستثمرين واتحاد الصناعات، تماشياً مع التوجيهات الرئاسية بتذليل أى عقبات على الأرض، بما يُسهم فى تحويل مصر إلى مركز صناعى إقليمى رائد.,2026-07-07T09:49:05.991296+00:00,
almasry,tier1,https://www.almasryalyoum.com/news/details/4309876,شراكة بين غرفة الأثاث وجامعة الأهرام الكندية لتعزيز تنافسية الصناعة | المصري اليوم,ياسمين كرم,2026-07-07 09:27:00+00:00,وقع المهندس محمد عبد الغفار، رئيس مجلس إدارة غرفة صناعة منتجات الأخشاب والأثاث باتحاد الصناعات المصرية، والدكتور أحمد سمير كامل، عميد كلية التصميم والفنون الابداعية جامعة...,المصري اليوم,ar,325,شراكة بين غرفة الأثاث وجامعة الأهرام الكندية شراكة بين غرفة الأثاث وجامعة الأهرام الكندية وقع المهندس محمد عبد الغفار، رئيس مجلس إدارة غرفة صناعة منتجات الأخشاب والأثاث باتحاد الصناعات المصرية، والدكتور أحمد سمير كامل، عميد كلية التصميم والفنون الابداعية جامعة الأهرام الكندية، بروتوكول تعاون يهدف إلى تعزيز الربط بين الصناعة والبحث العلمي، والاستفادة من الخبرات الأكاديمية في تطوير صناعة الأثاث والحفاظ على هويتها المتميزة، بما يواكب متطلبات الأسواق المحلية والعالمية، ويسهم في رفع القيمة المضافة للمنتج المصري وتعزيز قدرته التنافسية. وأكد المهندس محمد عبد الغفار أن الغرفة تتبنى استراتيجية تقوم على توظيف البحث العلمي والابتكار لمواجهة التحديات التي تواجه قطاع الأثاث، وتحويلها إلى فرص للنمو والتوسع، مشيرًا إلى أن البروتوكول يمثل منصة عملية لإعداد كوادر مؤهلة، من خلال برامج تدريبية متخصصة تدمج بين الدراسة الأكاديمية والتطبيق العملي، بما يلبي احتياجات الصناعة من العمالة الفنية المؤهلة. وأضاف أن الاستثمار في الشباب هو الاستثمار الأكثر استدامة وعائدًا، لأنه يرسخ دعائم الاقتصاد القائم على المعرفة، ويسهم في بناء رأس مال بشري قادر على الابتكار وقيادة التنمية الصناعية، فضلًا عن دوره في خفض معدلات البطالة وزيادة الإنتاجية وتحفيز ريادة الأعمال. وأوضح أن دعم الابتكار الشبابي يتطلب منظومة متكاملة تشمل تطوير التعليم، وتوفير التمويل، وتعزيز حاضنات الأعمال والتكنولوجيا، بما يمكن الشباب من تحويل أفكارهم إلى مشروعات إنتاجية ذات قيمة اقتصادية. من جانبه، أكد الدكتور أحمد سمير عميد كلية التصميم والفنون الابداعية بجامعة الأهرام الكندية، أن البروتوكول يعكس توجهًا استراتيجيًا لربط مخرجات التعليم والبحث العلمي باحتياجات القطاعات الإنتاجية، مشيرًا إلى أن الجامعة تسعى إلى توظيف إمكاناتها البحثية وخبراتها الأكاديمية في تقديم حلول مبتكرة تسهم في تطوير صناعة الأثاث، ورفع كفاءة عمليات الإنتاج، وتعزيز التصميم الصناعي بما يدعم تنافسية المنتج المصري في الأسواق الدولية. وأوضح كامل أن التعاون مع غرفة صناعة الأثاث سيفتح المجال أمام تنفيذ مشروعات بحثية تطبيقية، وتدريب الطلاب داخل المصانع، وإعداد خريجين يمتلكون المهارات التقنية والإبداعية التي يتطلبها سوق العمل، بما يسهم في تسريع نقل التكنولوجيا، وتحفيز الابتكار الصناعي، ودعم مستهدفات الدولة لزيادة الصادرات وتعميق التصنيع المحلي، باعتبار الشراكة بين الجامعات والصناعة أحد المحركات الرئيسية لتحقيق التنمية الاقتصادية المستدامة.,2026-07-07T09:49:06.784807+00:00,
almasry,tier1,https://www.almasryalyoum.com/news/details/4309437,المصرية للاتصالات ترفع علم مصر على مقراتها احتفالًا بوصول المنتخب لدور ال16 بمونديال 2026 | المصري اليوم,أميرة صالح,2026-07-06 17:24:00+00:00,احتفلت الشركة المصرية للاتصالات WE بفوز المنتخب المصرى على نظيره الأسترالى وتأهله إلى دور ال16 ببطولة كأس العالم 2026، لأول مرة في تاريخه، من خلال تزيين مقراتها ومبانيها...,المصري اليوم,ar,161,احتفلت الشركة المصرية للاتصالات WE بفوز المنتخب المصرى على نظيره الأسترالى وتأهله إلى دور ال16 ببطولة كأس العالم 2026، لأول مرة في تاريخه، من خلال تزيين مقراتها ومبانيها الرئيسية بعلم مصر، في مشهد يعكس حالة الفخر الوطني والاعتزاز بهذا الإنجاز التاريخي الذي أدخل البهجة إلى قلوب كل المصريين. ويأتي هذا الاحتفاء في إطار حرص المصرية للاتصالات WEعلى مشاركة الشعب المصري فرحته بهذا الإنجاز غير المسبوق الذي حققه المنتخب الوطني، وتأكيدًا على دور الشركة الوطني وارتباطها الدائم بالأحداث التي تمثل مصدر فخر وإلهام للمجتمع المصري. كما يجسد هذا الإنجاز التاريخي قيمة الإصرار والعمل الجماعي والقدرة على تحقيق الإنجازات الكبرى، وهي القيم التي تؤمن بها الشركة وتحرص على ترسيخها في مختلف مجالات عملها، معربةً عن تمنياتها بمواصلة المشوار بنجاح في البطولة، وتحقيق المزيد من النتائج المشرفة التي تليق باسم مصر ومكانتها. وكان المنتخب المصرى قد تأهل إلى دور ال16 ببطولة كأس العالم لأول مرة فى تاريخه، بعد تغلبه على المنتخب الأسترالي بنتيجة 4-2 بركلات الترجيح فى المباراة التى أقيمت باستاد دالاس بولاية تكساس.,2026-07-07T09:49:06.866551+00:00,
almasry,tier1,https://www.almasryalyoum.com/news/details/4309344,«النقض» تؤيد حكم إلزام وزيرة الثقافة بدفع تعويض بقضية «سرقة الكتاب» | المصري اليوم,محمد القماش,2026-07-06 14:43:00+00:00,قضت محكمة النقض، اليوم الاثنين، برفض الطعنين المقدمين من وزيرة الثقافة جيهان زكى، وتأييد الحكم الصادر ضدها من المحكمة الاقتصادية بإدانتها بالتعدى على حقوق الملكية الفكرية...,المصري اليوم,ar,142,آخرون دار القضاء العالي - صورة أرشيفية آخرون دار القضاء العالي - صورة أرشيفية قضت محكمة النقض، اليوم الاثنين، برفض الطعنين المقدمين من وزيرة الثقافة جيهان زكى، وتأييد الحكم الصادر ضدها من المحكمة الاقتصادية بإدانتها بالتعدى على حقوق الملكية الفكرية للكاتبة سهير عبد الحميد، لتسدل المحكمة بذلك الستار على القضية المعروفة إعلاميًا ب«قضية سرقة الكتاب» بحكم نهائى وبات. ويقضى الحكم المؤيد بإلزام وزيرة الثقافة بدفع تعويض مالى قدره 100 ألف جنيه لصالح الكاتبة المدعية، مع سحب الكتاب محل النزاع من الأسواق بالكامل وعدم إتاحته للبيع أو التداول، وذلك بعدما أثبت تقرير اللجنة الثلاثية لخبراء الملكية الفكرية وجود نقل حرفى واقتباسات مطولة تطمس الحدود بين العملين وتنال من الطابع الإبداعى للمصنف الأصلى. وكانت وزيرة الثقافة قد تقدمت بطعنين متطابقين فى المضمون فى سبتمبر 2025، استندت فيهما إلى أن النقل يندرج تحت بند «الاقتباس المباح»، إلا أن المحكمة أيدت توصية نيابة النقض برفض الطعون.,2026-07-07T09:49:07.245426+00:00,
almasry,tier1,https://www.almasryalyoum.com/news/details/4309258,تراجع سعر الدولار والعملات اليوم الاثنين 6 يوليو 2026 ختام التعاملات | المصري اليوم,همسة هشام,2026-07-06 12:45:00+00:00,سجل سعر الدولار اليوم الاثنين 6 يوليو 2026 تؤاجع طفيف مقارنة بالأسعار الصباحية، وكذلك العملات التي انخفضت مقابل الجنيه المصري. سعر الدولار اليوم في بنك القاهرة سجل سعر الدولار...,المصري اليوم,ar,185,فؤاد الجرنوسي تراجع سعر الدولار والعملات اليوم الاثنين 6 يوليو 2026 ختام التعاملات فؤاد الجرنوسي تراجع سعر الدولار والعملات اليوم الاثنين 6 يوليو 2026 ختام التعاملات سعر الدولار اليوم الاثنين 6 يوليو 2026 تؤاجع طفيف مقارنة بالأسعار الصباحية، وكذلك العملات التي انخفضت مقابل الجنيه المصري. سعر الدولار اليوم في بنك القاهرة سعر الدولار اليوم في بنك القاهرة 48.93 جنيهًا للشراء، 49.03 جنيهًا للبيع. سعر الدولار اليوم في البنك الأهلي سعر الدولار اليوم في البنك الأهلي 48.82 جنيهًا للشراء، 48.92 جنيهًا للبيع. سعر الدولار اليوم في بنك الإسكندرية سجل سعر الدولار اليوم في بنك الإسكندرية 48.80 جنيهًا للشراء، 48.90 جنيهًا للبيع. سعر الدولار اليوم في البنك التجاري الدولي سجل سعر الدولار اليوم في البنك التجاري الدولي 48.80 جنيهًا للشراء، 48.90 جنيهًا للبيع. سعر العملات اليوم سعر الدرهم الإماراتي اليوم في البنك الأهلي سجل سعر الدرهم الإماراتي اليوم في البنك الأهلي 13.27 جنيهًا للشراء، 13.32 جنيهًا للبيع. سعر الدينار الكويتي اليوم في البنك الأهلي سجل سعر الدينار الكويتي اليوم في البنك الأهلي 154.17 جنيهًا للشراء، 159.06 جنيهًا للبيع. سعر اليورو اليوم في البنك الأهلي سجل سعر اليورو اليوم في البنك الأهلي 55.71 جنيهًا للشراء، 55.96 جنيهًا للبيع.,2026-07-07T09:49:07.559616+00:00,
almasry,tier1,https://www.almasryalyoum.com/news/details/4309875,قطاع التكنولوجيا يقود النشاط الاقتصادي عالميًا.. والعقارات في ذيل الترتيب للشهر الرابع | المصري اليوم,ياسمين كرم,2026-07-07 09:27:00+00:00,أظهر تقرير مؤشر مديري المشتريات القطاعي العالمي (Sector PMI) الصادر عن S&P Global أن قطاع معدات التكنولوجيا تصدر أداء القطاعات الاقتصادية العالمية خلال شهر يونيو 2026، مسجلًا أقوى...,المصري اليوم,ar,433,أظهر تقرير مؤشر مديري المشتريات القطاعي العالمي (Sector PMI) الصادر عن S&P Global أن قطاع معدات التكنولوجيا تصدر أداء القطاعات الاقتصادية العالمية خلال شهر يونيو 2026، مسجلًا أقوى معدلات نمو في الإنتاج والطلبات الجديدة، في حين واصل قطاع العقارات أداءه الضعيف للشهر الرابع على التوالي، ليبقى في ذيل ترتيب القطاعات من حيث النشاط والأعمال الجديدة والتوظيف. وأوضح التقرير أن 18 قطاعًا من أصل 21 قطاعًا شملهم المسح سجلوا نموًا في النشاط خلال يونيو، مقابل ثلاثة قطاعات فقط شهدت انكماشًا هي العقارات ومواد البناء ومنتجات الغابات والورق. وفي المقابل عاد قطاع السياحة والترفيه إلى النمو بعد ثلاثة أشهر متتالية من التراجع، بما يعكس تحسنًا في أداء عدد كبير من الأنشطة الاقتصادية العالمية. وأشار التقرير إلى أن قطاع معدات التكنولوجيا جاء في المركز الأول عالميًا من حيث نمو الإنتاج والطلبات الجديدة، مدفوعًا بزيادة قوية في الطلب على منتجات التكنولوجيا، فيما حافظ على زخمه الإيجابي الذي بدأ منذ الربع الثاني من العام، وهو ما عزز مكانة قطاع التكنولوجيا باعتباره المحرك الرئيسي للنشاط الاقتصادي خلال يونيو. في المقابل، استمر قطاع العقارات في تسجيل أضعف أداء بين جميع القطاعات، بعدما جاء في المركز الأخير من حيث النشاط الاقتصادي، كما سجل ثاني أسوأ أداء في الطلبات الجديدة خلال الأشهر الثلاثة الأخيرة، بالتزامن مع أكبر انخفاض في التوظيف بين جميع القطاعات، حيث سجلت الشركات العقارية أسرع وتيرة لفقدان الوظائف منذ أكثر من عامين، الأمر الذي انعكس أيضًا على أداء القطاع المالي ككل، ليصبح الأضعف بين القطاعات الرئيسية للمرة الأولى منذ أكثر من عامين ونصف. وكشف التقرير عن تباطؤ ملحوظ في زخم النمو داخل قطاع خدمات الرعاية الصحية، الذي تراجع من المركز الثالث إلى المركز الثامن عشر في ترتيب النشاط خلال يونيو، نتيجة انخفاض وتيرة نمو الطلبات الجديدة، رغم احتفاظه بأحد أعلى معدلات التوظيف بين القطاعات محل الدراسة. وعلى صعيد سوق العمل، أظهرت نتائج المسح توازنًا نسبيًا بين القطاعات التي رفعت معدلات التوظيف وتلك التي خفضتها، حيث سجلت عشرة قطاعات نموًا في العمالة مقابل أحد عشر قطاعًا شهدت تراجعًا. وجاء قطاع خدمات الاتصالات في صدارة القطاعات الأكثر توظيفًا، محققًا أقوى معدل نمو في التعيينات منذ أكثر من عام، مدعومًا بتحسن النشاط والطلب. وفيما يتعلق بالتضخم، أشار التقرير إلى أن الضغوط السعرية تراجعت في معظم القطاعات مقارنة بشهر مايو، إذ سجلت 18 قطاعًا تباطؤًا في وتيرة ارتفاع التكاليف. ومع ذلك، ظل قطاع المنتجات المنزلية والشخصية الأكثر تعرضًا لضغوط ارتفاع أسعار مدخلات الإنتاج، يليه قطاع الكيماويات، بينما واصلت القطاعات المالية تسجيل أضعف معدلات التضخم بين مختلف الأنشطة الاقتصادية. ويستند مؤشر S&P Global Sector PMI إلى استطلاع شهري يشمل أكثر من 27 ألف شركة في أكثر من 40 دولة، ويغطي 21 قطاعًا اقتصاديًا رئيسيًا، ما يجعله أحد أبرز المؤشرات العالمية لقياس اتجاهات النشاط الاقتصادي والإنتاج والطلبات الجديدة والتوظيف وتكاليف التشغيل على مستوى القطاعات المختلفة.,2026-07-07T09:49:07.808433+00:00,
almasry,tier1,https://www.almasryalyoum.com/news/details/4309743,«التخطيط»: بناء الإنسان عنوان خطة 2026- 2027 | المصري اليوم,نجوى قطب,2026-07-07 03:47:00+00:00,قال الدكتور أحمد رستم، وزير التخطيط والتنمية الاقتصادية، إن الوزارة تضع ملف بناء الإنسان على رأس أولوياتها، مضيفا أن خطة التنمية الاقتصادية والاجتماعية للعام المالى 2026/2027،...,المصري اليوم,ar,279,الدكتور أحمد رستم وزير التخطيط والتنمية الاقتصادية - صورة أرشيفية الدكتور أحمد رستم وزير التخطيط والتنمية الاقتصادية - صورة أرشيفية قال الدكتور أحمد رستم، وزير التخطيط والتنمية الاقتصادية، إن الوزارة تضع ملف بناء الإنسان على رأس أولوياتها، مضيفا أن خطة التنمية الاقتصادية والاجتماعية للعام المالى 2026/2027، والخطة متوسطة الأجل، وُضعتا تحت عنوان رئيسى هو بناء الإنسان: صحة، وتعليم، وتنمية مهارات، وتدريب. جاء ذلك خلال استقباله مجموعة من طلاب الكليات المشاركين فى البرنامج التدريبى الصيفى بالوزارة، حيث حرص على التقاط صورة تذكارية مع كل طالب وطالبة وهم يجلسون على مقعد الوزير. أوضح رستم فى بيان لوزارته - أمس - أن هذه الخطوة تأتى كرسالة رمزية للشباب بأن الطموح مشروع ومتاح للجميع، وأن مقاعد القيادة وصنع القرار ليست بعيدة عن جيل يملك الوعى والمعرفة والعزيمة، فى إطار حرص الدولة على الاستثمار فى رأس المال البشرى وتمكين القيادات الشابة. أضاف أن التدريب العملى ليس مجرد فترة زمنية خلال الإجازة الصيفية، بل يمثل الخطوة الأولى لتحويل المعرفة الأكاديمية إلى حلول واقعية على أرض الواقع. قال وزير التخطيط: «حرصت على أن يجلس كل منكم مكانى، ليس لمجرد التقاط صورة تذكارية، بل هو وعد للمستقبل بأنكم قادرون على قيادة هذا الوطن نحو آفاق أرحب». حرص على الاستماع بنفسه إلى آراء الطلاب وملاحظاتهم حول فترة التدريب فى قطاعات الوزارة المختلفة، ومناقشة أفكارهم ورؤيتهم، فى إطار بناء جسور تواصل مستمرة وفعّالة بين الشباب ومؤسسات الدولة. وأعرب الطلاب عن سعادتهم بهذه المقابلة، مؤكدين أن هذه اللفتة منحتهم دفعة معنوية كبيرة وحافزًا للمثابرة والعمل الجاد، ليكونوا امتدادًا لمسيرة البناء والتنمية فى مصر. يذكر أن برنامج التدريب الصيفى بوزارة التخطيط الذى انطلق لأول مرة عام 2018، يُنظم سنويًا، ويستهدف طلاب الجامعات من مختلف التخصصات بهدف تنمية قدراتهم، وإكسابهم الخبرات العملية، وتعريفهم بآليات العمل الحكومى، بما يسهم فى تأهيلهم لسوق العمل.,2026-07-07T09:49:08.532615+00:00,
almasry,tier1,https://www.almasryalyoum.com/news/details/4309247,وزير الاستثمار يلتقى مؤسس شركة EVRAID دعمًا للشركات الناشئة التى توطن تكنولوجيا المركبات الكهربائية | المصري اليوم,محمد الصيفي,2026-07-06 12:19:00+00:00,التقى الدكتور محمد فريد صالح، وزير الاستثمار والتجارة الخارجية، مؤسس وفريق عمل شركة «EVRAID» المتخصصة فى توطين تكنولوجيا المركبات الكهربائية، وذلك للاستماع إلى تجربتهم وكيفية...,المصري اليوم,ar,741,وزير الاستثمار يلتقى مؤسس شركة EVRAID دعمًا للشركات الناشئة التى توطن تكنولوجيا المركبات الكهربائية وزير الاستثمار يلتقى مؤسس شركة EVRAID دعمًا للشركات الناشئة التى توطن تكنولوجيا المركبات الكهربائية التقى الدكتور محمد فريد صالح، وزير الاستثمار والتجارة الخارجية، مؤسس وفريق عمل شركة «EVRAID» المتخصصة فى توطين تكنولوجيا المركبات الكهربائية، وذلك للاستماع إلى تجربتهم وكيفية دعمهم لتوطين تكنولوجيا المركبات الكهربائية التى تتوافق مع رؤية الحكومة المصرية لتعميق الصناعة وزيادة الصادرات. وضم وفد الشركة كلًا من المهندس شريف دياب، الرئيس التنفيذى والعضو المنتدب للشركة، وأحمد الشاذلى، المدير التنفيذى للتكنولوجيا، وجمال تمراز، مدير تطوير الأعمال. وحضر اللقاء من جانب الوزارة كل من نهى خليل، القائم بأعمال الرئيس التنفيذى للصندوق السيادى، ومحمد عياد، مساعد الوزير للترويج الإعلامى والمعلومات، والمهندس قاسم حسن، مدير الصندوق الصناعى بالصندوق السيادى. وشهد الاجتماع استعراض خطط شركة «EVRAID» لتوطين تكنولوجيا أنظمة الدفع الكهربائى وأنظمة إدارة البطاريات وحزم البطاريات الخاصة بالمركبات الكهربائية ذات الجهد المنخفض، إلى جانب مناقشة فرص التعاون مع الشركات المصنعة للمركبات الكهربائية العاملة فى السوق المصرية، وآليات تعزيز المكون المحلى فى هذه الصناعة الواعدة. كما استعرض اللقاء جهود الشركة فى تطوير البرمجيات والحلول الهندسية المتخصصة لقطاع السيارات الكهربائية، ونجاحها فى تصدير خدمات برمجية وتقنيات متقدمة لعدد من الشركات العالمية العاملة فى صناعة السيارات، فضلًا عن خططها للتوسع فى إنتاج وتجميع البطاريات وأنظمة التحكم المرتبطة بها داخل مصر، بما يدعم جهود التحول نحو اقتصاد أكثر اعتمادًا على التكنولوجيا والمعرفة. ويأتى هذا اللقاء ضمن سلسلة اللقاءات التى يحرص الدكتور محمد فريد، وزير الاستثمار والتجارة الخارجية، على عقدها مع مؤسسى الشركات الصغيرة والمتوسطة والناشئة ورواد الأعمال التى تقدم شركاتهم حلولًا لمواجهة التحديات التنموية المختلفة فى القطاعات الاقتصادية، بهدف مساعدتهم على النمو والتوسع وتذليل العقبات التى تواجههم، ودعم خططهم للتوسع فى الإنتاج والتصدير، وتعزيز مساهمة الشركات الوطنية فى الصناعات التكنولوجية المتقدمة، بما يتسق مع توجه الدولة نحو زيادة الصادرات وتعميق التصنيع المحلى وبناء اقتصاد قائم على المعرفة والابتكار. وأكد الوزير خلال اللقاء أن باب وزارة الاستثمار والتجارة الخارجية مفتوح لدعم الشباب وأفكارهم التى تقدم حلولًا مبتكرة للاقتصاد والصناعة المصرية، واصفًا رواد الأعمال فى مصر بأنهم أبطال ويستحقون كل المعاونة، فالاقتصادات المتقدمة تُبنى بالابتكار، موضحًا أن توطين تكنولوجيا المركبات الكهربائية يعد جزءًا رئيسيًا من رؤية الحكومة لتعزيز تنافسية الاقتصاد بتوطين التكنولوجيا وتعميق الصناعة. وأشار الوزير إلى أن وزارته تستهدف دعم الاستثمارات المبتكرة التى توفر حلولًا للتحديات الاقتصادية وتعزز الصادرات المصرية، مشيرًا إلى أن النقلات النوعية لأى اقتصاد لا تتحقق إلا بأفكار غير تقليدية وبيئة تنظيمية وتشريعية داعمة ومحفزة بضمانات وحوافز، وهو ما نعمل عليه الآن بفاعلية وبالشراكة مع القطاع الخاص، فضلًا عن السعى المستمر نحو بناء أجيال جديدة من الشركات والمستثمرين والمصدرين بدعم الأفكار المبتكرة لتنمو وتتوسع. وأضاف الوزير أن الوزارة تعمل على مساعدة الشركات على فتح آفاق جديدة، لا سيما تلك التى يقودها شباب وتمتلك منتجات وتقنيات ذات قيمة مضافة مرتفعة، بما يعزز قدرتها على التوسع فى الأسواق الدولية، إيمانًا بأن الشركات المصرية المبتكرة قادرة على أن تصبح مصدرًا رئيسيًا للتكنولوجيا، وليس مجرد مستهلك لها. وأوضح الوزير أن توطين الصناعات المرتبطة بالمركبات الكهربائية، وخاصة المكونات التكنولوجية المتقدمة، يسهم فى بناء قاعدة صناعية أكثر تطورًا واستدامة، لافتًا إلى أهمية الاستفادة من الكفاءات الهندسية المصرية والخبرات المتراكمة لدى الشركات المحلية فى تطوير منتجات قادرة على المنافسة إقليميًا ودوليًا. وأشار الوزير إلى أن الوزارة تعمل بالتنسيق مع مختلف الجهات المعنية على التحسين المستمر للبيئة الاستثمارية وتوفير الحوافز والضمانات اللازمة للاستثمارات الصناعية والتكنولوجية، بما يدعم خطط الشركات للتوسع فى الإنتاج والتصدير وزيادة مساهمة الصناعات المتقدمة فى الناتج المحلى والصادرات المصرية. ولفت الوزير إلى أن تنمية سلاسل الإمداد المحلية، وبخاصة مدخلات الإنتاج والصناعات المغذية فى الصناعات الحديثة، تمثل أحد المحاور الرئيسية لسياسة الدولة، موضحًا أن تعميق التصنيع المحلى للمكونات الرئيسية للمركبات الكهربائية يمكن أن يسهم فى تقليل فاتورة الاستيراد وخلق فرص عمل نوعية وتعزيز نقل التكنولوجيا إلى السوق المصرية. ونوه الوزير إلى أهمية تشجيع الشركات المصرية على تطوير الملكية الفكرية والحلول الهندسية المتقدمة والحصول على الاعتمادات والشهادات الدولية اللازمة للتصدير، بما يعزز قدرة المنتجات والخدمات المصرية على النفاذ إلى الأسواق العالمية. ومن جانبه، أعرب المهندس شريف دياب، الرئيس التنفيذى والعضو المنتدب لشركة «EVRAID»، عن تقديره لهذا اللقاء والحوار مع وزير الاستثمار، الذى أبدى حرصه الشديد على دعم الاستثمار والشركات الناشئة والشباب المصرى للنمو والتوسع، موضحًا أن الشركة تمتلك كوادر مصرية مؤهلة فى هذا المجال. وأضاف أن شركته تمتلك الخبرات اللازمة لتوطين تكنولوجيا بطاريات المركبات الكهربائية منخفضة الجهد وأنظمة إدارتها، مؤكدًا أن شركته تصدر لكبرى الشركات العالمية تقنيات متقدمة لتصنيع المركبات الكهربائية، معربًا عن تطلعه لتوطين هذه التكنولوجيا فى مصر على نطاق واسع بما يسهم فى دعم خطط الشركة، وكذلك المساهمة فى تعميق الصناعة المحلية. وأوضح أن الشركة ترصد مخصصات مالية للتوسع فى أنشطة البحث والتطوير، وتعمل مع شركاء محليين ودوليين لزيادة المكون المحلى وتعزيز فرص التصدير إلى الأسواق الخارجية.,2026-07-07T09:49:08.443653+00:00,
almasry,tier1,https://www.almasryalyoum.com/news/details/4309626,المشروعات الصغيرة تعود إلى «قلب السياسة الصناعية» | المصري اليوم,ياسمين كرم,2026-07-06 22:59:00+00:00,لم يكن لافتًا فقط أن يعلن المهندس خالد هاشم، وزير الصناعة، أن ملف المشروعات الصغيرة والمتوسطة أصبح على رأس أولويات وزارته، وإنما الطريقة التى تحدث بها عن هذا القطاع، ووصف...,المصري اليوم,ar,2386,لم يكن لافتًا فقط أن يعلن المهندس خالد هاشم، وزير الصناعة، أن ملف المشروعات الصغيرة والمتوسطة أصبح على رأس أولويات وزارته، وإنما الطريقة التى تحدث بها عن هذا القطاع، ووصف أصحاب المصانع الصغيرة ب«الأبطال»، معتبرًا أن حل 70٪ من مشكلاتهم كفيل بحل معظم أزمات الصناعة المصرية. جاءت التصريحات مختلفة عن الخطاب السائد خلال السنوات الماضية، الذى انشغل بجذب الاستثمارات الأجنبية والمشروعات العملاقة، بينما بقى آلاف المصنعين الصغار يواجهون وحدهم تعقيدات استخراج التراخيص، وارتفاع تكلفة الإنتاج، وصعوبة الحصول على التمويل، فضلًا عن ضعف ارتباطهم بالمصانع الكبرى والأسواق الخارجية. الوزير أكد خلال ندوة بالمركز المصرى للدراسات الاقتصادية أن قاعدة الصناعات الصغيرة والمتوسطة فى مصر لا تتناسب بأى شكل مع حجم دولة يتجاوز عدد سكانها 120 مليون نسمة، معتبرًا أن هذا القطاع يمثل الحل الحقيقى لتطوير الصناعة الوطنية، مضيفًا: «هقولها لكم بالبلدى كده.. أنا وزير صناعة، ولو حليت 70٪ بس من مشاكل الصناعات الصغيرة والمتوسطة فى مصر، وسيبت إيدى فى باقى الملفات، كل مشاكل الصناعة هتتحل بنسبة 100٪». وأوضح أن الهرم الصناعى يجب أن يبدأ بقاعدة عريضة من المصانع الصغيرة، ثم تتدرج إلى مصانع متوسطة، ثم شركات كبرى، وصولًا إلى كيانات عالمية. والسؤال الذى يفرض نفسه: هل تكفى رؤية الوزير وإيمانه بالصناعات الصغيرة لإعادة بناء القاعدة الصناعية فى مصر، أم أن الطريق ملىء بعقبات تراكمت على مدار سنوات؟ وللإجابة عن هذا السؤال، فتحت «المصرى اليوم» الملف مع أصحاب مصانع وخبراء وممثلين للمستثمرين، لرصد التحديات التى يواجهها القطاع، وما إذا كانت التحركات الأخيرة قادرة بالفعل على تحويل المشروعات الصغيرة من الحلقة الأضعف فى الصناعة إلى محركها الرئيسى. أحمد يحيى، صاحب مصنع لإنتاج قطاعات الألومنيوم المستخدمة فى محطات الطاقة الشمسية، قال إن رحلته بدأت بالبحث عن قطعة أرض، وكانت أولى المفاجآت عندما توجه للحصول على أرض بمدينة أكتوبر الجديدة، ليكتشف أن معظم الأراضى اختفت حتى قبل الطرح الرسمى- بحسب قوله- وعُرض عليه أن يأخذها من سماسرة بأسعار أعلى، مضيفًا: «وقتها صرفنا نظر وروحنا لمطور صناعى». ورغم أن ملف تخصيص الأراضى شهد تحسنًا بعد قصره على هيئة التنمية الصناعية والطرح من خلال منصة مصر الرقمية الصناعية، فإن «يحيى» يرى أن القضاء على ظاهرة المتاجرة بالأراضى الصناعية لا يزال ضرورة حتى تصل الأرض إلى المستثمر الحقيقى، لا إلى من يحتفظ بها بغرض إعادة بيعها، مضيفًا أن أسعار الأراضى الصناعية شهدت زيادات متتالية خلال السنوات الأخيرة حتى باتت تحمل قدرًا كبيرًا من التكلفة يصعب على صاحب مشروع تحملها فى بداية طريقه، لكن الحصول على الأرض لم يكن سوى بداية الطريق.. فمع كل خطوة كان يظهر إجراء جديد، أو جهة جديدة، أو موافقة إضافية. يستعيد «يحيى» تلك الفترة قائلًا إن استخراج بعض التصاريح استغرق عدة أشهر، بينما احتاجت إجراءات أخرى إلى تدخلات شخصية من بعض المعارف حتى تنتهى، ويتابع: «المجمعة العشرية قعدت أكتر من 4 شهور.. وفى الآخر لما حد اتدخل خلصت فى 21 يوم بس، ووفقًا لقانون التراخيص الصناعية الصادر عام 2017، فإن المدة الرسمية لإصدار وثيقة التأمين من المجمعة العشرية للتأمين بحد أقصى 14 يومًا من تاريخ استيفاء وتقديم المستندات المطلوبة، وتستغرق عملية إصدار التراخيص الصناعية بالكامل حوالى 26 يوم عمل فى الحالات غير المعقدة». ويضيف «يحيى» أن توصيل المرافق وتركيب العدادات استغرقا وقتًا طويلًا، رغم أن المصنع يقع داخل منطقة صناعية مخططة، ما أدى إلى تأخير التشغيل وتحمل تكاليف إضافية قبل إنتاج أول قطعة. هذه التجربة لا تبدو استثنائية بالنسبة للمهندس محمود عصام، النائب السابق بمجلس النواب، وصاحب مصنعين، أحدهما فى مرغم الصناعية والثانى فى برج العرب، الذى يؤكد أن المستثمر الصناعى يبدأ معركته قبل أن يبدأ الإنتاج. يروى «عصام» تجربته الشخصية فى إنشاء مصنع جديد، مشيرًا إلى أن البيروقراطية مازالت تلتهم وقت المستثمر وجهده، رغم كل ما أُعلن عن تيسير الإجراءات. «استلمت الأرض بعد حوالى 3 أشهر، وبعدها احتجت قرابة 6 أشهر للحصول على التراخيص.. وأنا كنت عضو مجلس نواب وبعرف أروح لمين. طيب المستثمر العادى هيعمل إيه؟». ويرى أن المشكلة لا ترتبط بإجراء واحد، وإنما بتعدد الجهات التى يضطر المستثمر إلى التعامل معها، حيث لا تزال موافقات عديدة تصدر من جهات مختلفة خارج هيئة التنمية الصناعية، بما يحمله ذلك من رسوم وتأمينات من جهات مختلفة، مثل موافقات ورسوم الحفر على سبيل المثال (دفعت 300 ألف جنيه) رسومًا لترخيص الحفر لمدة شهرين. وأشار إلى المشكلات المتعلقة ببطء لجان المعاينات للحصول على رخصة التشغيل، وهو ما سبق أن لمسه خلال فترة عضويته بمجلس النواب من خلال طلبات الإحاطة التى تقدم بها بشأن تأخر إصدار تراخيص التشغيل. ويضيف: «المستثمر الصناعى فى مصر بيخوض حرب علشان يبنى مصنعه، وحرب تانية علشان يشغله». وإذا كان البعض يعتقد أن رحلة المصنع تنتهى بمجرد استخراج الترخيص، فإن أصحاب المصانع يؤكدون أن مرحلة التشغيل لا تقل صعوبة. وبحسب أحمد يحيى، لا يزال المصنع الصغير يتعامل مع زيارات رقابية متكررة من جهات مختلفة، لكل منها متطلبات وإجراءات مستقلة. «مفيش حاجة اسمها لجنة موحدة للتفتيش على المصانع.. كل شوية ييجى جهاز مختلف يطلب أوراق مختلفة، زى بتوع الضريبة العقارية مثلًا رغم أن المصانع معفاة منها، يأتى ويطلب أوراق نروح نعملها كل 6 أشهر، أما لو مفتش البيئة جه، نقفل المصنع لأن أى ملاحظة ممكن توقف النشاط، وإعادة التشغيل تبقى قصة تانية». ولا يختلف سيف الله الخوانكى، المدير التنفيذى لمكتب مركز المشروعات الدولية الخاصة (CIPE) فى مصر، مع هذا التوصيف، لكنه يرى أن جذور الأزمة أعمق من مجرد طول الإجراءات. ويقول إن الدراسات التى أجراها المركز خلال السنوات الماضية أظهرت أن السياسات الحكومية لا تزال تتعامل مع المصانع الصغيرة والمتوسطة والورش البسيطة باعتبارها كتلة واحدة، رغم اختلاف احتياجات كل فئة. ويضيف أن المصنع المتوسط، القادر على التوسع والتحول إلى كيان أكبر، لا يمكن إخضاعه للإجراءات نفسها التى تُطبق على الورش الصغيرة أو المشروعات متناهية الصغر، لأن ذلك يحرم الاقتصاد من شركات تمتلك فرصًا حقيقية للنمو، ويشير إلى أن قانون التراخيص الصناعية الصادر عام 2017 تضمن العديد من التيسيرات، لكن التطبيق لم يحقق النتائج المأمولة، بسبب استمرار مركزية الإجراءات، وضعف البنية الرقمية، واضطرار كثير من المستثمرين إلى السفر للقاهرة لإنهاء معاملاتهم، مضيفًا: «لا هيئة التنمية الصناعية مؤهلة رقميًا، ولا أصحاب هذه المصانع لديهم الخبرات الكافية». ويضيف أن المشكلة تتفاقم بالنسبة للمصانع الموجودة فى مناطق صناعية غير مخططة أو غير مقننة، إذ تجد نفسها خارج المنظومة الرسمية، فلا تستطيع التوسع أو الحصول على التمويل أو الاستفادة من برامج الدعم، رغم أنها تمارس نشاطًا إنتاجيًا بالفعل، بل بعضهم قد يكون لديه فرص للتصدير، ومن وجهة نظر «الخوانكى»، فإن المشكلة الحقيقية تكمن فى نظرة الإدارة الحكومية إلى هذا القطاع، ويقول: «الدولة ما زالت تتعامل مع المصنع الصغير على أنه سيظل صغيرًا طوال عمره، بينما المفروض ننظر إليه باعتباره نواة لشركة أكبر فى المستقبل». هذا الخلل، بحسب «الخوانكى»، ينعكس على السياسات والإجراءات وآليات الدعم، ويجعل رحلة النمو أكثر صعوبة، فى وقت يفترض أن تكون فيه المشروعات الصغيرة هى القاعدة التى تُبنى عليها الصناعة الوطنية. ورغم أن التمويل ظل لسنوات العنوان الأبرز عند الحديث عن المشروعات الصغيرة، إلا أن أصحاب المصانع يرون أنه لم يعد العقبة الوحيدة، بل ربما ليس الأصعب. يقول أحمد يحيى إن المبادرات التمويلية المعلنة لا تلبى احتياجات كثير من المصانع القائمة، خاصة الراغبة فى التوسع وزيادة الطاقة الإنتاجية. «لو عندك فجوة تمويلية أو مديونيات للموردين ممكن تستفيد من بعض المبادرات، لكن لو عايز تمويل حقيقى للتوسعات أو لرأس المال العامل بتدخل على برامج بفائدة أعلى توصل إلى 15٪، وبعد الرسوم 17.5٪، فى الآخر المصنع الصغير بيلاقى نفسه بيدور على التمويل فى أصعب مرحلة من عمر المشروع، ده غير صعوبات تجهيز الملفات والتعامل مع البنوك والحصول على الموافقات». لكن المهندس علاء السقطى، رئيس اتحاد مستثمرى المشروعات الصغيرة والمتوسطة، يرى أن اختزال الأزمة فى التمويل وحده يمثل تبسيطًا لمشكلة أكثر تعقيدًا، ويقول إن السؤال الذى يجب أن تطرحه الدولة أولًا هو: ماذا تريد من المشروعات الصغيرة؟ «إحنا عايزين إيه من الصناعات الصغيرة؟ هل الهدف نعمل مصانع كتير وخلاص؟ ده معناه واردات كتير وفاتورة استيراد أعلى، ولا نبنى صناعات مغذية تخدم المصانع الكبيرة وتقلل الاستيراد». ويضيف أن «التمويل لا ينبغى أن يوزع بصورة متساوية على جميع الأنشطة، وإنما يجب أن يرتبط بخطة صناعية واضحة تحدد الصناعات التى تحتاجها الدولة بالفعل، لتغذية سلاسل التوريد وورفع القيمة المضافة، فلو مولنا أى مشروع من غير رؤية، ممكن نلاقى نفسنا بنزود طاقات إنتاجية فى صناعات مش محتاجها السوق، بينما صناعات تانية مهمة لنا مش لاقية حد يمولها». فى معظم الدول الصناعية لا يبدأ المصنع الصغير رحلته بالبحث عن عميل، وإنما يدخل مباشرة ضمن شبكة الموردين لمصنع أكبر، ليضمن طلبًا مستقرًا على إنتاجه، وفرصة للنمو واكتساب التكنولوجيا، أما فى مصر فيبدو المشهد مختلفًا، ويقول أحمد يحيى إن الوصول إلى الشركات الكبرى يعتمد فى الغالب على العلاقات الشخصية، وليس على منظومة مؤسسية. «كل شغلنا جاى بالعلاقات.. مفيش جهة بتربطنا بالمصانع الكبيرة.. جربت مرة أحضر مؤتمر هدفه التشبيك بين المصنعين، لكن التجربة كانت سيئة جدًا، ومفكرتش أكررها»، هذا الغياب، بحسب النائب محمود عصام، يمثل أحد أكبر أوجه القصور فى المنظومة الصناعية. ويقول إن الدول التى نجحت فى بناء قواعد صناعية قوية لم تكتفِ بمنح الأراضى أو التمويل، وإنما بنت شبكات تربط المصنع الصغير مباشرة بالمشترى، ويضرب مثالًا بما شاهده فى المعارض الصناعية بالسعودية «هناك بتدخل المعرض فتلاقى المُصنع الصغير بيتقابل مع العميل أو المُصنع الكبير بشكل طبيعى جدًا.. الدولة هى اللى بتعمل التشبيك، مش المصنع اللى بيفضل يجرى يدور على شغل». ويرى «عصام» أن إعادة تفعيل برنامج تطوير الموردين بمركز تحديث الصناعة تمثل خطوة فى الاتجاه الصحيح، لكنها تحتاج إلى التوسع، حتى تصبح سياسة دائمة وليست مبادرات محدودة، ويقترح أن يمتد الدور أيضًا إلى جهاز التمثيل التجارى، بحيث يجرى دراسات لاحتياجات المصانع الكبرى فى الأسواق الخارجية، ثم يروج لقدرات المصانع المصرية القادرة على تلبية تلك الاحتياجات. ويتفق معه «السقطى» لكنه يذهب إلى أبعد من ذلك، معتبرًا أن التشبيك ليس مجرد وسيلة لتسويق الإنتاج، بل هو أساس بناء الصناعة. ويقول إن التجارب الصناعية الكبرى، من ألمانيا إلى المغرب، لم تبدأ فقط بجذب المصانع العملاقة، وإنما بشبكات واسعة من الموردين والصناعات المغذية. «المصنع الكبير لازم يبقى حواليه عشرات وربما مئات المصانع الصغيرة.. دى اللى بتعمل القيمة المضافة، ودى اللى بتخلق فرص العمل». ويشير إلى أن المشكلة فى مصر تكمن فى أن المصنع الكبير لا يملك حافزًا حقيقيًا للاعتماد على المورد المحلى، فيظل الاستيراد بالنسبة له الخيار الأسهل والأسرع، داعيًا إلى منح حوافز ضريبية وتشجيعية للشركات التى تزيد نسبة المكون المحلى، بالتوازى مع توجيه التمويل للمصانع الصغيرة المنتجة لهذه المكونات. ويضيف: «كلمة السر هى القيمة المضافة.. مش الهدف ننتج أى حاجة، الهدف ننتج مكونات كانت بتستورد، ونخلى الجنيه اللى كان بيخرج بره يفضل جوه الاقتصاد». ورغم أهمية التمويل والتشبيك، فإن أحمد يحيى يرى أن الأزمة الأكثر إلحاحًا بالنسبة لقطاعه تبدأ من نقطة مختلفة تمامًا: الخامات، فمصنعه يعتمد على الألومنيوم، بينما يصف آلية التسعير الحالية بأنها تضع المصانع الصغيرة فى موقف غير قادر على المنافسة، سواء داخل السوق المحلية أو فى التصدير. «الدولار نزل، وسعر الخام عالميًا نزل، لكن السعر عندنا متغيرش.. شركة مصر للألومنيوم التى تحتكر إنتاج الخام ثبتت السعر خلال هذا الشهر. إحنا كنا متوقعين انخفاض واضح، لكن ده محصلش». ويضيف أن ارتفاع تكلفة الخام أفقد مصنعه فرصة تصدير مهمة إلى السودان، بعدما أصبح المنتج القادم من الإمارات أقل سعرًا وأكثر قدرة على المنافسة. «اشتغلنا شهور علشان نوصل للصفقة، وفى الآخر اضطرينا نعتذر وندفع غرامة.. ببساطة لأن تكلفة الخام عندنا أعلى». ولا تتوقف المشكلة عند حدود التسعير، بحسب «يحيى»، وإنما تمتد إلى تكلفة الحصول على شهادات الاعتماد الدولية اللازمة لدخول بعض الأسواق، والتى قد تصل إلى مئات الآلاف، فى ظل غياب برامج دعم تساعد المصانع الصغيرة على تحملها. كما يشكو من طول فترات الاختبارات الفنية داخل بعض المعامل المحلية، وهو ما يؤخر دخول المنتجات إلى الأسواق الخارجية. ويختصر الصورة بقوله: «إحنا مش طالبين دعم مباشر.. إحنا عايزين ننافس بس فى ظروف عادلة». ورغم تعدد المشكلات التى يواجهها المصنعون، فإن المتحدثين يجمعون على أن الأزمة لا تعود إلى نقص المبادرات بقدر ما ترتبط بغياب منظومة متكاملة تتعامل مع المشروعات الصغيرة باعتبارها حجر الأساس فى البناء الصناعى. وأشار سيف الله الخوانكى إلى اتساع القطاع الصناعى غير الرسمى، الذى لايزال يجد أن تكلفة البقاء خارج المنظومة الرسمية أقل من تكلفة الانضمام إليها. فمع تطبيق منظومة الفاتورة الإلكترونية، ومتطلبات ضريبة القيمة المضافة، والاستعانة بمحاسب قانونى، والغرامات المرتبطة بالتأخير، ارتفعت تكلفة الالتزام بالنسبة لكثير من المصانع الصغيرة. «التحول الرقمى كان المفروض يبقى وسيلة لدمج الاقتصاد غير الرسمى، لكنه بالنسبة لعدد كبير من المصانع أصبح عبئًا إضافيًا». أيضًا ارتفاع تكاليف النقل والرسوم على الطرق، إلى جانب تعقيدات التراخيص وتداخل اختصاصات الجهات الحكومية المختلفة، يزيد الأعباء على المصانع الصغيرة، خاصة تلك الموجودة خارج المناطق الصناعية، والتى تخضع لإجراءات متعددة من أجهزة المحليات وجهات رقابية مختلفة. ولا يقتصر الأمر، بحسب علاء السقطى، على تعقيد الإجراءات، وإنما يمتد إلى غياب جهة تمتلك الرؤية الكاملة لإدارة هذا الملف، متسائلًا: «مين المسؤول النهارده؟ وزارة الصناعة؟ ولا جهاز تنمية المشروعات؟ ولا جهة تانية؟ كل جهة بتشتغل لوحدها». ويرى أن جهاز تنمية المشروعات لا يمتلك الصلاحيات اللازمة لقيادة ملف الصناعات الصغيرة، بينما تركز وزارة الصناعة بصورة أكبر على المصانع المتوسطة والكبيرة، وهو ما خلق فراغًا مؤسسيًا انعكس على أداء القطاع. ويؤكد أن البداية يجب أن تكون بوضع خريطة صناعية واضحة، تحدد الصناعات التى تستهدف الدولة توطينها، ثم توجيه التمويل، والأراضى، والحوافز، وبرامج التدريب، لخدمة هذه الخطة، بدلًا من توزيعها عشوائيًا على جميع الأنشطة، «نحدد 5 أو 6 صناعات ونشتغل عليهم بخطة تعميق حقيقية وصناعات مغذية». ويدعو إلى إعادة النظر فى منظومة خروج المستثمر من السوق، مشيرًا إلى أن «تصفية شركة متوقفة قد تستغرق سنوات بسبب تعقيد الإجراءات، وهو ما يقلل من شهية المستثمرين لخوض تجارب جديدة؛ عندى شركة متوقفة من 15 سنة مش عارف أصفيها»، «ممكن يبقى عندك 100 ألف مصنع على الورق، لكن كام واحد فيهم شغال وبينتج بجد؟». وبالنسبة لمحمود عصام، فإن نجاح أى استراتيجية صناعية لن يتحقق ما لم يتحول دعم المشروعات الصغيرة إلى سياسة مستقرة، لا ترتبط بوزير أو حكومة بعينها. ويؤكد أن المصانع الصغيرة ليست مجرد مشروعات توفر فرص عمل، وإنما تمثل الأساس الحقيقى للصناعات المغذية والوسيطة، وهى القطاعات التى تستحوذ على جزء كبير من فاتورة الواردات المصرية. واتفق معه سيف الله الخوانكى، منتقدًا غياب هوية مؤسسية واضحة لجهاز تنمية المشروعات، قائلًا إن دوره بات غير محدد بين كونه جهة تمويل، أو جهة للتنمية، أو جهة معنية بالسياسات، بينما تركز وزارة الصناعة بدرجة أكبر على المصانع المتوسطة والكبيرة، مؤكدًا أن بداية الإصلاح تتمثل فى الربط الفعلى بين المشروعات الصغيرة والمصانع الكبرى من خلال سلاسل الإمداد والموردين المحليين، بحيث تصبح هذه المشروعات جزءًا من منظومة الإنتاج، وهو ما يحقق لها الحوكمة، وينقل إليها الخبرات والتكنولوجيا، ويمنحها سوقًا مستقرة لمنتجاتها، وتكتمل المنظومة مع توفير تمويل سلس وميسر لتلك الصناعات، المرتبطة بسلاسل الإنتاج، معتبرًا أن «الربط بالمصانع الكبرى مع التمويل الميسر وتحويل النظرة الحكومية لتلك المشروعات باعتبارها نواة لبناء صناعات مغذية قوية، وقاعدة صناعية حقيقية، هو أول الطريق للانطلاق». فى المقابل، بدأت وزارة الصناعة بالفعل بعض الخطوات العملية، أبرزها الحملات القوية التى نفذتها هيئة التنمية الصناعية لسحب الأراضى من المستثمرين غير الجادين، والاتجاه لطرح أراضٍ صناعية كاملة المرافق بنظام الإيجار المنتهى بالتملك، لتخفيف الأعباء المالية عن المشروعات الصغيرة والمتوسطة، إلى جانب إعادة تفعيل برنامج تطوير الموردين بمركز تحديث الصناعة، الذى يستهدف ربط المصانع الصغيرة بالشركات الكبرى، ونقل التكنولوجيا إليها، وتعميق التصنيع المحلى، وتم بالفعل خلال الأيام الماضية توقيع اتفاقيتين مع مجموعة حسن علام والشركة الوطنية لصناعة السكك الحديدية «نيرك». ويرى المصنعون أن هذه التحركات تمثل بداية مختلفة تستحق البناء عليها، لكنها لن تحقق أثرها الكامل ما لم تمتد إلى إصلاح البيئة التى يعمل فيها المصنع الصغير.,2026-07-07T09:49:09.355319+00:00,
almasry,tier1,https://www.almasryalyoum.com/news/details/4309868,التخطيط تبحث مستجدات تطبيق «موازنة البرامج والأداء» لرفع كفاءة الإنفاق الحكومي | المصري اليوم,نجوى قطب,2026-07-07 09:12:00+00:00,أكد الدكتور أحمد رستم، وزير التخطيط والتنمية الاقتصادية، أن موازنة البرامج والأداء تُعد إحدى أهم أدوات تطوير منظومة التخطيط وإدارة المالية العامة، إذ تعتمد على ربط الموارد...,المصري اليوم,ar,346,الدكتور أحمد رستم، وزير التخطيط والتنمية الاقتصادية الدكتور أحمد رستم، وزير التخطيط والتنمية الاقتصادية أكد الدكتور أحمد رستم، وزير التخطيط والتنمية الاقتصادية، أن موازنة البرامج والأداء تُعد إحدى أهم أدوات تطوير منظومة التخطيط وإدارة المالية العامة، إذ تعتمد على ربط الموارد المالية بالبرامج والأهداف التنموية من خلال مؤشرات أداء قابلة للقياس، بما يضمن توجيه الإنفاق العام نحو تحقيق نتائج فعلية تعكس أولويات الدولة. جاء ذلك خلال ترؤس الوزير اجتماعًا موسعًا، بحضور مسؤولى وزارتى التخطيط والتنمية الاقتصادية والمالية، لمتابعة مستجدات تطبيق موازنة البرامج والأداء، ومناقشة عدد من الجوانب الفنية والتنفيذية، وذلك فى إطار التنسيق المستمر بين الوزارتين بهدف رفع كفاءة منظومة التخطيط وتحسين إدارة الاستثمارات الحكومية والمالية العامة. وشدد رستم على الحرص التام على ترسيخ هذه المنهجية باعتبارها ركيزة أساسية للتخطيط الاستراتيجى، بما يعزز التكامل بين إعداد خطط التنمية والموازنة العامة، ويرفع كفاءة تخصيص الموارد ومتابعة تنفيذ المشروعات الحكومية. وأوضح أن هذه المنظومة تسهم بفاعلية فى تعزيز كفاءة وشفافية الإنفاق الحكومى، من خلال الاعتماد على مؤشرات واضحة لقياس المخرجات والنتائج والأثر التنموى، بما يدعم اتخاذ القرارات القائمة على الأدلة، ويضمن التقييم المستمر للأداء الحكومى. وأشار رستم إلى أن هذه المنهجية تأتى اتساقًا مع قانون التخطيط العام للدولة وقانون المالية العامة الموحد، وتُعد جزءًا من جهود الدولة لتطبيق منظومة متابعة حديثة ترتبط بمستهدفات التنمية المستدامة، مع التركيز على بناء قدرات الكوادر الحكومية المعنية بالتطبيق فى مختلف الجهات. وأضاف أن التوسع فى تطبيق موازنة البرامج والأداء يمثل توجهًا استراتيجيًا للانتقال من مجرد التركيز على بنود الإنفاق إلى التركيز على قياس النتائج والأثر التنموى الذى يلمسه المواطن، مؤكدًا أن هذا النهج يرسخ مبادئ الشفافية والمساءلة، ويضمن تحقيق أعلى عائد تنموى من الإنفاق العام، التزامًا بمستهدفات «رؤية مصر 2030». من جانبه، قدم ياسر صبحى، نائب وزير المالية، عرضًا موجزًا حول الموقف الحالى لتطبيق موازنة البرامج والأداء، وما تم إنجازه خلال الفترة الماضية، مؤكدًا أهمية استمرار التنسيق والتكامل بين وزارتى المالية والتخطيط والتنمية الاقتصادية لضمان توحيد المفاهيم والمنهجية عند مخاطبة مختلف الجهات الحكومية. وأوضح صبحى أن الجانبين توصلا إلى توافق تام بشأن هيكل البرامج الرئيسية والفرعية، مبينًا أن المناقشات الحالية تتركز على استكمال مراجعة المشروعات والأنشطة المرتبطة بهذه البرامج، بما يدعم دقة التصنيف المالى، ويرسخ الربط المباشر بين البرامج والمخرجات التنموية المستهدفة.,2026-07-07T09:49:09.384799+00:00,
almasry,tier1,https://www.almasryalyoum.com/news/details/4309232,إنزال 2.8 مليون زريعة أسماك بالمسطحات المائية في الشرقية | المصري اليوم,وليد صالح,2026-07-06 11:59:00+00:00,أكد المهندس حازم الأشموني، محافظ الشرقية، أن تنمية الثروة السمكية تمثل ركيزة أساسية لدعم الاقتصاد المحلي وتحسين مستوى معيشة الصيادين، فضلًا عن دورها في توفير مصدر غذائي آمن...,المصري اليوم,ar,215,إنزال 2.8 مليون زريعة أسماك بالمسطحات المائية في الشرقية إنزال 2.8 مليون زريعة أسماك بالمسطحات المائية في الشرقية أكد المهندس حازم الأشموني، محافظ الشرقية، أن تنمية الثروة السمكية تمثل ركيزة أساسية لدعم الاقتصاد المحلي وتحسين مستوى معيشة الصيادين، فضلًا عن دورها في توفير مصدر غذائي آمن ومتجدد للمواطنين، مؤكدًا استمرار التعاون والتنسيق مع الجهات المعنية لتنفيذ خطط التنمية المستدامة في هذا القطاع الحيوي. وفي هذا الإطار، أشارت هبة عبد التواب مديرة إدارة الثروة السمكية بالديوان العام، أنه تم إطلاق 2 مليون و 850 ألف زريعة أسماك بعدد من المسطحات المائية بنطاق المحافظة، وذلك ضمن خطة دعم وتنمية المسطحات المائية وزيادة المخزون السمكي، وفي إطار جهود الدولة لتنمية الثروة السمكية والحفاظ على التوازن البيئي بالمجاري المائية. وأوضحت مديرة الإدارة، أن ما تم إنزاله شمل مليون و800 ألف زريعة بلطي نيلي، و 750 ألف زريعة مبروك، و300 ألف)ط زريعة مبروك حشائش، حيث تم توزيعها على بحر مويس أمام قوات الأمن، وبحر مويس بنطاق قرية تل حوين بمركز الزقازيق، وبحر أبو الأخضر بنطاق العلاقمة بمركز ههيا، وبحر أبو الأخضر بقريتي طاروط بمركز الزقازيق وميت بشار بمركز منيا القمح، وبحر أبو الأخضر بنطاق كفر الحوت بمركز فاقوس، وترعة الإسماعيلية عند كوبري الشباب، وذلك بهدف دعم الثروة السمكية وزيادة الإنتاج السمكي بما يسهم في توفير الأسماك للمواطنين وتحسين مستوى معيشة الصيادين، وذلك بحضور المهندس محمد عسكر مدير مكتب مصايد الزقازيق.,2026-07-07T09:49:09.627972+00:00,
almasry,tier1,https://www.almasryalyoum.com/news/details/4309113,انطلاق الدراسة بمدرستي «حديد عز» للتكنولوجيا التطبيقية بالإسكندرية العام الدراسي الجديد | المصري اليوم,رجب رمضان,2026-07-06 10:13:00+00:00,أعلنت مديرية التربية والتعليم والتعليم الفني بالإسكندرية انطلاق الدراسة بمدرستي «حديد عز» للتكنولوجيا التطبيقية، اعتبارًا من العام الدراسي 2026/2027، وذلك بالتعاون مع شركة...,المصري اليوم,ar,171,بتخصصى الميكاترونكس والصلب.. بدء الدراسة بمدرستى حديد عز للتكنولوجيا التطبيقية ب«محرم بك والورديان» 2027 فى الإسكندرية بتخصصى الميكاترونكس والصلب.. بدء الدراسة بمدرستى حديد عز للتكنولوجيا التطبيقية ب«محرم بك والورديان» 2027 فى الإسكندرية أعلنت مديرية التربية والتعليم والتعليم الفني بالإسكندرية انطلاق الدراسة بمدرستي «حديد عز» للتكنولوجيا التطبيقية، اعتبارًا من العام الدراسي 2026/2027، وذلك بالتعاون مع شركة «دانييلي» الإيطالية المتخصصة في تصنيع وتوريد معدات وتكنولوجيا صناعة الحديد والصلب. وأوضحت المديرية، في بيان، أن المدرستين تقعان بمنطقتي محرم بك والورديان، ويأتي افتتاحهما في إطار خطة الدولة للتوسع في منظومة مدارس التكنولوجيا التطبيقية وتطوير التعليم الفني بما يتوافق مع احتياجات سوق العمل. وأضافت أن المدرستين تتخصصان في مجالي الميكاترونكس وصناعة الصلب، وتعتمدان على نظام تعليمي يجمع بين الدراسة الأكاديمية والتدريب العملي داخل بيئة صناعية حقيقية، من خلال شراكة بين وزارة التربية والتعليم والتعليم الفني، وشركة حديد عز، وشركة «دانييلي» الإيطالية. وأكدت المديرية أن هذا النموذج التعليمي يستهدف تأهيل الطلاب وفق أحدث نظم التعليم الفني، ومنحهم شهادات معتمدة تؤهلهم للالتحاق بسوق العمل، بما يدعم جهود الدولة في تطوير منظومة التعليم الفني وربطها باحتياجات التنمية الاقتصادية والصناعية.,2026-07-07T09:49:10.502166+00:00,
almasry,tier1,https://www.almasryalyoum.com/news/details/4309211,وزير السياحة: لن يُسمح بتشغيل الشقق الفندقية دون ترخيص خلال عام من الآن | المصري اليوم,أحمد سليم المطيري,2026-07-06 11:38:00+00:00,أكد شريف فتحي، وزير السياحة والآثار، أن الوزارة تستهدف تقنين أوضاع جميع الشقق الفندقية العاملة في السوق، مشددًا على أنه لن يُسمح خلال عام من الآن، لأي شخص بممارسة نشاط الشقق...,المصري اليوم,ar,160,أكد شريف فتحي، وزير السياحة والآثار، أن الوزارة تستهدف تقنين أوضاع جميع الشقق الفندقية العاملة في السوق، مشددًا على أنه لن يُسمح خلال عام من الآن، لأي شخص بممارسة نشاط الشقق الفندقية دون الحصول على ترخيص رسمي والخضوع لإشراف وزارة السياحة والآثار. وأوضح الوزير خلال لقائه الدوري مع الصحفيين، اليوم، أن الدولة لن تفرض أي ضرائب أو رسوم إضافية على أصحاب الشقق الفندقية الراغبين في تقنين أوضاعهم، بهدف تشجيعهم على الانضمام إلى المنظومة الرسمية ورفع جودة الخدمات المقدمة للسائحين. وأشار إلى أن مجلس الوزراء أقر مؤخرًا إجراءات تتيح تحويل الوحدات من الاستخدام السكني إلى الفندقي، مع إعفاء كامل من الرسوم المقررة على هذا التحويل، سواء بالنسبة للأراضي أو المباني والوحدات السكنية الجاهزة، في خطوة تستهدف زيادة الطاقة الفندقية وتشجيع الاستثمار السياحي. وأضاف الوزير أن هذه التيسيرات تأتي ضمن خطة الدولة لدعم قطاع السياحة، وزيادة المعروض من أماكن الإقامة السياحية، بما يواكب النمو المستهدف في أعداد السائحين خلال السنوات المقبلة، مع ضمان خضوع جميع المنشآت العاملة للرقابة والإشراف وفقًا للمعايير المعتمدة.,2026-07-07T09:49:10.278403+00:00,
almasry,tier1,https://www.almasryalyoum.com/news/details/4309804,تحصين 203 آلاف رأس ماشية وطائر ضد 8 أمراض موسمية بحملات ل«بيطرى الإسكندرية» | المصري اليوم,رجب رمضان,2026-07-07 07:47:00+00:00,أعلنت مديرية الطب البيطرى فى الإسكندرية، الانتهاء من تحصين 203 آلاف و81 رأس وطائر ضد الأمراض الموسمية، خلال شهر يونيو 2026 الماضى.وقال الدكتور ماجد يونس، مدير مديرية الطب البيطرى...,المصري اليوم,ar,242,تحصين 203 آلاف رأس ماشية وطائر ضد 8 أمراض موسمية بحملات ل«بيطرى الإسكندرية» خلال يونيو 2026 تحصين 203 آلاف رأس ماشية وطائر ضد 8 أمراض موسمية بحملات ل«بيطرى الإسكندرية» خلال يونيو 2026 أعلنت مديرية الطب البيطرى فى الإسكندرية، الانتهاء من تحصين 203 آلاف و81 رأس وطائر ضد الأمراض الموسمية، خلال شهر يونيو 2026 الماضى. وقال الدكتور ماجد يونس، مدير مديرية الطب البيطرى بالمحافظة، أن الإدارات والوحدات البيطرية الموزعة على مستوى المحافظة قامت بتحصين 202 ألف و81 رأس ماشية، ضد 8 أمراض موسمية خلال شهر يونيو 2026، فضلا عن تحصين 1000 ألف طائر ضد انفلونزا الطيور. وأضاف أنه جرى تحصين 88 ألفا و542 رأس ماشية، (أبقار وجاموس وأغنام وماعز) ضد مرض الحمى القلاعية، و31 ألف و131 رأس ماشية ضد مرض الحمى القلاعية الأحادى سات 1، و61 ألف رأس ماشية (أبقار وجاموس وأغنام) ضد مرض حمى الوادى المتصدع، وتحصين 5445 راس ضد مرض الجلد العقدى، وتحصين 4668 رأس ضد جدرى الأغنام. وأوضح أنه جرى تحصين 8174 رأس ضد مرض التسمم الدموى، و7789 رأس ضد مرض طاعون المجترات، وتحصين 1000 طائر ضد انفلونزا الطيور. يشار إلى أن مديرية الطب البيطرى فى الاسكندرية، تنفذ حملات مختلفة على معظم المناطق التابعة للأحياء، لتحصين المواشى والطيور ضد أمراض الجدرى والحمى القلاعية والحمى القلاعية المتعدد والوادى المتصدع الميت، والتسمم الدموى وإنفلونزا الطيور، وطاعون المجترات، كما أن حملات التحصين فى المنازل والمديرية تأتى فى إطار حماية الثروة الحيوانية والنهوض بها وتوفير التحصينات اللازمة لخلق بيئة غذائية آمنة تساعد على رفع مستوى معيشة المواطنين، وحرصا على الثروة الحيوانية وتنميتها وزيادة إنتاجيتها.,2026-07-07T09:49:11.249342+00:00,
almasry,tier1,https://www.almasryalyoum.com/news/details/4309419,رئيس «القيادة اليمني» يطالب بتحقيق دولى فى هبوط طائرة للحرس الثورى الإيرانى بصنعاء | المصري اليوم,بسام رمضان,2026-07-06 16:50:00+00:00,طالب رئيس مجلس القيادة الرئاسى اليمنى، رشاد العليمى، اليوم الاثنين، بفتح تحقيق دولى مستقل وتشديد العقوبات على جماعة الحوثيين، غداة هبوط طائرة إيرانية فى مطار صنعاء الدولى،...,المصري اليوم,ar,218,رشاد العليمى - صورة أرشيفية رشاد العليمى - صورة أرشيفية طالب رئيس مجلس القيادة الرئاسى اليمنى، رشاد العليمى، اليوم الاثنين، بفتح تحقيق دولى مستقل وتشديد العقوبات على جماعة الحوثيين، غداة هبوط طائرة إيرانية فى مطار صنعاء الدولى، واصفاً الواقعة بأنها «تطور نوعى بالغ الخطورة وخرق سافر للسيادة اليمنية وتحدٍ للنظام الدولي». وأوضح العليمى، خلال لقائه سفراء الدول الراعية للعملية السياسية فى اليمن بالعاصمة السعودية الرياض، أن المعلومات الأولية تؤكد أن الرحلة لم تكن إنسانية؛ إذ حملت خبراء عسكريين وأمنيين إيرانيين متخصصين فى تطوير الصواريخ والطائرات المسيرة، إلى جانب تقنيات إلكترونية وأجهزة اتصالات لمنظومات القيادة والسيطرة، فضلاً عن رصد إغلاق نظام التتبع الخاص بالطائرة بشكل متكرر فوق الأجواء اليمنية. دعا رئيس مجلس القيادة الرئاسى اليمنى، المجتمع الدولى إلى الإنفاذ الصارم لقرارات مجلس الأمن ونظام العقوبات، لا سيما القرار 2216، ومنع استخدام الطيران المدنى والمطارات والموانئ غطاءً لنقل المعدات العسكرية، محذراً من أن تحول الاقتصاد العالمى وأمن الملاحة المائية وخطوط الطاقة إلى «رهينة لحسابات ميليشيات إيران» يشكل تهديداً يتجاوز حدود اليمن. اتهم العليمى جماعة الحوثيين بتوظيف موارد مالية طائلة لشراء وتهريب الأسلحة وتمويل خلايا سرية لتنفيذ اغتيالات بحق قيادات مدنية فى المناطق الواقعة ضمن نفوذ الحكومة المعترف بها دوليًا، بدلاً من توجيهها لدفع رواتب الموظفين المحرومين منها، مجدداً التزام المجلس والحكومة بخيار السلام العادل القائم على المرجعيات الثلاث المتفق عليها، مع التوعد برد حازم على أى تصعيد عسكرى ميدانى بالجبهات.,2026-07-07T09:49:11.267673+00:00,
almasry,tier1,https://www.almasryalyoum.com/news/details/4309296,وزير المالية الأسبق: حرب إيران زادت نسب الفقر فى مصر بنسبة 5% | المصري اليوم,زين دياب,2026-07-06 13:44:00+00:00,قال الدكتور سمير رضوان، وزير المالية الأسبق، إن مصر لديها فرصة ذهبية لتغيير المسار الحالى المتعلق بالشأن الاقتصادى إلى الأفضل، لأن هناك تغيرًا عالميًا حدث مؤخرا وكذلك فى...,المصري اليوم,ar,477,سمير صادق الدكتور سمير رضوان وزير المالية الأسبق سمير صادق الدكتور سمير رضوان وزير المالية الأسبق قال الدكتور سمير رضوان، وزير المالية الأسبق، إن مصر لديها فرصة ذهبية لتغيير المسار الحالى المتعلق بالشأن الاقتصادى إلى الأفضل، لأن هناك تغيرًا عالميًا حدث مؤخرا وكذلك فى الإقليم فالبلدان الوحيدان المستقران هما مصر وتركيا، وتركيا هى بلد غير عربى، لذلك هناك استهداف لهذين البلدين، وهذا الاستهداف ليس من فراغ، لذلك يجب مراجعة السياسات بشكل سريع فى ضوء هذا التطور. وأضاف رضوان ل المصرى اليوم، أنه بعد صرف الدفعة الثامنة من برنامج صندوق النقد الدولى مع مصر، يجب الانتقال لاستراتيجية تنمية وطنية، والانتقال من مرحلة إدارة الأزمات إلى مرحلة تصميم استراتيجية مستدامه للمستقبل، وهذا لا يعنى عدم الاستفادة من الصندوق واستشاراته لأننا عضو أصيل فى الصندوق. ونصح بدراسة مصادر النمو موضحا أن الدولة تحتاج إلى زيادة معدلات النمو والوصول إلى مستويات تبلغ نحو 7%، لذلك يجب دراسة القطاعات المولدة للتشغيل، التى تؤدى سريعا لزيادة النمو ودراسة معوقات هذه القطاعات وإزالتها بشكل عاجل مثل قطاعات السياحة والصناعة والزراعة، موضحًا أن هذه القطاعات إلى جانب قطاع الخدمات فى مصر تعد جاذبة للاستثمارات وقادرة على أن تنعكس سريعًا على الطبقة المتوسطة والفقيرة، لأن الأسرة تنفق مبالغ كبيرة على التعليم والصحة، لافتًا إلى حرب إيران زادت نسب الفقر فى مصر بمعدل نحو 5%، جراء ارتفاع التضخم. وقال، إن البيئة التشريعية تعد من أكبر المعوقات لجذب الاستثمار سواء المحلى أو الأجنبى، موضحًا أنه شارك فى جلسة رفيعة المستوى فى تركيا تناقش تاثير حرب إيران، وقال كان هناك تمثيل كبير من مجموعة الخليج فى الجلسة، ولديهم رغبة كبيرة للاستثمار فى مصر ودائما ما يكون التحدى أمام ضخ الاستثمارات هو البيروقراطية ومعاناتهم من الصعوبات المتعلقه بالإجراءات. وأوضح أن العرب بدأوا فى ضخ استثمارات فى أذون الخزانة المحلية لكن يجب العمل على جذب استثماراتهم المباشرة بشكل أوسع، كما أن الدول الأوربية غيرت نظرتها لمصر، ولديها رغبة صريحة فى ضخ استثمارات، وأن الأمور مهيأه لانطلاقة كبيرة خلال الفترة المقبلة لكن يجب استغلال ما تم تحقيقه بشكل جيد وجاذب للاستثمارات، عبر تيسيرات واضحة، وتحفيز بيئة الاستثمار. وأشار إلى أن الخلاف بين أوروبا وأمريكا والذى دفع إنجلترا مؤخرًا لدراسة عمل استفتاء للعودة إلى عضوية الاتحاد الأوروبى، وانفتاح دول مثل فرنسا وإيطاليا وألمانيا والتى تقود الاتحاد الاوروبى على مصر، يجب استغلاله بشكل جيد موضحا أنه حتى فى استقدام العمالة فإن هذه الدول منفتحة على مصر. ولفت إلى أنه يجب حوكمة الاهتمام بالقطاع العقارى موضحا أن جزء منه مطلوب لاستيعاب الزيادة السكانية، لكن يجب أن لا يستحوذ على الجانب الأكبر من الاستثمارات لأنه لن يؤدى للنمو المطلوب. ويجىء التوجيه الرئاسى تجاوبا مع دعوة خبراء ومفكرين اقتصاديين بارزين، حول أهمية مرحلة ما بعد صندوق النقد الدولى، حيث رأوا أن الانطلاق إلى نموذج جديد للتنمية المستدامة يتطلب عملا أبعد بكثير من تحقيق التوازنات فى الاقتصاد الكلى، التى يركز عليها الصندوق، على ضرورتها، وأهمية ملفات الادخار والتنافسية والتصدير وعدالة الفرص والتكنولوجيا والتنمية البشرية. كما رأوا ضرورة البدء بشكل عاجل فى الإعداد لبرنامج المرحلة المقبلة من 6 محاور تشمل الصناعة وصادراتها، والزراعة وصادراتها، والخدمات الأساسية والتنمية البشرية، والسياحة.,2026-07-07T09:49:11.427432+00:00,
almasry,tier1,https://www.almasryalyoum.com/news/details/4309201,الضرائب: تعديلات «القيمة المضافة» تعزز كفاءة المنظومة وتدعم الصناعة والصحة | المصري اليوم,محسن عبد الرازق,2026-07-06 11:27:00+00:00,قالت رشا عبدالعال، رئيس مصلحة الضرائب، إن موافقة مجلس النواب على مشروع تعديل بعض أحكام قانون الضريبة على القيمة المضافة رقم 67 لسنة 2016، تمثل خطوة مهمة ضمن جهود الدولة المستمرة...,المصري اليوم,ar,342,محمد شكري الجرنوسي رئيس مصلحة الضرائب المصرية محمد شكري الجرنوسي رئيس مصلحة الضرائب المصرية قالت رشا عبدالعال، رئيس مصلحة الضرائب، إن موافقة مجلس النواب على مشروع تعديل بعض أحكام قانون الضريبة على القيمة المضافة رقم 67 لسنة 2016، تمثل خطوة مهمة ضمن جهود الدولة المستمرة لتطوير المنظومة الضريبية وتعزيز كفاءتها. أضافت عبدالعال، فى بيان اليوم، أن هذه التعديلات تأتي تنفيذًا لتوجيهات وزير المالية، باستكمال مسارالتيسيرات الضريبية، بما يحقق التوازن بين تحفيز النشاط الاقتصادي والحفاظ على موارد الدولة، إلى جانب دعم الاستثمار والإنتاج وتبسيط الإجراءات أمام مجتمع الأعمال. أشارت إلى أن التعديلات تتضمن حزمة من الحوافز الداعمة للقطاعين الصناعي والصحي، أبرزها إخضاع الأجهزة والمستلزمات الطبية لضريبة قيمة مضافة بنسبة 5% بدلًا من السعر العام، أسوة بالآلات والمعدات، بما يسهم في تخفيف الأعباء عن القطاع الصحي وتشجيع توطين صناعة الأجهزة الطبية. أضافت رئيس المصلحة أن القانون مدّ فترة تعليق سداد الضريبة على الآلات والمعدات والأجهزة المستخدمة في الإنتاج الصناعي إلى أربع سنوات بدلًا من عامين، مع إعفائها نهائيًا حال استخدامها فعليًا في العملية الإنتاجية، وهو ما يعزز جذب الاستثمارات الصناعية ويدعم التوسع في خطوط الإنتاج وزيادة تنافسية المنتج المحلي. وفيما يتعلق بحقوق الممولين، لفتت إلى تقليص مدة رد الرصيد الدائن لتصبح بعد مرورأربع فترات ضريبية متتالية بدلًا من ست، مع منح ميزة إضافية للمشروعات الخاضعة لقانون الحوافزوالتيسيرات الضريبية رقم 6 لسنة 2025، حيث يتم رد الرصيد خلال ثلاثة أشهر فقط، بما يسهم في تحسين السيولة النقدية ودعم نمو المشروعات الصغيرة. كما تضمنت التعديلات عدم خضوع الخدمات المقدمة على السلع العابرة (الترانزيت) للضريبة، في خطوة تستهدف تعزيز حركة التجارة الدولية ودعم توجه الدولة لتحويل مصر إلى مركز لوجستي إقليمي. أشارت رشا عبد العال إلى إعفاء مدخلات تصنيع أجهزة الغسيل الكلوي، وكذلك مكونات الأجهزة التعويضية التي تُزرع أو تُستخدم داخل جسم الإنسان، إلى جانب توحيد المعاملة الضريبية للخدمات المالية المقدمة من البنوك والهيئة القومية للبريد والجهات الخاضعة لرقابة البنك المركزي والهيئة العامة للرقابة المالية، بما يحقق مزيدًا من العدالة والحياد الضريبي. شددت على أن هذه التعديلات تعكس استمرارالدولة في تبني سياسات ضريبية أكثرمرونة، تستجيب لاحتياجات المستثمرين، وتدعم الصناعة، وتسهم في دفع معدلات النمو الاقتصادي وزيادة الإنتاج والتشغيل، في إطار بناء نظام ضريبي حديث وعادل ومحفز للتنمية.,2026-07-07T09:49:12.393595+00:00,
almasry,tier1,https://www.almasryalyoum.com/news/details/4309228,السيسى يوجه بتسريع توطين صناعة السيارات وتنفيذ الاستراتيجية الصناعية الوطنية | المصري اليوم,إيمان مبروك,2026-07-06 11:54:00+00:00,اجتمع الرئيس عبد الفتاح السيسى، اليوم، مع الدكتور مصطفى مدبولى، رئيس مجلس الوزراء، والمُهندس خالد هاشم، وزير الصناعة.وصرح المُتحدث الرسمى باِسم رئاسة الجمهورية، بأن...,المصري اليوم,ar,518,اجتمع الرئيس عبد الفتاح السيسى، اليوم، مع الدكتور مصطفى مدبولى، رئيس مجلس الوزراء، والمُهندس خالد هاشم، وزير الصناعة. وصرح المُتحدث الرسمى باِسم رئاسة الجمهورية، بأن الاجتماع شَهِدَ استعراضاً للموقف التنفيذى للاستراتيجية الصناعية الوطنية 2026– 2030، إذ أشار المُهندس خالد هاشم، إلى أن رؤية وزارة الصناعة لعام 2030 تستهدف زيادة الصادرات غير البترولية إلى 100 مليار دولار، من خلال بناء استراتيجية صناعية شاملة، تم إعدادها بالشراكة مع القطاع الخاص، وتشمل برامج عملها الخريطة الصناعية، والقرية المُنتجة، والمصانع المُتعثرة، والتشريعات واللوائح، والتطوير المُؤسسى لوزارة الصناعة، وتطوير المُوردين، وتنمية الصناعات الصغيرة والمتوسطة. ولفت الوزير إلى أن الاستراتيجية حددت سبع صناعات ذات أولوية تشمل الملابس الجاهزة، المنسوجات، الصناعات الغذائية، الصناعات الدوائية، صناعة السيارات، وصناعة المعدات الكهربائية والهندسية والإلكترونيات. ووجه الرئيس بأهمية ربط تنفيذ كل برنامج تستهدفه الاستراتيجية بتوقيتات زمنية، مُؤكداً ضرورة العمل على تعزيز اندماج مصر فى سلاسل الإنتاج العالمية، بما يُدعم تحولها إلى مركز صناعى إقليمى قادر على النفاذ إلى الأسواق الدولية. وأضاف السفير محمد الشناوى، المُتحدث الرسمى، أن وزير الصناعة، استعرض خلال الاجتماع خطط التوسع وتعميق التصنيع المحلى ونقل التكنولوجيا الخاصة بصناعة السيارات، مُشيراً إلى أن صناعة السيارات تأتى فى مُقدمة الصناعات ذات الأولوية ضمن الاستراتيجية الصناعية الوطنية، لما تتمتع به من قدرة كبيرة على جذب الاستثمارات ونقل التكنولوجيا، مُؤكداً أن الدولة تمضى فى تنفيذ سياسات داعمة لتحويل مصر إلى مركز إقليمى لصناعة السيارات. ونوه الوزير، بالبرنامج الوطنى لتنمية صناعة السيارات باِعتباره يُمثل ركيزة أساسية لجذب كبريات العلامات التجارية العالمية. وفى هذا السياق، أكد الرئيس ضرورة العمل الحثيث نحو توطين صناعة السيارات ومُكوناتها، بما يُسهم فى بناء قاعدة صناعية قوية وقادرة على المُنافسة إقليمياً ودولياً، مُشدداً على أهمية التوسع كذلك فى إنتاج المركبات الكهربائية بما يُدعم توجه الدولة نحو الاقتصاد الأخضر. وذكر المُتحدث الرسمى، أن الرئيس تابع الموقف التنفيذى لخارطة طريق تعميق وتوطين صناعة الصلب، بما فى ذلك خطة الوزارة للتغلب على التحديات التى تُواجه تلك الصناعة، مؤكداً أهمية التوسع فى توطين الصناعات المُغذية للصناعات الثقيلة، باِعتبارها أحد المحاور الرئيسية لدعم سلاسل الإمداد المحلية، وتقليل الاعتماد على الواردات، بما يُعزز القيمة المُضافة للاقتصاد الوطنى. وأوضح المُتحدث الرسمى، أنه جرى استعراض الإجراءات والموقف التنفيذى للمشروعات والمناطق الصناعية، والتى تُشكل ركيزة أساسية لتعزيز الإنتاج الصناعى والنهوض به، حيث أوضح وزير الصناعة أنه تم تحديث إجراءات إقامة المشروعات الصناعية، والتوسع فى الطاقة المتجددة بالقطاع الصناعى لتعزيز تنافسية الصناعة الوطنية، مُشيراً إلى أنه يتم العمل حالياً على تنفيذ مبادرة شمس الصناعة التى تستهدف تركيب محطات طاقة شمسية على أسطح نحو 7000 مصنع بمختلف المحافظات. وأشار المُتحدث الرسمى، إلى أن وزير الصناعة استعرض، خلال الاجتماع كذلك، ما يتعلق بالمبادرة المصرية للتكامل الصناعى الإفريقى، مُشيراً إلى أنها تتماشى مع أجندة أفريقيا 2063، وتعمل على تعزيز التكامل الاقتصادى بين الدول الأفريقية. وأكد الرئيس، فى هذا السياق، أهمية الاستفادة من الفرص المُتاحة فى الأسواق الإفريقية وتعزيز الشراكات الاستراتيجية، فضلاً عن العمل على تحقيق التكامل الصناعى الإقليمى مع الدول الإفريقية، باِعتباره أحد المُحركات الرئيسية لزيادة التجارة البينية وتعظيم القيمة المُضافة للموارد الإفريقية. وفى نهاية الاجتماع، شدد الرئيس على ضرورة التنفيذ الكامل للخطط والمستهدفات، والالتزام بالأطر الزمنية ذات الصلة بالتنفيذ، وأهمية تطبيق الرقمنة، والسعى الحثيث لانخراط القطاع الخاص بشكل واسع فى عملية التصنيع بمصر، والعمل بجدية وبشكل فورى لتذليل أى عقبات تواجه المستثمرين فى المجال الصناعى، مؤكدا على أهمية الاهتمام بالتدريب المهنى واتخاذ كل ما يلزم من إجراءات لتشجيع الصناعات.,2026-07-07T09:49:12.111696+00:00,
almasry,tier1,https://www.almasryalyoum.com/news/details/4309655,الرئيس يوجه بتسريع تنفيذ الاستراتيجية الصناعية الوطنية «2026- 2030» | المصري اليوم,إيمان مبروك,2026-07-06 23:37:00+00:00,وجه الرئيس عبد الفتاح السيسى بأهمية ربط تنفيذ كل برنامج تستهدفه الاستراتيجية الصناعية الوطنية «2026– 2030»، بتوقيتات زمنية، مُؤكدا ضرورة العمل على تعزيز اندماج مصر فى سلاسل...,المصري اليوم,ar,514,وجه الرئيس عبد الفتاح السيسى بأهمية ربط تنفيذ كل برنامج تستهدفه الاستراتيجية الصناعية الوطنية «2026– 2030»، بتوقيتات زمنية، مُؤكدا ضرورة العمل على تعزيز اندماج مصر فى سلاسل الإنتاج العالمية، بما يُدعم تحولها إلى مركز صناعى إقليمى قادر على النفاذ للأسواق الدولية. واستعرض الرئيس السيسى، خلال اجتماعه مع الدكتور مصطفى مدبولى، رئيس مجلس الوزراء، والمُهندس خالد هاشم، وزير الصناعة، أمس، الموقف التنفيذى للاستراتيجية. وخلال اللقاء، أشار المُهندس خالد هاشم، إلى أن رؤية وزارة الصناعة لعام 2030 تستهدف زيادة الصادرات غير البترولية إلى 100 مليار دولار، من خلال بناء استراتيجية صناعية شاملة، تم إعدادها بالشراكة مع القطاع الخاص، وتشمل برامج عملها: الخريطة الصناعية، والقرية المُنتجة، والمصانع المُتعثرة، والتشريعات واللوائح، والتطوير المُؤسسى لوزارة الصناعة، وتطوير المُوردين، وتنمية الصناعات الصغيرة والمتوسطة. وأضاف أن الاستراتيجية حددت 7 صناعات ذات أولوية تشمل الملابس الجاهزة، المنسوجات، الصناعات الغذائية، الصناعات الدوائية، صناعة السيارات، وصناعة المعدات الكهربائية والهندسية والإلكترونيات. وقال السفير محمد الشناوى، المُتحدث الرسمى لرئاسة الجمهورية، إن وزير الصناعة استعرض، خلال الاجتماع، خطط التوسع وتعميق التصنيع المحلى ونقل التكنولوجيا الخاصة بصناعة السيارات، مُشيراً إلى أن صناعة السيارات تأتى فى مُقدمة الصناعات ذات الأولوية ضمن الاستراتيجية الصناعية الوطنية، لما تتمتع به من قدرة كبيرة على جذب الاستثمارات ونقل التكنولوجيا. وأوضح الوزير أن الدولة تمضى فى تنفيذ سياسات داعمة لتحويل مصر إلى مركز إقليمى لصناعة السيارات، مشيرا إلى البرنامج الوطنى لتنمية صناعة السيارات باِعتباره يُمثل ركيزة أساسية لجذب كبريات العلامات التجارية العالمية. وفى هذا السياق، أكد الرئيس ضرورة العمل الحثيث نحو توطين صناعة السيارات ومُكوناتها، بما يُسهم فى بناء قاعدة صناعية قوية وقادرة على المُنافسة إقليمياً ودولياً، مُشدداً على أهمية التوسع كذلك فى إنتاج المركبات الكهربائية، بما يُدعم توجه الدولة نحو الاقتصاد الأخضر. وذكر المُتحدث الرسمى أن الرئيس تابع الموقف التنفيذى لخارطة طريق تعميق وتوطين صناعة الصلب؛ بما فى ذلك خطة الوزارة للتغلب على التحديات التى تُواجه تلك الصناعة. وشدد الرئيس على أهمية التوسع فى توطين الصناعات المُغذية للصناعات الثقيلة، باِعتبارها أحد المحاور الرئيسية لدعم سلاسل الإمداد المحلية، وتقليل الاعتماد على الواردات، بما يُعزز القيمة المُضافة للاقتصاد الوطنى. وأوضح المُتحدث الرسمى أنه تم خلال الاجتماع استعراض الإجراءات والموقف التنفيذى للمشروعات والمناطق الصناعية، والتى تُشكل ركيزة أساسية لتعزيز الإنتاج الصناعى والنهوض به، حيث أوضح وزير الصناعة أنه تم تحديث إجراءات إقامة المشروعات الصناعية؛ وكذا التوسع فى الطاقة المتجددة بالقطاع الصناعى لتعزيز تنافسية الصناعة الوطنية، مُشيراً إلى أنه يتم العمل حالياً على تنفيذ مبادرة شمس الصناعة التى تستهدف تركيب محطات طاقة شمسية على أسطح نحو 7000 مصنع بمختلف المحافظات. ونوه المتحدث بأن وزير الصناعة استعرض، خلال الاجتماع كذلك، ما يتعلق بالمبادرة المصرية للتكامل الصناعى الأفريقى، مُشيراً إلى أنها تتماشى مع أجندة أفريقيا 2063، وتعمل على تعزيز التكامل الاقتصادى بين الدول الأفريقية. وأكد الرئيس، فى هذا السياق، أهمية الاستفادة من الفرص المُتاحة فى الأسواق الأفريقية وتعزيز الشراكات الاستراتيجية، فضلاً عن العمل على تحقيق التكامل الصناعى الإقليمى مع الدول الأفريقية، باعتباره أحد المُحركات الرئيسية لزيادة التجارة البينية وتعظيم القيمة المُضافة للموارد الأفريقية. وفى نهاية الاجتماع، شدد الرئيس على ضرورة التنفيذ الكامل للخطط والمستهدفات، والالتزام بالأطر الزمنية ذات الصلة بالتنفيذ، وأهمية تطبيق الرقمنة، والسعى الحثيث لانخراط القطاع الخاص بشكل واسع فى عملية التصنيع بمصر، والعمل بجدية وبشكل فورى لتذليل أى عقبات تواجه المستثمرين فى المجال الصناعى، مؤكدا أهمية الاهتمام بالتدريب المهنى واتخاذ كل ما يلزم من إجراءات لتشجيع الصناعات.,2026-07-07T09:49:12.842271+00:00,
almasry,tier1,https://www.almasryalyoum.com/news/details/4309319,سفينة على متنها ونش عملاق تصل ميناء السخنة لدعم تشغيل محطة البضائع والصب الجاف | المصري اليوم,أمل عباس,2026-07-06 14:09:00+00:00,أعلنت الهيئة العامة للمنطقة الاقتصادية لقناة السويس، عن استقبال ميناء السخنة السفينة CHIPOLBROK SUN، وعلى متنها ونش عملاق من طراز Terex-Gottwald بقدرة رفع تبلغ 150 طنًا، والمخصص لتشغيل...,المصري اليوم,ar,425,ميناء السخنة يستقبل السفينة CHIPOLBROK SUN وعلى متنها ونش عملاق بقدرة رفع 150 طنا لدعم تشغيل محطة البضائع العامة والصب الجاف ميناء السخنة يستقبل السفينة CHIPOLBROK SUN وعلى متنها ونش عملاق بقدرة رفع 150 طنا لدعم تشغيل محطة البضائع العامة والصب الجاف أعلنت الهيئة العامة للمنطقة الاقتصادية لقناة السويس، عن استقبال ميناء السخنة السفينة CHIPOLBROK SUN، وعلى متنها ونش عملاق من طراز Terex-Gottwald بقدرة رفع تبلغ 150 طنًا، والمخصص لتشغيل محطة البضائع العامة والصب الجاف التابعة لشركة ترانس كارجو إنترناشيونال، وذلك فى إطار جهود الهيئة المتواصلة لتطوير ميناء السخنة وتعزيز مكانته كميناء محورى رئيسى بمنطقة البحر الأحمر. وأوضحت الهيئة، فى بيانها الصادر اليوم، أن شركة ترانس كارجو إنترناشيونال تُعد أحد المشغلين الجدد بميناء السخنة، حيث تضم المحطة الواقعة بالحوض السادس رصيفًا بحريًا بطول 676 مترًا طوليًا، إلى جانب ساحة خلفية على مساحة تقارب 70 ألف متر مربع، وتمثل هذه المحطة المرحلة الأولى من نشاط الشركة بالميناء، على أن يكتمل التشغيل الكامل للمحطة بنهاية عام 2027 بإجمالى مساحة تبلغ 335 ألف متر مربع، بما يعزز القدرات التشغيلية للميناء ويزيد من جاهزيته لاستقبال وتداول مختلف أنواع البضائع. ويمثل وصول الونش خطوة عملية فى استكمال الإجراءات التنفيذية والتعاقدية التى تقودها الهيئة العامة للمنطقة الاقتصادية لقناة السويس بالتعاون مع شركائها من المستثمرين والمشغلين، ومن المنتظر أن يستقبل الميناء والمحطة خلال الشهر الجارى 3 أوناش أخرى بقدرة رفع 150 طنًا لكل منها، فى إطار خطة متكاملة تستهدف تعظيم الاستفادة من البنية التحتية الحديثة التى يشهدها ميناء السخنة، وجذب المزيد من الاستثمارات النوعية فى الأنشطة اللوجستية والمينائية. ويأتى وصول المعدات الجديدة فى إطار استراتيجية الهيئة لتطوير ميناء السخنة ورفع كفاءته التشغيلية، بما يسهم فى زيادة الطاقة الاستيعابية للميناء، وتنويع الخدمات المقدمة وتعزيز تنافسيته على المستويين الإقليمى والدولى، دعمًا لرؤية المنطقة الاقتصادية لقناة السويس فى تأكيد مكانتها كمركز صناعى ولوجستى عالمى متكامل. كما تأتى هذه الجهود بالتعاون الوثيق مع وزارة النقل ووزارة المالية ومصلحة الجمارك المصرية فى تيسير الإجراءات الخاصة بوصول وتركيب وتشغيل هذا النوع من المعدات، بما يسهم فى تسريع وتيرة التنفيذ وتعزيز كفاءة جاهزية المحطة. ميناء السخنة يستقبل السفينة CHIPOLBROK SUN وعلى متنها ونش عملاق بقدرة رفع 150 طنا لدعم تشغيل محطة البضائع العامة والصب الجاف ميناء السخنة يستقبل السفينة CHIPOLBROK SUN وعلى متنها ونش عملاق بقدرة رفع 150 طنا لدعم تشغيل محطة البضائع العامة والصب الجاف ميناء السخنة يستقبل السفينة CHIPOLBROK SUN وعلى متنها ونش عملاق بقدرة رفع 150 طنا لدعم تشغيل محطة البضائع العامة والصب الجاف ميناء السخنة يستقبل السفينة CHIPOLBROK SUN وعلى متنها ونش عملاق بقدرة رفع 150 طنا لدعم تشغيل محطة البضائع العامة والصب الجاف ميناء السخنة يستقبل السفينة CHIPOLBROK SUN وعلى متنها ونش عملاق بقدرة رفع 150 طنا لدعم تشغيل محطة البضائع العامة والصب الجاف,2026-07-07T09:49:13.048079+00:00,
almasry,tier1,https://www.almasryalyoum.com/news/details/4309616,رئيس شعبة المستوردين: الدولار يتحكم فى 70% من تسعير السلع المستوردة | المصري اليوم,عمر علاء,2026-07-06 22:43:00+00:00,أكد متى بشاى، رئيس شعبة المستوردين، أن الدولار يتكفل بنسبة لا تقل عن 70% من تسعير المنتجات التي يتم استيرادها من الخارج، مشيرا إلى أن الإجراءات التي ساعدت على هدوء الأوضاع،...,المصري اليوم,ar,94,أكد متى بشاى، رئيس شعبة المستوردين، أن الدولار يتكفل بنسبة لا تقل عن 70% من تسعير المنتجات التي يتم استيرادها من الخارج، مشيرا إلى أن الإجراءات التي ساعدت على هدوء الأوضاع، وانخفاض سعر الدولار الذي تجاوز 49 جنيهًا. وقال متى بشاي، خلال مداخلة هاتفية لبرنامج «الحكاية»، عبر فضائية «إم بى سى مصر»، أن اختلاف أسعار سعر الصرف يربك المستوردين، خاصة وأن البعض يلجأ لوضع تسعير مختلف، وهذا يؤدى فل بعض الأحيان إلى حدوث ركود فى الأسواق. وتابع أن من مصلحة المستورد خفض الأسعار حتى تتم عملية البيع، مؤكدا أن السوق المصري كبير ويقبل المنافسة.,2026-07-07T09:49:13.177925+00:00,
almasry,tier1,https://www.almasryalyoum.com/news/details/4309240,مصر وفرنسا توقعان إعلان نوايا للتعاون فى مجال الهجرة | المصري اليوم,"جمعة حمد الله, يوسف العومي",2026-07-06 12:08:00+00:00,شهد الدكتور بدر عبد العاطى وزير الخارجية والتعاون الدولى والمصريين بالخارج، اليوم الإثنين، مراسم التوقيع على إعلان النوايا بشأن التعاون الثنائى فى مجال الهجرة بين مصر...,المصري اليوم,ar,265,توقيع إعلان النوايا للتعاون فى مجال الهجرة بين مصر وفرنسا توقيع إعلان النوايا للتعاون فى مجال الهجرة بين مصر وفرنسا شهد الدكتور بدر عبد العاطى وزير الخارجية والتعاون الدولى والمصريين بالخارج، اليوم الإثنين، مراسم التوقيع على إعلان النوايا بشأن التعاون الثنائى فى مجال الهجرة بين مصر وفرنسا، وذلك فى إطار تعزيز الشراكة الاستراتيجية بين البلدين. والقى وزير الخارجية كلمة خلال مراسم التوقيع، أكد فيها أن توقيع إعلان النوايا يمثل محطة مهمة فى مسار التعاون بين مصر وفرنسا فى التعامل مع ظاهرة الهجرة غير الشرعية، ويجسد خطوة جديدة نحو تفعيل الشراكة الاستراتيجية التى تم إطلاقها فى أبريل 2025 خلال الزيارة التى أجراها الرئيس الفرنسى إيمانويل ماكرون إلى مصر، مشيراً إلى أن إعلان النوايا يفتح آفاقاً جديدة للتعاون بين البلدين من خلال تبنى مقاربة شاملة ومتوازنة لقضية الهجرة، لا تقتصر على إدارة الحدود أو إعادة المهاجرين غير النظاميين، بل تمتد لمعالجة الأسباب الجذرية التى تدفع إلى الهجرة، وعلى رأسها التحديات الاقتصادية والاجتماعية. كما ثمن وزير الخارجية التزام الجانب الفرنسى بتعزيز التعاون فى مجال التعليم العالى والتدريب المهنى وتنمية المهارات وتوفير فرص العمل، مؤكداً أن هذه الجهود تسهم فى الحد من دوافع الهجرة غير الشرعية وتعزز مسارات التنمية المستدامة، مستعرضاً الأعباء التى تتحملها مصر، فى ظل استضافتها لأعداد كبيرة من اللاجئين وطالبى اللجوء، وهو ما يفرض ضغوطاً على الموارد الوطنية والخدمات العامة، مشدداً على أهمية تعزيز التضامن الدولى وتقاسم الأعباء بصورة عادلة. كما أشار وزير الخارجية إلى نجاح المقاربة الوطنية الشاملة التى تنتهجها مصر فى مكافحة الهجرة غير الشرعية وتهريب المهاجرين، والتى أسفرت عن منع انطلاق أى مراكب هجرة غير شرعية من السواحل المصرية إلى أوروبا خلال السنوات الماضية، بما يعكس التزام مصر بحماية حدودها وتعزيز الاستقرار الإقليمى.,2026-07-07T09:49:13.901632+00:00,
almasry,tier1,https://www.almasryalyoum.com/news/details/4309831,«صحة الإسكندرية» تعلن خطة القوافل الطبية المجانية لشهر يوليو | المصري اليوم,رجب رمضان,2026-07-07 08:17:00+00:00,أعلنت مديرية الشؤون الصحية بالإسكندرية، برئاسة الدكتور محمد يحيى بدران، وكيل وزارة الصحة بالإسكندرية، بالتعاون مع الجهات المعنية، خطة القوافل الطبية المجانية لشهر يوليو...,المصري اليوم,ar,146,«صحة الإسكندرية» تعلن خطة القوافل الطبية المجانية لشهر يوليو «صحة الإسكندرية» تعلن خطة القوافل الطبية المجانية لشهر يوليو أعلنت مديرية الشؤون الصحية بالإسكندرية، برئاسة الدكتور محمد يحيى بدران، وكيل وزارة الصحة بالإسكندرية، بالتعاون مع الجهات المعنية، خطة القوافل الطبية المجانية لشهر يوليو الجارى. وشملت الخطة تسيير القوافل للشهر الجارى وفقًا للمواعيد والأماكن التالية: يومى 8و9 يوليو: وحدة الهوارية نطاق حى العامرية. 13 و14 يوليو: وحدة الهانوفيل – نطاق حى العجمى. 15 و16 يوليو: وحدة البيطاش – نطاق حى العجمى. 20 و21 يوليو: وحدة عبدالقادر – نطاق حى العامرية. 27 و28 يوليو: وحدة بنجر 19 – نطاق مركز ومدينة برج العرب. 29 و30 يوليو: وحدة بنجر 20 – نطاق مركز ومدينة برج العرب. وذكرت المديرية أنه تأتى هذه الجهود ضمن خطة الدولة لتسهيل حصول المواطنين على الخدمات الطبية المجانية، خاصة فى المناطق الأكثر احتياجًا، بما يسهم فى تحقيق العدالة الصحية وضمان وصول الرعاية الطبية إلى جميع الفئات.,2026-07-07T09:49:14.152060+00:00,
almasry,tier1,https://www.almasryalyoum.com/news/details/4309474,أكبر شركة شحن بالعالم تعلن استئناف عبور سفنها لقناة السويس | المصري اليوم,بسام رمضان,2026-07-06 18:21:00+00:00,أعلنت شركة «ميرسك» الدنماركية، أكبر شركات النقل البحرى فى العالم، الاثنين، استئناف عبور سفنها لقناة السويس.وقالت ميرسك فى بيان «تعلن ميرسك وهاباغ-لويد عن تغيير هيكلى فى إحدى...,المصري اليوم,ar,76,آخرون شركة ميرسك - صورة أرشيفية آخرون شركة ميرسك - صورة أرشيفية أعلنت شركة «ميرسك» الدنماركية، أكبر شركات النقل البحرى فى العالم، الاثنين، استئناف عبور سفنها لقناة السويس. وقالت ميرسك فى بيان «تعلن ميرسك وهاباغ-لويد عن تغيير هيكلى فى إحدى خدمات +جيميني+، أى خدمة إيه-إي15، بحيث ستسلك الآن مسار قناة السويس بدلا من الالتفاف حول رأس الرجاء الصالح». و«جيميني» هو اسم التعاون بين «ميرسك» وشركة الشحن الألمانية «هاباغ-لويد». وتربط خدمة «إيه-إي15» آسيا والبحر الأبيض المتوسط وأوروبا.,2026-07-07T09:49:14.476316+00:00,
akhbarelyom,tier2,https://m.akhbarelyom.com/news/newdetails/4846207/1/%D8%A7%D9%84%D9%87%D9%8A%D8%A6%D8%A9-%D8%A7%D9%84%D8%B9%D8%A7%D9%85%D8%A9-%D9%84%D9%84%D8%A7%D8%B3%D8%AA%D8%AB%D9%85%D8%A7%D8%B1,مصر تعزز حضورها الاستثماري في أوروبا عبر ملتقى الأعمال البلجيكي,akhbarelyom,2026-07-07 05:15:00+00:00,بوابة أخبار اليوم الإلكترونية,بوابة اخبار اليوم,,646,"شارك الدكتور محمد عوض، الرئيس التنفيذي للهيئة العامة للاستثمار والمناطق الحرة، عبر تقنية الاتصال المرئي، في فعاليات ملتقى الأعمال المصري البلجيكي Business Connect Belgium–Egypt 2026، الذي عُقد بمقر وكالة Brussels Hub بالعاصمة البلجيكية بروكسل، ضمن برنامج زيارة وفد جمعية الأعمال المصرية البلجيكية إلى بلجيكا، والذي نُظم بالتنسيق بين مكتب التمثيل التجاري المصري في بروكسل، ووكالة Brussels Hub، والغرفة العربية البلجيكية اللوكسمبورجية (ABLCC). جاء ذلك في إطار تنفيذ استراتيجية وزارة الاستثمار والتجارة الخارجية لتعزيز الترويج لمصر كوجهة جاذبة للاستثمار، وتنفيذًا لتوجيهات الدكتور محمد فريد، وزير الاستثمار والتجارة الخارجية، بتكثيف التواصل مع مجتمع الأعمال الدولي واستعراض الفرص الاستثمارية المتاحة. اقرا ايضا | البرلمان الإيراني: لن نعترف بإسرائيل ولا سلام مع أمريكا وشهد الملتقى مشاركة رؤساء ومديري وممثلي نحو 60 شركة ومؤسسة بلجيكية، من بينها BESIX، ووكالة ائتمان الصادرات البلجيكية Credendo، وشركات Belgium Gadot، وDSV Contract Logistics، وLogwin Air Ocean Belgium، إلى جانب عدد كبير من الشركات العاملة في مجالات التشييد والهندسة، والتصنيع، والطاقة، والخدمات اللوجستية، وسلاسل الإمداد، والتكنولوجيا، والاستثمار والخدمات المهنية، وذلك لاستعراض مقومات الاقتصاد المصري، ومزايا بيئة الاستثمار، والفرص الاستثمارية المتاحة، وبحث آفاق تعزيز التعاون التجاري والاستثماري بين البلدين. وأكد الدكتور محمد عوض أن العلاقات الاقتصادية والتجارية بين مصر وبلجيكا تشهد فرصًا واعدة لمزيد من التعاون، في ضوء ما تمتلكه مصر من سوق محلية كبيرة، وقاعدة إنتاجية متنوعة، وموقع جغرافي استراتيجي يربط بين أفريقيا وآسيا وأوروبا، بما يعزز مكانتها كمركز إقليمي للتصنيع والخدمات اللوجستية والتصدير. وأوضح أن الاقتصاد المصري يواصل تعزيز مكانته كإحدى الوجهات الاستثمارية الرئيسية في المنطقة، مدعومًا ببرامج الإصلاح الاقتصادي، وتطوير البنية التحتية، وتنوع القطاعات الإنتاجية والخدمية، بما يوفر فرصًا واسعة للمستثمرين في مجالات الصناعة، والطاقة، والخدمات اللوجستية، والزراعة، والاتصالات، والتكنولوجيا، والخدمات. وأشار الرئيس التنفيذي للهيئة إلى أن مصر حققت تقدمًا ملحوظًا في مؤشرات جذب الاستثمار الأجنبي المباشر، حيث احتلت المركز الأول على مستوى القارة الإفريقية كوجهة للاستثمار الأجنبي المباشر، وفقًا لتقارير مؤتمر الأمم المتحدة للتجارة والتنمية ""الأونكتاد""، كما جاءت في المركز الثاني عربيًا من حيث تدفقات الاستثمار الأجنبي المباشر خلال عام 2024. وأضاف أن الموقع الجغرافي الفريد لمصر، إلى جانب شبكة الموانئ والمطارات، وقناة السويس، يمنح المستثمرين فرصة للوصول إلى أسواق واسعة في أفريقيا والشرق الأوسط وأوروبا، خاصة في ظل ارتباط مصر بشبكة واسعة من اتفاقيات التجارة الحرة والتفضيلية، بما يجعلها منصة إقليمية للتصنيع والتصدير، وليس مجرد سوق محلية. وأكد الدكتور محمد عوض أن مصر تمثل شريكًا موثوقًا للمستثمرين في ظل المتغيرات الاقتصادية والجيوسياسية العالمية، مستندة إلى موقعها الاستراتيجي، وقاعدتها الصناعية المتنامية، وشبكة اتفاقياتها التجارية، فضلًا عن الشراكة الاستراتيجية والشاملة بين مصر والاتحاد الأوروبي، والتي تفتح آفاقًا أوسع للتعاون في مجالات الاستثمار، والتصنيع، والطاقة، والاستدامة، والرقمنة، وسلاسل القيمة. وأكد الرئيس التنفيذي للهيئة أن الهيئة العامة للاستثمار والمناطق الحرة تتبنى نهجًا استباقيًا في دعم المستثمرين، من خلال مرافقتهم في مختلف مراحل رحلتهم الاستثمارية، وتيسير الإجراءات، وتقديم خدمات متكاملة عبر منظومة الشباك الواحد، فضلًا عن التوسع في التحول الرقمي للخدمات الاستثمارية، بما يسهم في تحسين بيئة الأعمال وتعزيز تنافسية الاقتصاد المصري. واستعرض الدكتور محمد عوض عددًا من القطاعات ذات الأولوية للتعاون بين مصر وبلجيكا، وفي مقدمتها الطاقة الخضراء، والبنية التحتية، والخدمات اللوجستية والموانئ، والصناعات المتقدمة، والصناعات الدوائية والطبية، والزراعة المستدامة، وتكنولوجيا إدارة المياه، إلى جانب الخدمات الرقمية، والرعاية الصحية، والاقتصاد الدائري، وإدارة المخلفات، باعتبارها من المجالات الواعدة التي تحظى باهتمام متزايد من المستثمرين في البلدين. وأشار إلى أن الهيئة تتيح للمستثمرين التعرف على الفرص المتاحة من خلال خريطة الاستثمار الرقمية، التي تضم أكثر من 1300 فرصة استثمارية جاهزة في مختلف القطاعات والمحافظات، بما يساعد المستثمرين على اختيار المواقع والأنشطة الأكثر ملاءمة لخططهم الاستثمارية. كما استعرض الرئيس التنفيذي للهيئة مؤشرات العلاقات الاقتصادية بين مصر وبلجيكا، مؤكدًا أنها تمثل قاعدة قوية للبناء عليها خلال المرحلة المقبلة، بما يسهم في زيادة الاستثمارات البلجيكية، وتعزيز الصادرات المصرية، وتوسيع التعاون في القطاعات ذات الأولوية، بما يخدم المصالح الاقتصادية المشتركة للبلدين. واختتم الدكتور محمد عوض كلمته بالتأكيد على استعداد الهيئة العامة للاستثمار والمناطق الحرة لتنظيم لقاءات افتراضية وقطاعية متخصصة مع الشركات البلجيكية، وتحويل المناقشات التي شهدها ملتقى الأعمال إلى شراكات ومشروعات استثمارية ملموسة، بما يدعم توسع الاستثمارات البلجيكية في مصر، ويعزز مكانة السوق المصرية كوجهة جاذبة للاستثمار ومركز إقليمي للأعمال والإنتاج والتصدير.",2026-07-07T09:49:16.270950+00:00,
akhbarelyom,tier2,https://m.akhbarelyom.com/news/newdetails/4846211/1/%D8%B3%D8%B9%D8%B1-%D8%A7%D9%84%D8%AF%D9%88%D9%84%D8%A7%D8%B1-%D8%A7%D9%84%D8%A3%D9%85%D8%B1%D9%8A%D9%83%D9%8A-%D8%A3%D9%85%D8%A7%D9%85-%D8%A7%D9%84%D8%AC%D9%86%D9%8A%D9%87-%D8%A7%D9%84%D9%85%D8%B5%D8%B1%D9%8A,استقرار سعر الدولار الأمريكي أمام الجنيه المصري بداية تعاملات اليوم 6 يوليو 2026,akhbarelyom,2026-07-06 12:18:32+00:00,بوابة أخبار اليوم الإلكترونية,بوابة اخبار اليوم,,129,استقرار سعر الدولار الأمريكي أمام الجنيه المصري بداية تعاملات اليوم 6 يوليو 2026 استقرار سعر الدولار الأمريكي أمام سعر الجنيه المصري خلال بداية تعاملات اليوم. 6 يوليو 2026 في البنوك المصرية، وجاءت أسعار الصرف الدولار في اليوم كالتالي:- البنك الأهلي المصري الدولار الأمريكي للشراء 48.92 جنيه. الدولار الامريكي اليوم للبيع 49.02 جنيه. بنك مصر سعر الدولار الأمريكي اليوم للشراء48.92 جنيه. سعر الدولار الأمريكي اليوم للبيع.49.02 جنيه. بنك القاهرة سعر الدولار الأمريكي اليوم للشراء 48.92 جنيه سعر الدولار الأمريكي اليوم للبيع 49.02 جنيه. البنك التجاري الدولي _ مصر سعر الدولار الأمريكي اليوم للشراء48.92 جنيه. سعر الدولار الأمريكي اليوم للبيع.49.02 جنيه. البنك المركزي المصري سعر الدولار الأمريكي اليوم للشراء 48.86 جنيه. سعر الدولار الأمريكي اليوم للبيع 49.00 جنيه. اقرأ أيضا| سعر الدولار الأمريكي أمام الجنيه خلال تعاملات اليوم 3 يوليو 2026,2026-07-07T09:49:16.311577+00:00,
akhbarelyom,tier2,https://akhbarelyom.com/news/newdetails/4846576/1/%D9%86%D9%82%D8%B7%D8%A9-%D8%AA%D8%AD%D9%88%D9%91%D9%84,نقطة تحوّل,akhbarelyom,2026-07-06 18:40:18+00:00,بوابة أخبار اليوم الإلكترونية,بوابة اخبار اليوم,,1129,■ إعداد برنامج وطنى لخفض الأعباء المعيشية ■ برنامج اقتصادى وطنى شامل ينتقل بالاقتصاد إلى مرحلة الانطلاق نحو النمو المستدام ■ الإسراع فى تنفيذ المرحلة التالية من برنامج «التخارج» ■ إجراءات أكثر حسمًا فى مواجهة الفساد ■ التوسع فى التحول الرقمى بما يضمن حماية المال العام وترسيخ مبادئ النزاهة والكفاءة ■ خطة لإعادة هيكلة جهاز المشروعات الصغيرة والمتوسطة ليركز على النشاطات الإنتاجية خبراء: نتجه نحو اقتصاد أكثر تنافسية.. والأولوية للصناعة والتصدير بعد 13 عامًا على خارطة الطريق التى تم الإعلان عنها فى بيان 3 يوليو ٢٠١٣، أعلن الرئيس عبدالفتاح السيسى، خارطة طريق جديدة لضبط مسار الاقتصاد الوطنى وتثبيت دعائم التنمية المستدامة، فخلال كلمته بحفل افتتاح مقر القيادة الاستراتيجية للدولة، وَجَّه الرئيس السيسى، الحكومة، بتنفيذ خطة شاملة لتحسين الوضع الاقتصادى وتخفيف الأعباء عن كاهل المواطنين، كما شدد على ضرورة مواجهة الفساد بكل حسم، وقال: «أعلم يقينًا ما يتحمله المواطن المصرى من أعباء، وأدرك جيدًا أن تحسين مستوى معيشته وتخفيف معاناته، يظل فى مقدمة أولويات الدولة وهو الشاغل الأول فى كل قرار». توجيهات الرئيس السيسى للحكومة جاءت بمثابة خارطة طريق لتحقيق ما تعهَّد به الرئيس، بأن يظل تخفيف معاناة المواطن فى مقدمة أولويات الدولة، كما أكد الرئيس، أيضًا، أن مصر ستظل ماضية فى استكمال مسيرة البناء والتنمية وتشييد دعائم الدولة الحديثة كخيار استراتيجى راسخ لا يتزعزع. أكد د.عبد المنعم السيد، المستشار المالى ومدير مركز القاهرة للدراسات الاقتصادية والاستراتيجية، أنه على الرغم من أهمية الإجراءات الإصلاحية التى تم تنفيذها خلال السنوات الماضية منذ 2016 بالتعاون مع الصندوق الدولى، إلا أنها كانت إجراءات لضمان الاستقرار الاقتصادى وليست برامج لتحقيق معدلات نمو مرتفعة أو تحسين مستويات المعيشة بصورة مباشرة بل كان لها تبعات تحملها المو اطن.. وأوضح أن البرنامج الوطنى الجديد الذى سيبدأ بعد انتهاء برنامج التعاون مع صندوق النقد الدولى نوفمبر 2026، يجب أن يعكس انتقال الدولة إلى مرحلة مختلفة تقوم على أن الإصلاح أصبح نابعًا من أولويات الاقتصاد المصرى نفسه خلال الوقت الحالى، وليس فقط استجابة لمتطلبات المؤسسات الدولية، وهو ما يعزِّز مفهوم الملكية الوطنية للإصلاح الاقتصادى، حيث إنه أحد أهم عوامل نجاح السياسات الاقتصادية فى التجارب الدولية، لأنه يضمن استمرارية الإصلاح بغض النظر عن انتهاء الاتفاقات الدولية. قال عبدالمنعم، إن كلمة الرئيس تمثل نقطة تحوّل فى الخطاب الاقتصادى المصرى، لأنها لم تقتصر على الإعلان عن قرارات تنفيذية، وإنما رسمت ملامح مرحلة جديدة من إدارة الاقتصاد المصرى تستهدف الانتقال من إدارة الأزمات وتحقيق الاستقرار الكلى إلى بناء اقتصاد أكثر إنتاجية وقدرة على النمو المستدام، بحيث يكون معيار النجاح ليس فقط انخفاض التضخم أو استقرار سعر الصرف، وإنما مدى تحسّن مستوى معيشة المواطن وارتفاع الإنتاجية والتنافسية باعتباره الهدف المباشر للبرنامج الاقتصادى المقبل، لاسيما بعد مرحله البناء والاستقرار السياسى والاقتصادى وإرساء قواعد الدولة الحديثة القادرة على النمو والانطلاق الاقتصادى والتى تمتلك كل مقومات النمو والتقدم. نتائج ملموسة أضاف أن الحكومة ستكون مطالبة بترجمة النمو الاقتصادى إلى نتائج ملموسة يشعر بها المواطن، فمصر لا تعلن انتهاء الإصلاح، وإنما تعلن أنها أصبحت قادرة على صياغة برنامجها الاقتصادى وفق أولوياتها الوطنية.. وأكد أن هذه الخطوة تعزِّز ثقة المؤسسات الدولية، لأن الدول الأكثر نجاحًا هى التى تتحول من الاعتماد على برامج المساندة الخارجية إلى بناء سياسات اقتصادية مستقلة ومستدامة وفق رؤيتها المستقبلية، وسيتم ذلك من خلال تولِّى القطاع الخاص، النشاط الاقتصادى والإنتاجى فى القطاعات التى يستطيع إدارتها بكفاءة أعلى، وهذا ما أكده الرئيس السيسى، حيث لم يتحدث فقط عن استمرار برنامج تخارج الحكومة من النشاط الاقتصادى، وإنما طالب بالإسراع فى تنفيذ المرحلة التالية من وثيقة سياسات ملكية الدولة، لأن الاقتصاد الحديث يقوم على توزيع واضح للأدوار، بينما تتفرغ الدولة للمشروعات الاستراتيجية والبنية الأساسية والقطاعات التى يصعب على القطاع الخاص تحمّل مخاطرها منفردًا.. كما أشار إلى أن هذه التوجيهات تعكس تحوّلًا فى فلسفة إدارة الاقتصاد المصرى وخارطة طريق اقتصادية، فبعد سنوات ركزت فيها مصر على استعادة التوازنات الاقتصادية الكلية ومواجهة الصدمات، تتجه السياسات الآن نحو مرحلة يكون فيها النمو الإنتاجى والاستثمار الخاص وتحسين مستوى معيشة المواطنين مؤشرات النجاح الأساسية.. وأكد أنه إذا تم تنفيذ البرنامج الاقتصادى الوطنى الجديد وفق رؤية واضحة، مع استمرار الإصلاحات الهيكلية، وتسريع برنامج تخارج الدولة من الأنشطة التى يمكن للقطاع الخاص إدارتها بكفاءة، وتعزيز الشفافية والمنافسة، فقد تُمثِّل المرحلة المقبلة، نقطة انطلاق نحو اقتصاد أكثر تنافسية ومرونة، وأكثر قدرة على جذب الاستثمارات، وزيادة الصادرات، وتوفير فرص العمل، وتحقيق تنمية شاملة ومستدامة تنعكس آثارها بصورة مباشرة على المواطن المصرى. أولويات الاقتصاد من جانبه يرى د.كريم يحيى، أستاذ الاستثمار والتمويل بكلية التجارة جامعة القاهرة، أن التكليفات الرئاسية تُمثِّل توجّهًا نحو الانتقال من مرحلة إدارة الأزمات الاقتصادية إلى مرحلة بناء برنامج تنموى طويل الأجل يعتمد بدرجة أكبر على أولويات الاقتصاد المصرى واحتياجاته الفعلية.. وقال إن إعداد برنامج اقتصادى وطنى عقب انتهاء برنامج الإصلاح مع صندوق النقد الدولى، يعكس رغبة فى الحفاظ على ما تحقَّق من استقرار اقتصادى، مع التركيز فى الوقت نفسه على تحقيق معدلات نمو أكثر استدامة، وزيادة الإنتاج، وتعزيز القدرة التنافسية للاقتصاد، وتحسين مستوى معيشة المواطنين بصورة تدريجية. وقال إن نجاح هذا البرنامج يظل مرتبطًا بترجمة أهدافه إلى سياسات تنفيذية واضحة، تتضمن مؤشرات أداء قابلة للقياس، وجداول زمنية محددة، مع إعطاء أولوية لملفات الصناعة، والتصدير، وجذب الاستثمارات، ورفع كفاءة الإنفاق العام، بما يحقق توازنًا بين الاستقرار المالى وتحفيز النشاط الاقتصادى.. وفيما يتعلق بالإسراع فى تنفيذ المرحلة التالية من برنامج تخارج الدولة من بعض الأنشطة الاقتصادية، أكد يحيى، أن هذه الخطوة تتماشى مع التوجّه نحو توسيع دور القطاع الخاص باعتباره شريكًا رئيسيًا فى عملية التنمية، ومن المُتوقَع أن يسهم ذلك فى زيادة كفاءة إدارة الأصول، وجذب استثمارات جديدة، وخلق فرص عمل، بشرط أن تتم عمليات التخارج وفق معايير واضحة تتسم بالشفافية وتكافؤ الفرص وضمان المنافسة العادلة بين كل المستثمرين.. وأضاف أن نجاح هذا المسار يتطلب استمرار الدولة فى القيام بدورها التنظيمى والرقابى، مع التركيز على تحسين بيئة الأعمال، وتبسيط الإجراءات، وتوفير مناخ استثمارى مستقر يُعزِّز ثقة المستثمرين المحليين والأجانب، وفى المجمل، فإن هذه التكليفات تُمثِّل إطارًا عامًا يمكن أن يدعم النمو الاقتصادى خلال المرحلة المقبلة، إلا أن نتائجها ستظل مرتبطة بسرعة التنفيذ، وكفاءة المتابعة، وقدرة السياسات على تحقيق أثر ملموس ينعكس على النشاط الاقتصادى ومستوى معيشة المواطنين. قدرة الدولة وقال أيمن العشرى، عضو لجنة تنمية الصادرات ورئيس غرفة القاهرة التجارية، إن بناء مؤسسات حديثة تتمتع بالكفاءة والجاهزية يمثل أحد المرتكزات الأساسية للاقتصادات القوية، موضحًا أن ما يعكسه «الأوكتاجون» من تكامل فى منظومة القيادة والإدارة، يُرسِّخ ثقة مجتمع الأعمال فى قدرة الدولة على توفير بيئة مستقرة تتيح للمستثمرين التخطيط طويل الأجل، وتُشجِّع على التوسّع فى المشروعات الإنتاجية والصناعية، وأوضح أن أهمية هذا الصرح لا تقتصر على تعزيز جاهزية مؤسسات الدولة، بل تمتد آثارها إلى دعم الاقتصاد الوطنى، من خلال توفير مقومات الاستقرار اللازمة لنمو الصناعة والتجارة، وتأمين سلاسل الإمداد، واستدامة حركة الإنتاج، بما يسهم فى تعزيز تنافسية الصادرات المصرية، ويزيد من قدرة الاقتصاد الوطنى على التعامل بكفاءة مع المتغيّرات الإقليمية والدولية. وأكد العشرى أن اعتماد الدولة على أحدث النُظم التكنولوجية والرقمية يعكس توجّهًا متكاملًا نحو رفع كفاءة الإدارة وسرعة اتخاذ القرار، وهى عناصر أصبحت تمثل أحد المرتكزات الرئيسية لاقتصادات المستقبل، وتسهم فى ترسيخ مبادئ الحوكمة، وتحسين بيئة الأعمال، ورفع كفاءة الأداء المؤسسى، بما يُعزِّز تنافسية الاقتصاد المصرى، ويُهيِّئ مناخًا أكثر جذبًا للاستثمارات، مؤكدًا أن هذه الجهود تُعزِّز ثقة المستثمرين فى الاقتصاد المصرى، وتدعم قدرة الدولة على جذب المزيد من الاستثمارات، وزيادة الإنتاج، وتعزيز الصادرات، وتحقيق مستهدفات التنمية المستدامة.,2026-07-07T09:49:15.590738+00:00,
akhbarelyom,tier2,https://akhbarelyom.com/news/VideoDisplay/4846398/1/%D8%AA%D9%86%D8%B4%D9%8A%D8%B7-%D8%A7%D9%84%D8%B3%D9%8A%D8%A7%D8%AD%D8%A9-%D8%AA%D9%86%D9%81%D9%8A%D8%B0-141-%D8%AD%D9%85%D9%84%D8%A9-%D8%AA%D8%B3%D9%88%D9%8A%D9%82%D9%8A%D8%A9-%D9%85%D8%B4%D8%AA,تنشيط السياحة: تنفيذ 141 حملة تسويقية مشتركة للترويج للمقصد المصري,akhbarelyom,2026-07-06 13:34:00+00:00,,بوابة اخبار اليوم,,385,"أكد أحمد يوسف، رئيس الهيئة المصرية العامة للتنشيط السياحي ، أنه تم تنفيذ 141 حملة تسويقية مشتركة بالتعاون مع شركاء الصناعة السياحية وشركات الطيران ومنظمي الرحلات، بهدف تعزيز الترويج للمقصد المصري في الأسواق المستهدفة وزيادة الحركة الوافدة. وكشف أحمد يوسف، خلال اللقاء الدوري لوزير السياحة والآثار شريف فتحي، مع الصحفيين والإعلاميين، أن الهيئة شاركت في 40 معرضًا ومحفلًا سياحيًا دوليًا خلال الفترة الماضية، مشيرًا إلى أن الجناح المصري حصد جوائز أفضل جناح في أكثر من 22 معرضًا دوليًا، بما يعكس تطور أدوات الترويج للمقصد السياحي المصري. اقرأ أيضًا.. رحلة تعريفية لكبار منظمي رحلات السياحة البلجيكية للقاهرة والإسكندرية وأكد رئيس الهيئة المصرية العامة للتنشيط السياحي أن مصر أصبحت خلال السنوات الأخيرة مقصدًا رئيسيًا لاستضافة المؤتمرات والفعاليات السياحية الدولية الكبرى، نتيجة الثقة المتزايدة في المقصد المصري والبنية التحتية المتطورة التي تمتلكها الدولة. وأعلن أحمد يوسف تنفيذ 164 رحلة تعريفية استهدفت صحفيين ومؤثرين وصناع محتوى من الأسواق السياحية المختلفة، بهدف تعريفهم بالمقاصد المصرية المتنوعة ونقل تجاربهم مباشرة إلى ملايين المتابعين حول العالم. وأشار رئيس هيئة تنشيط السياحة، إلى أن الهيئة تمتلك شراكات فعالة مع شركات الطيران والمنصات الرقمية العالمية، مشيرًا إلى أن هذه الشراكات تمثل أحد المحاور الرئيسية للوصول إلى الأسواق المستهدفة وتحقيق أعلى عائد من الحملات الترويجية. وقال أحمد يوسف إن الهيئة تعتمد على دراسة طبيعة كل سوق سياحي ومتطلباته قبل إطلاق الحملات الترويجية، موضحًا أن مصر تستهدف حاليًا 19 سوقًا رئيسية يتم التعامل معها وفق خطط تسويقية متخصصة تتناسب مع خصائص كل سوق. وأكد رئيس الهيئة المصرية العامة للتنشيط السياحي أن الهيئة كثفت جهودها للترويج للمنتجات السياحية المستحدثة، بما يسهم في تنويع التجربة السياحية المصرية وزيادة معدلات الإنفاق وإطالة مدة إقامة السائح. وكشف أحمد يوسف عن الانتهاء من تطوير الموقع الإلكتروني الرسمي للترويج السياحي، ليصبح متاحًا بأكثر من 10 لغات مختلفة، بما يسهل الوصول إلى المعلومات السياحية ويعزز التواصل مع الأسواق الدولية. وأكد رئيس هيئة تنشيط السياحة أن مصر تحظى بمكانة متميزة داخل معرض لندن السياحي العالمي، مشيرًا إلى أن المشاركة المصرية أصبحت تمثل أحد العناصر الرئيسية في هذا الحدث الدولي المهم. وأوضح أحمد يوسف أن الهيئة أطلقت حملة ""إحنا مصر"" بالتعاون مع عدد من الوزارات والقطاع الخاص، بهدف رفع الوعي بالأهمية الاقتصادية للسياحة وتعزيز ثقافة حسن استقبال السائح والتعامل الإيجابي معه باعتباره شريكًا في دعم الاقتصاد الوطني. أكد رئيس هيئة تنشيط السياحة أن الهيئة استقبلت خلال الفترة الماضية وفودًا واتحادات سياحية دولية عديدة، في إطار جهود تعزيز الثقة بالمقصد المصري وتوسيع التعاون مع الأسواق الخارجية.",2026-07-07T09:49:15.988978+00:00,
akhbarelyom,tier2,https://akhbarelyom.com/news/newdetails/4846335/1/%D9%85%D8%B5%D8%B1-%D8%AA%D8%B4%D8%A7%D8%B1%D9%83-%D9%81%D9%8A-%D8%A7%D8%AC%D8%AA%D9%85%D8%A7%D8%B9-%D8%A7%D9%84%D9%84%D8%AC%D9%86%D8%A9-%D8%A7%D9%84%D8%A5%D9%82%D9%84%D9%8A%D9%85%D9%8A%D8%A9-%D9%84%D9%85%D8%B4,مصر تشارك في اجتماع اللجنة الإقليمية لمشروع الاقتصاد الأزرق بالسعودية,akhbarelyom,2026-07-06 11:22:18+00:00,بوابة أخبار اليوم الإلكترونية,بوابة اخبار اليوم,,605,شاركت وزارة التنمية المحلية والبيئة بوفد رسمي برئاسة المهندس شريف عبد الرحيم رئيس جهاز شئون البيئة في الاجتماع الأول للجنة الإقليمية لمشروع الاقتصاد الأزرق المستدام في البحر الأحمر وخليج عدن (HESBERSGA)، وكذلك أعمال اجتماع نقاط الاتصال الوطنية للهيئة الإقليمية للمحافظة على بيئة البحر الأحمر وخليج عدن ال(PERSGA) بمدينة جدة بالمملكة العربية السعودية. جاء ذلك بمشاركة ممثلي الدول الأعضاء، والمنظمات الإقليمية والدولية، والشركاء المعنيين بحماية البيئة البحرية والتنمية المستدامة، وبحضور الدكتورة هبة شعراوي نقطة الاتصال الوطنية للهيئة والمنسق الوطني لمشروع الاقتصاد الأزرق المستدام. وأكدت الدكتورة منال عوض وزيرة التنمية المحلية والبيئة أن مصر تولي اهتمامًا بالغًا بتعزيز العمل الإقليمي المشترك لمواجهة التحديات البيئية التي تواجه البحر الأحمر وخليج عدن، انطلاقًا من إيمانها بأن حماية البيئة البحرية تمثل ركيزة أساسية لتحقيق التنمية الاقتصادية المستدامة، والحفاظ على الموارد الطبيعية للأجيال القادمة. اقرأ أيضًا.. إطلاق حملة «ابتسم .. وكن مختلف» بسوهاج وأوضحت وزيرة التنمية المحلية والبيئة أن اجتماعات الهيئة الإقليمية تمثل منصة مهمة لتنسيق الجهود بين الدول الأعضاء، وتبادل الخبرات، وتعزيز تنفيذ اتفاقية جدة وبروتوكولاتها، بما يرفع كفاءة إدارة الموارد البحرية والساحلية ويعزز القدرة على مواجهة التحديات البيئية المشتركة، وعلى رأسها التلوث البحري، والصيد غير القانوني، وتأثيرات تغير المناخ على النظم البيئية البحرية. وشددت الدكتورة منال عوض، على اهتمام مصر بتطوير آليات إقليمية لتبادل المعلومات والبيانات البيئية بما يحقق الاستفادة المشتركة، مع احترام السيادة الوطنية لكل دولة على بياناتها، والالتزام بالتشريعات الوطنية المنظمة لتبادل المعلومات، وضمان حماية البيانات ذات الحساسية الخاصة، بما يعزز الثقة والتعاون بين الدول الأعضاء. كما دعت وزيرة التنمية المحلية والبيئة إلى التركيز خلال المرحلة المقبلة على تطوير مؤشرات إقليمية موحدة للاقتصاد الأزرق، وتعزيز استخدام التقنيات الحديثة والذكاء الاصطناعي في أعمال الرصد البيئي، ودعم برامج بناء القدرات، وتشجيع الابتكار والتمويل الأزرق، وتعزيز مشاركة القطاع الخاص والمجتمعات المحلية، بما يسهم في تحقيق تنمية بحرية مستدامة على مستوى الإقليم. وخلال الاجتماعات استعرض المهندس شريف عبد الرحيم رئيس جهاز شئون البيئة ورئيس الوفد المشارك أبرز الإنجازات الوطنية في مجال حماية البيئة البحرية، والتي شملت تطوير منظومة الرصد البيئي البحري، وتعزيز الإدارة المتكاملة للمناطق الساحلية، وتحديث الخطة الوطنية لمكافحة التلوث بالزيت والمواد الخطرة المنقولة بحرًا، إلى جانب تطوير منظومات النمذجة والتنبؤ بحركة بقع الزيت، بما يعزز جاهزية الدولة والدول الأعضاء للاستجابة السريعة والفعالة لحوادث التلوث البحري. وأكد م. شريف عبد الرحيم خلال الاجتماع الأول للجنة الإقليمية لمشروع الاقتصاد الأزرق المستدام في البحر الأحمر وخليج عدن بعد الإعلان الرسمي لبدء تنفيذه، أن المشروع يتوافق بصورة كبيرة مع توجهات الدولة المصرية في مجال الاقتصاد الأزرق، خاصة في ظل الانتهاء من إعداد الاستراتيجية الوطنية المصرية للاقتصاد الأزرق (2026–2035)، والتي تمثل أول إطار وطني متكامل لتنمية القطاعات البحرية والساحلية بصورة مستدامة، وتعزيز الاستثمار في القطاعات الزرقاء، ودعم التخطيط العلمي والإدارة الرشيدة للموارد البحرية. كما أوضح أن مصر تمتلك خبرات متقدمة يمكن أن تسهم في دعم تنفيذ المشروع، لا سيما في مجالات الرصد البيئي، والإدارة المتكاملة للمناطق الساحلية، والتخطيط المكاني البحري، وتقييم المخاطر البيئية، وإعداد المؤشرات البيئية، وبناء قواعد البيانات، ونظم المعلومات الجغرافية البحرية، وبناء القدرات المؤسسية والفنية. ومن جانبها، عرضت الدكتورة هبة شعراوي المنسق الوطني للمشروع عدة أفكار لمشروعات تنفيذية، تشمل إعادة تأهيل المحميات الطبيعية ودعم التحول للموانئ الخضراء على ساحل البحر الأحمر، وتطبيق التخطيط البحري المكاني علي ساحل البحر الأحمر. وفي ختام الاجتماعات، أكد رئيس جهاز شئون البيئة استمرار التزام جمهورية مصر العربية بدعم جميع المبادرات الإقليمية الهادفة إلى حماية بيئة البحر الأحمر وخليج عدن، وتعزيز التعاون مع الدول الأعضاء والمنظمات الدولية، بما يسهم في الحفاظ على رأس المال الطبيعي للمنطقة، وترسيخ مبادئ الاقتصاد الأزرق المستدام، ودعم جهود التنمية المستدامة وتحقيق الازدهار لشعوب دول الإقليم. جدير بالذكر أن مشروع الاقتصاد الأزرق المستدام في البحر الأحمر وخليج عدن (HESBERSGA)، والذي يمثل أحد أهم المشروعات الإقليمية الهادفة إلى تعزيز الإدارة المستدامة للنظم البيئية البحرية والساحلية، وتحسين حوكمة الموارد البحرية، ودعم التحول نحو الاقتصاد الأزرق المستدام، بما يحقق التوازن بين التنمية الاقتصادية والحفاظ على البيئة البحرية.,2026-07-07T09:49:15.805346+00:00,
akhbarelyom,tier2,https://akhbarelyom.com/news/newdetails/4846694/1/%D8%AA%D8%B1%D8%A7%D8%AC%D8%B9-%D8%B3%D8%B9%D8%B1-%D8%A7%D9%84%D8%AF%D9%88%D9%84%D8%A7%D8%B1-%D8%A3%D9%85%D8%A7%D9%85-%D8%A7%D9%84%D8%AC%D9%86%D9%8A%D9%87-%D9%81%D9%8A-%D8%A8%D8%AF%D8%A7%D9%8A%D8%A9-%D8%AA,تراجع سعر الدولار أمام الجنيه في بداية تعاملات اليوم 7 يوليو 2026,akhbarelyom,2026-07-07 06:28:03+00:00,بوابة أخبار اليوم الإلكترونية,بوابة اخبار اليوم,,121,تراجع سعر الدولار الأمريكي أمام سعر الجنيه المصري خلال بداية تعاملات اليوم 7 يوليو 2026 في البنوك المصرية. وجاءت أسعار صرف الدولار اليوم كالتالي:- البنك الأهلي المصري سعر الدولار الأمريكي للشراء 48.82 جنيه. سعر الدولار الامريكي اليوم للبيع 48.92 جنيه. بنك مصر الدولار الأمريكي اليوم للشراء 48.82 جنيه. سعر الدولار الأمريكي اليوم للبيع 48.92 جنيه. بنك القاهرة سعر الدولار الأمريكي اليوم للشراء 48.82 جنيه. سعر الدولار الأمريكي اليوم للبيع 48.92 جنيه. البنك التجاري الدولي _ مصر سعر الدولار الأمريكي اليوم للشراء 48.82 جنيه. سعر الدولار الأمريكي اليوم للبيع 48.92 جنيه. البنك المركزي المصري .سعر الدولار الأمريكي اليوم للشراء 48.86 جنيه. سعر الدولار الأمريكي اليوم للبيع 49.00 جنيه. اقرأ أيضا| تراجع سعر الدولار الأمريكي أمام الجنيه المصري بختام تعاملات اليوم 5 يوليو,2026-07-07T09:49:17.195330+00:00,
akhbarelyom,tier2,https://akhbarelyom.com/news/newdetails/4846436/1/%D8%B4%D8%B1%D9%8A%D9%81-%D9%81%D8%AA%D8%AD%D9%8A-9-%D9%85%D9%84%D8%A7%D9%8A%D9%8A%D9%86-%D8%B3%D8%A7%D8%A6%D8%AD-%D8%B2%D8%A7%D8%B1%D9%88%D8%A7-%D9%85%D8%B5%D8%B1-%D8%AE%D9%84%D8%A7%D9%84-%D8%A7,شريف فتحي: 9 ملايين سائح زاروا مصر خلال النصف الأول من العام,akhbarelyom,2026-07-06 13:53:03+00:00,بوابة أخبار اليوم الإلكترونية,بوابة اخبار اليوم,,634,"أعلن شريف فتحي، وزير السياحة والآثار ، أن مصر استقبلت نحو 9 ملايين سائح حتى 30 يونيو الماضي، في مؤشر يعكس استمرار نمو الحركة السياحية الوافدة رغم التحديات التي يشهدها العالم والمنطقة. وأوضح الوزير، خلال لقائه الدوري مع الصحفيين والإعلاميين، أن النتائج المحققة خلال النصف الأول من العام تؤكد جاذبية المقصد المصري وقدرته على الحفاظ على معدلات النمو، مدعومًا بتنوع المنتج السياحي وتطوير البنية التحتية والخدمات المقدمة للزائرين. وقال شريف فتحي وزير السياحة والآثار، إن التوسع في مشروعات السياحة الفاخرة يمثل أحد المحاور الرئيسية لزيادة العائد الاقتصادي من القطاع، موضحًا أن الوزارة تستهدف جذب شرائح جديدة من السائحين ذوي الإنفاق المرتفع مع الحفاظ على تنوع المنتج السياحي المصري. وأضاف أن تحسين الجودة ورفع مستوى الخدمات يمثلان ركيزة أساسية في استراتيجية الوزارة لتعزيز مكانة مصر على خريطة السياحة العالمية. وأكد شريف فتحي وزير السياحة والآثار أن ردود الفعل الواردة من السائحين تجاه العديد من المنتجات والخدمات السياحية في مصر جاءت إيجابية للغاية، مشيرًا إلى أن نتائج التقييمات ومؤشرات رضا العملاء تعكس تطورًا ملحوظًا في جودة الخدمات المقدمة. وأضاف أن الوزارة تتابع بشكل مستمر آراء السائحين وملاحظاتهم للاستفادة منها في تطوير المنتج السياحي وتعزيز القدرة التنافسية للمقصد المصري في الأسواق العالمية. وكشف شريف فتحي وزير السياحة والآثار عن النجاح الكبير الذي يحققه نموذج الإقامة الكاملة «All Inclusive» في مصر، مؤكدًا أنه من أكثر النماذج السياحية جذبًا للزائرين، خاصة في المقاصد الشاطئية. وأشار الوزير إلى أن التجربة المصرية في هذا المجال تتماشى مع التجارب الناجحة في العديد من الدول المنافسة، لافتًا إلى أن مؤشرات الأداء وردود فعل السائحين تؤكد فعالية هذا النموذج في رفع معدلات الرضا وتحسين التجربة السياحية. وأكد شريف فتحي وزير السياحة والآثار، أن الوزارة تتبنى رؤية تسويقية استراتيجية جديدة ترتكز على التنوع السياحي باعتباره أحد أهم عناصر القوة للمقصد المصري، مشيرًا إلى أن هذا التنوع هو السبيل لإنهاء أنماط التسويق التقليدية والمكررة، وتعزيز قدرة مصر على جذب السائح للزيارة أكثر من مرة. وخلال لقائه الدوري مع الصحفيين والإعلاميين، أوضح الوزير أن مصر تعد من الدول القليلة في العالم التي تتيح للسائح الانتقال بين أنماط سياحية متعددة دون الحاجة إلى السفر جوًا، بما يعزز من تنافسية المقصد السياحي المصري. تعظيم العائد على المجتمع المحلي وأشار فتحي إلى أن أحد الأهداف الرئيسية للاستراتيجية الحالية يتمثل في تحقيق عائد مباشر للمجتمع المحلي المحيط بالمقاصد السياحية والأثرية، مستشهدًا بمشروع تطوير منطقة نزلة السمان، مؤكدًا أن تحسين مستوى معيشة السكان يمثل أفضل وسيلة لحماية المواقع السياحية والأثرية والحفاظ عليها. تشجيع الاستثمار وتنظيم شقق الإجازات وأوضح الوزير أن الوزارة تعمل وفق مجموعة من المحاور الأساسية، يأتي في مقدمتها تشجيع الاستثمار السياحي وتطوير منظومة التسويق، إلى جانب تنظيم نشاط شقق الإجازات وإخضاعها لرقابة وزارة السياحة والآثار لضمان مستويات الأمن والسلامة والنظافة وجودة الخدمات المقدمة للسائحين. وأضاف: ""خلال عام لن يُسمح لأي جهة أو فرد باستضافة سائح خارج المنظومة الرسمية وتحت مظلة وزارة السياحة والآثار"". زيادة الطاقة الفندقية وتطوير النقل وأكد الوزير أهمية توفير وسائل النقل المناسبة وزيادة الطاقة الفندقية لاستيعاب النمو المستهدف في أعداد السائحين، مشيرًا إلى أن مجلس الوزراء برئاسة الدكتور مصطفى مدبولي وافق على السماح بتحويل الوحدات السكنية إلى منشآت فندقية دون رسوم، بشرط استيفاء الاشتراطات والإجراءات المنظمة، لافتًا إلى وجود طلبات عديدة للاستفادة من هذا القرار. اهتمام بالسياحة الروحانية والفنادق الخضراء وأشار فتحي إلى أن الوزارة تولي اهتمامًا خاصًا بالسياحة الروحانية، خاصة المواقع التي تشرفت بزيارة العائلة المقدسة، إلى جانب التوسع في تطبيق مفهوم الفنادق الخضراء ودعم الاستدامة البيئية داخل القطاع السياحي. خطة تسويق متكاملة ومنصة استثمار موحدة وأكد الوزير أن التسويق السياحي في مصر أصبح لأول مرة قائمًا على خطة واضحة ومتكاملة تتضمن كافة التفاصيل والآليات الحديثة للترويج، مشيرًا إلى العمل على تنفيذ برامج مشتركة للتسويق الذكي والاستفادة من أحدث الأدوات الرقمية. كما أعلن عن إطلاق منصة الاستثمار السياحي الموحدة بحلول منتصف عام 2027، بهدف تسهيل الإجراءات أمام المستثمرين وربط الفرص الاستثمارية بمستهدفات الدولة وخطط التنمية السياحية المستقبلية. واختتم الوزير تصريحاته بالتأكيد على أن الهدف النهائي يتمثل في تحقيق نمو مستدام للقطاع السياحي، وتعظيم مساهمته في الاقتصاد الوطني، مع ضمان استفادة المجتمعات المحلية من ثمار التنمية السياحية.",2026-07-07T09:49:17.818578+00:00,
akhbarelyom,tier2,https://akhbarelyom.com/news/newdetails/4846712/1/%D8%A7%D9%84%D8%A8%D8%B3%D9%85%D8%AA%D9%8A-%D8%A7%D9%84%D9%85%D8%B5%D8%B1%D9%8A-%D9%8A%D8%AA%D8%AD%D9%85%D9%84-%D8%A7%D9%84%D8%AA%D8%BA%D9%8A%D8%B1%D8%A7%D8%AA-%D8%A7%D9%84%D9%85%D9%86%D8%A7%D8%AE%D9%8A%D8%A9-%D9%88,البسمتي المصري يتحمل التغيرات المناخية ويتفوق على المستورد| خاص,akhbarelyom,2026-07-07 07:24:22+00:00,بوابة أخبار اليوم الإلكترونية,بوابة اخبار اليوم,,276,"أكد الدكتور عبده السباعي البسيوني، الأستاذ بكلية الزراعة جامعة عين شمس، في تصريح ل""بوابة أخبار اليوم"" أن صنف البسمتي المصري ""جيزة 201"" يمثل أحد أهم الأصناف الواعدة التي نجح الباحثون المصريون في استنباطها، لما يتمتع به من جودة عالية وقدرة كبيرة على التكيف مع الظروف المناخية المختلفة، فضلًا عن منافسته القوية للبسمتي المستورد. اقرأ أيضا / «البسمتى» المصرى تفوق فى الإنتاجية على بلد المنشأ (خاص) وأوضح أن ما شهده أحد الحقول بقرية النمروط التابعة لمركز فاقوس ب محافظة الشرقية يعد نموذجًا عمليًا لنجاح هذا الصنف، حيث أثبت تفوقه على الأصناف المجاورة رغم تأخر موعد الزراعة، وهو ما يعكس استجابته الجيدة للفترة الضوئية وقدرته على مواجهة التغيرات المناخية دون التأثير على قوة النمو أو جودة المحصول. وأشار إلى أن التجربة الناجحة جاءت في أرض المزارع صلاح جبر، ابن قرية النمروط وأحد خريجي الأزهر الشريف، والذي حرص على تطبيق التوصيات الفنية الخاصة بزراعة الصنف، الأمر الذي انعكس على الحالة المتميزة للمحصول داخل الحقل. وأضاف أن البسمتي المصري يتميز بكونه منتجًا محليًا عالي الجودة، كما أنه خالٍ من الزرنيخ والمواد الثقيلة التي قد ترتبط ببعض أنواع البسمتي المستورد، وهو ما يمنحه ميزة تنافسية كبيرة من الناحية الصحية والغذائية، إلى جانب مساهمته في تقليل الاعتماد على الواردات ودعم الأمن الغذائي المصري. وأكد الدكتور عبده السباعي أن نجاح زراعة البسمتي المصري يتطلب الالتزام بالمعاملات الفنية الموصى بها، وأهمها أن تضم كل جورة من 4 إلى 5 نباتات، مع ترك مسافة 20 سنتيمترًا بين الجور، وبكثافة تبلغ نحو 25 جورة للمتر المربع، بما يحقق أفضل معدلات للنمو والإنتاج. واختتم تصريحاته بالتأكيد على أن التوسع في زراعة صنف جيزة 201 يمثل خطوة مهمة نحو إنتاج بسمتي مصري قادر على المنافسة في الأسواق المحلية والعالمية، بما يدعم الاقتصاد الوطني ويحقق قيمة مضافة للمزارع المصري.",2026-07-07T09:49:17.577981+00:00,
akhbarelyom,tier2,https://almsaey.akhbarelyom.com/news/newdetails/3540061/1/%D8%AA%D8%B1%D8%A7%D8%AC%D8%B9-%D8%A7%D9%84%D8%B0%D9%87%D8%A8-%D9%85%D8%AD%D9%84%D9%8A%D9%8B%D8%A7-30-%D8%AC%D9%86%D9%8A%D9%87%D9%8B%D8%A7-%D9%84%D9%84%D8%AC%D8%B1%D8%A7%D9%85-%D9%85%D8%B9-%D9%87?__cf_chl_rt_tk=5jfdbkY1NCW200.ZWtPYuA2uzw0CWxQHzw33r_uzArk-1783417757-1.0.1.1-oAs14RuOXydUxYZfAo3ZcVzBaPl6bf81RLwTQBLPSbs,تراجع الذهب محليًا 30 جنيهًا للجرام مع هبوط الأوقية عالميًا,akhbarelyom,2026-07-06 10:55:18+00:00,موقع الأخبار المسائى,الأخبار المسائى,,294,تراجعت أسعار الذهب في السوق المحلية خلال التعاملات الصباحية اليوم 6 يوليو 2026، إذ فقد جرام الذهب نحو 30 جنيهًا، متأثرًا بانخفاض سعر الأوقية في البورصة العالمية بأكثر من 30 دولارًا، إلى جانب تحركات سعر صرف الدولار أمام الجنيه المصري في البنوك. وسجل سعر جرام الذهب عيار 21، الأكثر تداولًا في السوق المحلية، نحو 5840 جنيهًا، مقابل 5870 جنيهًا في ختام التعاملات السابقة، بينما بلغ متوسط الفارق بين سعري البيع والشراء نحو 50 جنيهًا. وعالميًا، انخفضت أسعار الذهب، لتسجل الأوقية نحو 4141 دولارًا، بعد أن افتتحت التداولات عند 4175 دولارًا، وارتفعت في بداية الجلسة إلى 4202 دولار، قبل أن تعاود التراجع، وسط ترقب المستثمرين لتطورات الأوضاع الجيوسياسية والبيانات الاقتصادية الأمريكية المرتقبة. وتتابع الأسواق خلال الفترة المقبلة صدور مجموعة من المؤشرات الاقتصادية في الولايات المتحدة، والتي من المتوقع أن تلعب دورًا رئيسيًا في تحديد مسار أسعار الفائدة لدى مجلس الاحتياطي الفيدرالي الأمريكي، وهو ما ينعكس بشكل مباشر على تحركات الذهب في الأسواق العالمية، وبالتالي على الأسعار في السوق المحلية. ونستعرض في سياق متصل آخر تحديث لأسعار الذهب، وذلك دون إضافة المصنعية لسعر الجرام، نظراً لاختلافها من تاجر إلى آخر، ومحافظة إلى أخرى. أسعار أسعار الذهب الآن سجل سعر جرام الذهب عيار 24 نحو 6674 جنيها. سجل سعر جرام الذهب عيار 21 نحو 5840 جنيها. سجل سعر جرام الذهب عيار 18 نحو 5006 جنيهات. سجل سعر جرام الذهب عيار 14 نحو 3893 جنيهاً. سجل سعر الجنيه الذهب 46720 جنيه سعر الأوقية ببورصة الذهب العالمية 4141 دولارا . مصنعية الذهب تتراوح قيمة مصنعية الذهب من 3 إلى 7% من سعر الجرام تقريباً، وقد تزيد قليلا بحسب للجهد المبذول في صناعة القطعة الذهبية ، وذلك وفقا لتقديرات الشركة المنتجة. كما تختلف قيمة مصنعية الذهب بحسب نوع العيار، و يعد العيار 18 من أكثر مصنعيات الذهب مقارنة بالعيار 24 المستخدم في صناعة السبائك ، ويتسم بانخفاض قيمة مصنعيته .,2026-07-07T09:49:18.684881+00:00,
akhbarelyom,tier2,https://m.akhbarelyom.com/news/newdetails/4845962/1/%D8%A7%D9%84%D8%A7%D8%B3%D8%AA%D8%AB%D9%85%D8%A7%D8%B1-%D9%88%D8%A7%D9%84%D8%AA%D8%AC%D8%A7%D8%B1%D8%A9-%D8%A7%D9%84%D8%AE%D8%A7%D8%B1%D8%AC%D9%8A%D8%A9,ب 12مليار دولار.. وزير الاستثمار والتجارة الخارجية يشهد افتتاح المركز الرقمي لكوكاكولا,akhbarelyom,2026-07-06 10:30:00+00:00,بوابة أخبار اليوم الإلكترونية,بوابة اخبار اليوم,,706,شهد الدكتور محمد فريد، وزير الاستثمار والتجارة الخارجية ، افتتاح المركز الرقمي الجديد لشركة كوكاكولا هيلينك بالقاهرة، في خطوة تعكس توجه الدولة نحو جذب الاستثمارات النوعية القائمة على المعرفة والتكنولوجيا، وتعزيز صادرات الخدمات الرقمية، وترسيخ مكانة مصر كمركز إقليمي للأعمال والخدمات التكنولوجية، وذلك بحضور السيد أحمد كجوك، وزير المالية، والمهندس أحمد الظاهر، الرئيس التنفيذي لهيئة تنمية صناعة تكنولوجيا المعلومات (إيتيدا)، إلى جانب عدد من كبار المسؤولين، والسفراء، وممثلي مجتمع الأعمال وقطاع التكنولوجيا. وقال الدكتور محمد فريد، إن افتتاح المركز الرقمي لشركة كوكاكولا في مصر يُعد شهادة ثقة في صحة وسلامة الإصلاحات الاقتصادية التي تتبناها وتنفذها الحكومة المصرية، بما يدعم استقرار مؤشرات الاقتصاد الكلي، ويعزز ثقة القطاع الخاص، فضلًا عن تحسين بيئة الأعمال وتنمية وتشجيع الاستثمارات، وبخاصة تلك التي تسهم في زيادة قيمة الصادرات السلعية والخدمية على حد سواء. استثمارات كوكاكولا في إنشاء المركز تمثل استثمارًا في المستقبل أضاف وزير الاستثمار أن استثمارات كوكاكولا في إنشاء هذا المركز تمثل استثمارًا في المستقبل، وتدعم الأجيال الشابة، وتلبي طموحاتهم وتطلعاتهم، مشيدًا بما يوفره المركز من نحو 250 فرصة عمل حتى الآن، يشغلها مهندسون ومواهب مصرية مؤهلة في مجالات التكنولوجيا. وأكد الوزير أن الاستثمارات الأجنبية يُنظر إليها من منظور أشمل وأعمق من مجرد الأرقام والمؤشرات، إذ تمثل ركيزة أساسية لتحقيق التنمية بما تضيفه من قيمة للاقتصاد والمجتمع، من خلال التوظيف، والإنتاج، والتأمين الطبي، والتهيئة للبيئة الإنتاجية، وبخاصة عندما تتجه إلى المحافظات خارج العاصمة، بما يسهم في توطين التنمية وتحقيق قدر أكبر من العدالة المكانية في توزيع الاستثمارات. وأضاف أن الوزارة تعمل على التدقيق في آليات احتساب الاستثمار الأجنبي المباشر ، وبخاصة ما يتعلق بإعادة استثمار الأرباح المحتجزة، والتي تمثل رسالة ثقة قوية في بيئة الأعمال ومناخ الاستثمار في مصر، مشددًا على أهمية التزام جميع الشركات العاملة في مصر، التي تضم مساهمات أجنبية، بالإفصاح عن تطور مؤشرات الاستثمار الأجنبي المباشر وفق النماذج المعدة لذلك من الهيئة العامة للاستثمار والمناطق الحرة، مشيرًا إلى أن دقة احتساب هذا المؤشر تدعم عملية صنع السياسات واتخاذ القرار. وكشف الوزير عن قرب الانتهاء من المتطلبات اللازمة لتدشين أول مجلس تصديري للخدمات في تاريخ مصر، بما يتيح حصر هذا القطاع الحيوي وتطوير سياسات داعمة له، في ظل تنامي مساهمة صادرات الخدمات في التجارة العالمية، موضحًا أن مصر تضم حاليًا نحو 13 مجلسًا تصديريًا جميعها معنية بالصادرات السلعية. قرب إطلاق أول مختبر تنظيمي للتجارة الخارجية في ختام تصريحاته، أعلن الوزير قرب إطلاق أول مختبر تنظيمي للتجارة الخارجية، بالشراكة والتنسيق مع عدد من الجهات المعنية، بما يسهم في تعزيز تنافسية منظومة التجارة الخارجية، وتوفير حلول مبتكرة قائمة على المعرفة والتكنولوجيا، ودعم القدرات التصديرية من خلال إتاحة البيانات والمؤشرات المتعلقة بالأسواق والسلع الأكثر ملاءمة للصادرات المصرية. المركز الرقمي بالقاهرة يمثل محطة استراتيجية في مسيرة التحول الرقمي من جانبه، أكد زوران بوغدانوفيتش، الرئيس التنفيذي لمجموعة كوكاكولا هيلينك، أن المركز الرقمي بالقاهرة يمثل محطة استراتيجية في مسيرة التحول الرقمي للمجموعة، ويعكس الثقة الكبيرة في الكفاءات المصرية وقدرتها على تقديم خدمات تكنولوجية عالمية، مشيرا إلى أن استثمارات منظومة كوكاكولا في مصر تجاوزت 1.1 مليار دولار خلال الفترة من 2022 إلى 2025، مع خطط لضخ استثمارات إضافية بقيمة 1.28 مليار دولار حتى عام 2030. كما أوضح مراد أجرتي، رئيس قطاع التحول الرقمي والتكنولوجيا بالشركة، أن اختيار مصر جاء في ضوء ما تمتلكه من كوادر مؤهلة، ومنظومة تكنولوجية متطورة، وبنية تحتية رقمية قوية، بما يؤهلها لتقديم الخدمات الرقمية لمختلف أسواق الشركة في أوروبا وأفريقيا. المشروع يمثل خطوة مهمة في بناء منصة عالمية للخدمات الرقمية أكد أناستاسيس ليفيريتوس، المدير العام للمركز الرقمي لشركة كوكاكولا هيلينك بالقاهرة، أن المشروع يمثل خطوة مهمة في بناء منصة عالمية للخدمات الرقمية انطلاقاً من مصر، ويجسد الإمكانات الكبيرة التي تمتلكها الدولة في مجالات التكنولوجيا والخدمات المعرفية. ويؤكد افتتاح المركز الرقمي لشركة كوكاكولا هيلينك نجاح جهود الدولة في استقطاب الاستثمارات القائمة على المعرفة والتكنولوجيا، ويعكس تنامي ثقة مجتمع الأعمال الدولي في بيئة الاستثمار المصرية، بما يدعم مستهدفات الدولة في زيادة الصادرات، وتوفير فرص العمل، وتعزيز التحول الرقمي، وترسيخ مكانة مصر كمركز إقليمي للاستثمار والإنتاج والخدمات الرقمية. 250 متخصصًا في مجالات التكنولوجيا وتكنولوجيا المعلومات يضم المركز حاليًا نحو 250 متخصصًا في مجالات التكنولوجيا وتكنولوجيا المعلومات، مع خطة للتوسع إلى 450 متخصصًا بحلول عام 2027، ويقدم خدماته لعمليات المجموعة في 27 سوقًا بأوروبا وأفريقيا. ومن المتوقع أن يسهم في إضافة نحو 34 مليون دولار سنويًا إلى صادرات مصر من الخدمات الرقمية، بما يدعم جهود الدولة في تنمية الاقتصاد الرقمي، وزيادة الصادرات غير التقليدية، وتعزيز مكانة مصر مركزًا إقليميًا للخدمات التكنولوجية والمعرفية. اقرأ أيضا وزير الاستثمار يبحث مع مجموعة دانجوتي النيجيرية فرص الاستثمار في مصر,2026-07-07T09:49:19.380329+00:00,
akhbarelyom,tier2,https://akhbarelyom.com/news/newdetails/4846695/1/%D8%AA%D8%B1%D8%A7%D8%AC%D8%B9-%D8%B3%D8%B9%D8%B1-%D8%A7%D9%84%D8%B1%D9%8A%D8%A7%D9%84-%D8%A7%D9%84%D8%B3%D8%B9%D9%88%D8%AF%D9%8A-%D9%81%D9%8A-%D8%A8%D8%AF%D8%A7%D9%8A%D8%A9-%D8%AA%D8%B9%D8%A7%D9%85%D9%84%D8%A7,تراجع سعر الريال السعودي في بداية تعاملات اليوم 7 يوليو 2026,akhbarelyom,2026-07-07 06:28:03+00:00,بوابة أخبار اليوم الإلكترونية,بوابة اخبار اليوم,,151,تراجع سعر الريال السعودي في البنوك وشركات الصرافة، مقابل الجنيه المصري داخل البنوك المصرية وشركات الصرافة، في بداية تعاملات اليوم 67يوليو 2026. وتتزايد عمليات البحث عن سعر الريال السعودي و في البنوك وشركات الصرافة لتلبية الطلب على حركة السفر إلى المملكة لأداء مناسك العمرة والسياحة والعمل. وجاءت أسعار الريال السعودي مقابل الجنيه المصري داخل البنوك المصرية وشركات الصرافة، كالتالي .البنك الأهلي المصري سعر الريال السعودي في البنك الأهلي المصري 12.97 جنيه للشراء. سعر الريال السعودي في البنك الأهلي المصري 13.02جنيه للبيع.. بنك مصر سجل سعر الريال السعودي في بنك مصر 12.97جنيه للشراء. سجل سعر الريال السعودي في بنك مصر13.02جنيه للبيع. البنك التجاري الدولي– مصر سجل سعر الريال السعودي في البنك التجاري الدولي مصر 12.97جنيه للشراء. سجل سعر الريال السعودي في البنك التجاري الدولي مصر 13.02جنيه للبيع .البنك المركزي المصري. سجل سعر الريال السعودي في البنك المركزي المصري 12.99جنيه للشراء. سجل سعر الريال السعودي في البنك المركزي المصري 13.02جنيه للبيع.. اقرأ أيضا,2026-07-07T09:49:18.821742+00:00,
akhbarelyom,tier2,https://akhbarelyom.com/news/newdetails/4846657/1/%D8%AD%D8%B3%D8%A7%D9%85-%D8%AD%D8%B3%D9%86-%D8%AA%D8%B1%D9%83%D9%8A%D8%B2%D9%86%D8%A7-%D8%B9%D9%84%D9%89-%D8%A5%D8%B3%D8%B9%D8%A7%D8%AF-%D8%A7%D9%84%D8%B4%D8%B9%D8%A8-%D8%A7%D9%84%D9%85%D8%B5%D8%B1%D9%8A-,حسام حسن: تركيزنا على إسعاد الشعب المصري وليس أسماء المنافسين,akhbarelyom,2026-07-06 21:21:44+00:00,بوابة أخبار اليوم الإلكترونية,بوابة اخبار اليوم,,131,أكد حسام حسن، المدير الفني ل منتخب مصر ، أن الجهاز الفني استغل ضيق الوقت بين مباراتي أستراليا والأرجنتين في تجهيز اللاعبين بأفضل صورة ممكنة، مشيرًا إلى أن الفريق ركز على الاستشفاء ودراسة المنافس بشكل جيد. وقال حسام حسن، إن الوقت ضيق للغاية بين مباراتي أستراليا والأرجنتين، وحاولنا تجهيز اللاعبين من خلال الاستشفاء ودراسة المنافس جيدًا. وأكد أننا نواجه منافسًا كبيرًا بحجم الأرجنتين، ولديهم أسطورة مثل ميسي، لكننا نعمل على تطبيق أفكارنا الفنية المعتادة. وأضاف المدير الفني لمنتخب مصر، إذا ركزت في لاعبي الفريق المنافس لن تستطيع مواصلة العمل، وكل تركيزنا على إسعاد الشعب المصري، وليس أسماء المنافسين. وعلق حسام حسن، أتعاطف مع الشعب الفلسطيني لأنني إنسان.. والقضية الفلسطينية في قلب كل مصري. اقرأ أيضا| رقم خاص وآخر تاريخي| إمام عاشور على موعد مع التاريخ أمام الأرجنتين في كأس العالم 2026,2026-07-07T09:49:19.377204+00:00,
akhbarelyom,tier2,https://akhbarelyom.com/news/newdetails/4846474/1/%D9%85%D9%8A%D9%86%D8%A7%D8%A1-%D8%A7%D9%84%D8%B3%D8%AE%D9%86%D8%A9-%D9%8A%D8%B3%D8%AA%D9%82%D8%A8%D9%84-%D8%A7%D9%84%D8%B3%D9%81%D9%8A%D9%86%D8%A9-CHIPOLBROK-S,ميناء السخنة يستقبل السفينة CHIPOLBROK SUN وعلى متنها ونش عملاق,akhbarelyom,2026-07-06 15:37:30+00:00,بوابة أخبار اليوم الإلكترونية,بوابة اخبار اليوم,,289,أعلنت الهيئة العامة للمنطقة الاقتصادية لقناة السويس ، عن استقبال ميناء السخنة السفينة CHIPOLBROK SUN، وعلى متنها ونش عملاق من طراز Terex-Gottwald بقدرة رفع تبلغ 150 طنًا، والمخصص لتشغيل محطة البضائع العامة والصب الجاف التابعة لشركة ترانس كارجو إنترناشيونال، وذلك في إطار جهود الهيئة المتواصلة لتطوير ميناء السخنة وتعزيز مكانته كميناء محوري رئيسي بمنطقة البحر الأحمر. اقرأ أيضا / اقتصادية قناة السويس تقود حوارًا مع المستثمرين لمواءمة إعداد الكوادر الفنية وتُعد شركة ترانس كارجو إنترناشيونال، أحد المشغلين الجدد ب ميناء السخنة ، حيث تضم المحطة الواقعة بالحوض السادس رصيفًا بحريًا بطول 676 مترًا طوليًا، إلى جانب ساحة خلفية على مساحة تقارب 70 ألف متر مربع، وتمثل هذه المحطة المرحلة الأولى من نشاط الشركة بالميناء، على أن يكتمل التشغيل الكامل للمحطة بنهاية عام 2027 بإجمالي مساحة تبلغ 335 ألف متر مربع، بما يعزز القدرات التشغيلية للميناء ويزيد من جاهزيته لاستقبال وتداول مختلف أنواع البضائع. ويمثل وصول هذا الونش خطوة عملية في استكمال الإجراءات التنفيذية والتعاقدية التي تقودها الهيئة العامة للمنطقة الاقتصادية لقناة السويس بالتعاون مع شركائها من المستثمرين والمشغلين، ومن المنتظر أن يستقبل الميناء والمحطة خلال الشهر الجاري 3 أوناش أخرى بقدرة رفع 150 طنًا لكل منها، في إطار خطة متكاملة تستهدف تعظيم الاستفادة من البنية التحتية الحديثة التي يشهدها ميناء السخنة، وجذب المزيد من الاستثمارات النوعية في الأنشطة اللوجستية والمينائية. ويأتي وصول المعدات الجديدة في إطار استراتيجية الهيئة لتطوير ميناء السخنة ورفع كفاءته التشغيلية، بما يسهم في زيادة الطاقة الاستيعابية للميناء، وتنويع الخدمات المقدمة وتعزيز تنافسيته على المستويين الإقليمي والدولي، دعمًا لرؤية المنطقة الاقتصادية لقناة السويس في تأكيد مكانتها كمركز صناعي ولوجستي عالمي متكامل. كما تأتي هذه الجهود بالتعاون الوثيق مع وزارة النقل ووزارة المالية ومصلحة الجمارك المصرية في تيسير الإجراءات الخاصة بوصول وتركيب وتشغيل هذا النوع من المعدات، بما أسهم في تسريع وتيرة التنفيذ وتعزيز كفاءة جاهزية المحطة.,2026-07-07T09:49:18.957973+00:00,
akhbarelyom,tier2,https://akhbarelyom.com/news/newdetails/4846718/1/%D8%AD%D8%A7%D8%B2%D9%85-%D8%A7%D9%84%D9%85%D9%86%D9%88%D9%81%D9%8A-%D8%AA%D9%88%D8%AC%D9%8A%D9%87%D8%A7%D8%AA-%D8%A7%D9%84%D8%B1%D8%A6%D9%8A%D8%B3-%D8%A7%D9%84%D8%B3%D9%8A%D8%B3%D9%8A-%D8%AA%D8%AF%D8%B4%D9%86-,حازم المنوفي: توجيهات الرئيس السيسي تدشن عصرًا جديدًا للصناعة المصرية,akhbarelyom,2026-07-07 07:42:17+00:00,بوابة أخبار اليوم الإلكترونية,بوابة اخبار اليوم,,274,"أكد حازم المنوفي، عضو شعبة المواد الغذائية الغرفة التجارية ، أن توجيهات الرئيس عبد الفتاح السيسي بالإسراع في تنفيذ الاستراتيجية الصناعية الوطنية تمثل نقطة تحول حقيقية في مسار الصناعة المصرية، وتؤسس لمرحلة جديدة تقوم على زيادة الإنتاج، وتعميق التصنيع المحلي، وتعزيز تنافسية الاقتصاد الوطني. وقال المنوفي إن إعلان الدولة مستهدف الوصول بالصادرات غير البترولية إلى 100 مليار دولار يعكس رؤية طموحة تستند إلى تطوير الصناعة باعتبارها قاطرة النمو الاقتصادي، مشيرًا إلى أن اختيار الصناعات الغذائية ضمن القطاعات ذات الأولوية يؤكد مكانتها الاستراتيجية في دعم الأمن الغذائي، ورفع القيمة المضافة للمنتج المصري، وزيادة قدرته على المنافسة في الأسواق الإقليمية والعالمية. اقرأ أيضا | حازم المنوفي: هيكلة منظومة الدعم والتحول الرقمي ركيزتان لاستقرار الأسواق وأضاف أن توجيهات الرئيس بربط تنفيذ برامج الاستراتيجية بجداول زمنية واضحة، والتوسع في توطين الصناعات المغذية، وتعزيز اندماج مصر في سلاسل الإنتاج العالمية، تمثل رسالة قوية للمستثمرين المحليين والأجانب بأن الدولة عازمة على بناء بيئة صناعية حديثة وقادرة على جذب المزيد من الاستثمارات. وأوضح أن الاهتمام بالمصانع المتعثرة، ودعم المشروعات الصغيرة والمتوسطة، وتطوير الموردين، وتطبيق الرقمنة، وتذليل العقبات أمام المستثمرين، كلها خطوات من شأنها زيادة الطاقة الإنتاجية، وتقليل الاعتماد على الواردات، وتحقيق استقرار أكبر في الأسواق، بما ينعكس إيجابًا على المنتج والتاجر والمستهلك. وأشار إلى أن التوسع في توطين صناعة السيارات والصناعات المغذية، والاهتمام بالطاقة النظيفة، ومبادرة ""شمس الصناعة""، تؤكد أن الدولة تتبنى رؤية صناعية متكاملة تجمع بين التنمية الاقتصادية والاستدامة البيئية، بما يعزز مكانة مصر كمركز صناعي إقليمي. وشدد على أن المرحلة المقبلة تتطلب تكاتف جميع الأطراف، وفي مقدمتها الحكومة والقطاع الخاص ومنظمات الأعمال، لتنفيذ مستهدفات الاستراتيجية الصناعية على أرض الواقع، بما يسهم في زيادة الإنتاج، وخلق فرص عمل جديدة، وتعزيز الصادرات، وترسيخ مكانة مصر كإحدى أهم القواعد الصناعية في المنطقة.",2026-07-07T09:49:20.467957+00:00,
akhbarelyom,tier2,https://akhbarelyom.com/news/newdetails/4846420/1/%D8%B1%D8%A6%D9%8A%D8%B3-%D8%A7%D9%84%D8%A5%D8%B5%D9%84%D8%A7%D8%AD-%D8%A7%D9%84%D8%B2%D8%B1%D8%A7%D8%B9%D9%8A-%D9%8A%D8%AA%D9%81%D9%82%D8%AF-%D8%A7%D9%84%D8%AC%D9%85%D8%B9%D9%8A%D8%A7%D8%AA-%D9%88%D8%A7%D9%84%D9%85,رئيس «الإصلاح الزراعي» يتفقد الجمعيات والمشروعات الزراعية بالمنوفية,akhbarelyom,2026-07-06 13:47:01+00:00,بوابة أخبار اليوم الإلكترونية,بوابة اخبار اليوم,,219,أجرى المهندس محمد الخطيب، رئيس الهيئة العامة للإصلاح الزراعي ، زيارة تفقدية موسعة لمديرية الإصلاح الزراعي بمحافظة المنوفية تنفيذاً لتوجيهات علاء فاروق، وزير الزراعة واستصلاح الأراضي، بالمتابعة الميدانية المستمرة لملفات الإصلاح الزراعي وتطوير الخدمات المقدمة للمزارعين، وشملت الجولة تفقد عدد من المشروعات الإنتاجية، والجمعيات الزراعية، ومخازن الأسمدة بالمحافظة؛ للوقوف على عمليات الصرف للمزارعين، والتأكد من توافر الأرصدة والالتزام بالتيسير عليهم وتوفير كافة سبل الراحة لهم. اقرا ايضا | تنزيل الزريعة السمكية في حقول الأرز بالشرقية وعقد رئيس الهيئة لقاءً موسعاً لبحث الملفات الحيوية التي تهم المنتفعين والمستأجرين، بحضور قيادات الهيئة والمديرية. وشدد الخطيب، خلال لقائه بقيادات مديرية الإصلاح الزراعي بمحافظة بالمنوفية والمناطق وأعضاء مجالس إدارات الجمعيات المشتركة والمحلية بالمحافظة، على الحسم التام في ملف حماية الأراضي وعدم التهاون مع أي تعديات، موجهاً باتخاذ كافة الإجراءات القانونية الفورية حيال المخالفين وإلزامهم بإعادة الأرض للحالة الزراعية، مع الوقف الفوري لصرف الأسمدة المدعمة للمتعدين على الرقعة الزراعية. ووجه رئيس الهيئة بسرعة تحرير عقود الإيجار الخاصة بالأراضي الزراعية والأحكار، والتيسير على المنتفعين، كما أكد على الدور المحوري لأعضاء مجالس إدارات الجمعيات الزراعية في تبني مشروعات تنموية جديدة، تساهم في تعظيم موارد الجمعيات وتوفير فرص عمل، فضلا عن المشروعات التي تحقق الأمن الغذائي، وتخفيف العبء عن كاهل المواطنين. وخلال اللقاء، تم الاستماع الى عدد من المزارعين والمنتفعين، والوقوف على بعض المشكلات التي تواجههم، حيث تم وضع حلول فورية وآليات تنفيذية لحلها على أرض الواقع.,2026-07-07T09:49:20.324569+00:00,
akhbarelyom,tier2,https://akhbarelyom.com/news/newdetails/4846484/1/%D8%A3%D8%B3%D8%AA%D9%82%D8%B1%D8%A7%D8%B1-%D9%81%D9%89-%D8%A3%D8%B3%D8%B9%D8%A7%D8%B1-%D8%A7%D9%84%D8%AD%D8%AF%D9%8A%D8%AF-%D8%A7%D9%84%D9%8A%D9%88%D9%85-%D8%A7%D9%84%D8%A3%D8%AB%D9%86%D9%8A%D9%86-6-,أستقرار فى أسعار الحديد اليوم الأثنين 6 يوليو 2026,akhbarelyom,2026-07-06 15:37:30+00:00,بوابة أخبار اليوم الإلكترونية,بوابة اخبار اليوم,,167,"شهدت أسعار الحديد اليوم الأثنين 6 يوليو 2026 حالة من الاستقرار النسبي المائل للانخفاض الطفيف، حيث يتراوح سعر الطن تسليم أرض المصنع في معظم الشركات الكبرى بين 39,000 و39,850 جنيهًا، بينما بلغ متوسط سعر الطن النهائي للمستهلك شاملاً تكاليف النقل والضرائب أكثر من 40,000 جنيه. بحسب بيانات بوابة الأسعار المحلية والعالمية التابعة لمجلس الوزراء. اقرأ أيضا / استقرار في أسعار الحديد اليوم الخميس 2 يوليو 2026 أسعار الحديد اليوم الأثنين 6 يوليو 2026 حديد عز : 39,850 جنيهًا للطن. حديد بشاي: 39,800 جنيه للطن. حديد العتال: 39,500 جنيه للطن. حديد المصريين: 39,400 جنيه للطن. حديد المراكبي: 39,400 جنيه للطن. السويس للصلب: 39,350 جنيهًا للطن. حديد الجارحي: 39,200 جنيه للطن. حديد الجيوشي: 39,000 جنيه للطن. حديد العشري: 39,000 جنيه للطن. بينما أسعار فئات الحديد الأخرى وسوق التجزئة الحديد الاستثماري اليوم الأثنين6 يوليو 2026 ومتوسط سعره الرسمي حوالي 38,348 جنيهًا للطن. الفئة الاقتصادية: أسعار بعض المصانع الصغيرة من 36,000 جنيه للطن. السوق للمستهلك: يُضاف على أسعار أرض المصنع السابقة مبالغ تتراوح بين 1,000 إلى 2,000 جنيه قيم شحن ومصروفات.",2026-07-07T09:49:20.620153+00:00,
akhbarelyom,tier2,https://akhbarelyom.com/news/newdetails/4846278/1/-%D8%AD%D9%8A%D8%A7%D8%A9-%D9%83%D8%B1%D9%8A%D9%85%D8%A9-%D8%AA%D8%B9%D9%8A%D8%AF-%D8%A7%D9%84%D8%AD%D9%8A%D8%A7%D8%A9-%D9%84%D9%84%D8%B1%D9%8A%D9%81--%D9%85%D8%B1%D8%A7%D8%AD%D9%84-%D8%AA%D8%B7%D9%88,«حياة كريمة تعيد الحياة للريف».. مراحل تطور خدمات الصرف الصحي,akhbarelyom,2026-07-06 10:07:48+00:00,بوابة أخبار اليوم الإلكترونية,بوابة اخبار اليوم,,601,"يشهد قطاع الصرف الصحي في الريف المصري، تحولًا جذريًا يعكس أحد أبرز مسارات التطوير في البنية التحتية خلال السنوات الأخيرة، وذلك في إطار المبادرة الرئاسية ""حياة كريمة"" التي تستهدف إعادة صياغة واقع الخدمات الأساسية داخل القرى الأكثر احتياجًا. عانى القطاع لعقود من ضعف التغطية وتداعيات صحية وبيئية واسعة، حتى أعادت المشروعات القومية الممتدة رسم خريطة الخدمة، ورفعت معدلات الإتاحة بشكل ملحوظ، مما يشير إلى أن ما يجري يتجاوز مجرد تحسينات خدمية ليصل إلى عملية تغيير هيكلي في جودة الحياة. ◄ تحسين جودة الحياة في القرى وفي هذا السياق، نشر المركز الإعلامي لمجلس الوزراء فيديو عبر منصاته على مواقع التواصل الاجتماعي، يستعرض من خلاله مراحل تطور خدمات الصرف الصحي في قرى الريف المصري ضمن المبادرة الرئاسية ""حياة كريمة""، وذلك في إطار تسليط الضوء على جهود الدولة لتطوير البنية الأساسية، والارتقاء بمستوى الخدمات المقدمة للمواطنين، وتحسين جودة الحياة في القرى الأكثر احتياجًا. ويبرز الفيديو حجم التحول الذي شهده قطاع الصرف الصحي، من واقع عانت فيه ملايين الأسر، خاصة في الريف المصري، من ضعف الخدمات وتداعياتها الصحية والبيئية، إلى تنفيذ مشروعات قومية واسعة النطاق أسهمت في تحسين مستوى الخدمة، والتوسع في تغطية القرى، بما يعكس حجم ما تحقق من إنجازات خلال السنوات الماضية. اقرأ أيضًا| من تحديات بيئية متراكمة إلى منظومة مستدامة لدعم الموارد وتعزيز الاقتصاد الأخضر ◄ تدخل شامل لتغيير الواقع واستعرض الفيديو الأوضاع التي كانت عليها خدمات الصرف الصحي قبل عام 2014، حيث ظلت حياة ملايين المواطنين في الريف المصري لسنوات طويلة مرتبطة بمعاناة يومية، في ظل انتشار مياه الصرف بالشوارع والترع والمنازل، بما تسبب في تلوث التربة والمياه الجوفية، فضلًا عن انتشار العديد من الأمراض التي أثرت على حياة المواطنين. وأوضح الفيديو أن نسبة تغطية الصرف الصحي بالقرى بلغت نحو 12% فقط عام 2014، وهو ما يعني اعتماد قطاع كبير من المواطنين على الخزانات التقليدية للتخلص من مياه الصرف، بما فرض ظروفًا غير صحية على ملايين الأسر. كما أشار الفيديو إلى أن نحو 50 مليون مواطن كانوا يعانون من طفح مياه الصرف في الشوارع، وفقًا للبنك الدولي، مؤكدًا أن حجم هذا التحدي استلزم تدخلًا شاملًا لتغيير الواقع، والانطلاق في تنفيذ مشروعات كبرى لتطوير خدمات الصرف الصحي. ◄ إطلاق أكبر عملية لتطوير الريف المصري ورصد الفيديو بداية تنفيذ الدولة لعدد من البرامج والمبادرات، وفي مقدمتها برنامج ""سكن كريم"" عام 2018، ثم المبادرة الرئاسية ""حياة كريمة"" عام 2019، والتي شهدت إطلاق أكبر عملية لتطوير الريف المصري في تاريخه، بعدما استهدفت تحسين مستوى معيشة نحو 60 مليون مواطن في الريف المصري، واضعة ملف الصرف الصحي على رأس أولوياتها. وأوضح الفيديو أن هذه الجهود أسهمت في رفع نسبة تغطية الصرف الصحي بالقرى إلى 60% عام 2026، مقارنة بنحو 12% عام 2014، كما استفاد 7 ملايين مواطن من تنفيذ 1.4 مليون وصلة صرف صحي منزلية من إجمالي 1.5 مليون وصلة، بتكلفة بلغت 9.8 مليارات جنيه. وأضاف الفيديو أنه تم كذلك تنفيذ 22 محطة معالجة من إجمالي 91 محطة، بما أسهم في حماية مياه نهر النيل، ودعم قطاع الزراعة من خلال التوسع في استخدام المياه المعالجة. كما استعرض الفيديو مستهدفات المرحلة الثانية من المبادرة الرئاسية ""حياة كريمة""، والتي تشمل رفع نسبة تغطية الصرف الصحي بالقرى إلى 71%، إلى جانب تنفيذ 1.8 مليون وصلة صرف صحي منزلية بتكلفة 13.8 مليار جنيه، يستفيد منها 12.6 مليون مواطن. ◄ إشادة دولية من منظمة اليونيسف وأشار الفيديو إلى أن المرحلة الثانية من المبادرة تستهدف أيضًا تنفيذ 65 محطة معالجة بطاقة 868.5 مليون م3 يوميًا، وبتكلفة 30.4 مليار جنيه، لافتًا إلى أنه من المتوقع، مع استكمال المرحلة الثالثة من المبادرة، وصول نسبة تغطية الصرف الصحي في قرى مصر إلى 80%. واختتم الفيديو بالإشارة إلى أن ما تحقق في هذا القطاع حظي بإشادة دولية من منظمة اليونيسف، ولا سيما فيما يتعلق بالتحسن الملحوظ في وصول خدمات المياه والصرف الصحي إلى المواطنين، نتيجة ما تم تنفيذه من برامج ومشروعات على مدار السنوات العشر الماضية.",2026-07-07T09:49:20.968984+00:00,
akhbarelyom,tier2,https://akhbarelyom.com/news/newdetails/4846693/1/%D8%AA%D8%B1%D8%A7%D8%AC%D8%B9-%D8%A3%D8%B3%D8%B9%D8%A7%D8%B1-%D8%A7%D9%84%D8%B9%D9%85%D9%84%D8%A7%D8%AA-%D8%A7%D9%84%D8%A3%D8%AC%D9%86%D8%A8%D9%8A%D8%A9-%D9%81%D9%8A-%D8%A8%D8%AF%D8%A7%D9%8A%D8%A9-%D8%AA%D8%B9,تراجع أسعار العملات الأجنبية في بداية تعاملات اليوم 7 يوليو 2026,akhbarelyom,2026-07-07 06:28:06+00:00,بوابة أخبار اليوم الإلكترونية,بوابة اخبار اليوم,,138,تراجعت أسعار العملات الأجنبية ، في بداية تعاملات اليوم 7 يوليو 2026، مقابل الجنيه المصري بالبنوك العاملة بالسوق المحلية، وشركات الصرافة بعد اندلاع الحرب الأمريكية وإسرائيل على إيران. وتعمل بعض فروع البنوك وشركات الصرافة في المطارات والفنادق والنوادي والمولات في بعض مناطق القاهرة وبعض المدن السياحية خلال أيام الإجازات والعطلات الرسمية. سعر اليورو اليوم في مصر سجل سعر اليورو اليوم في مصر سعر 55.83 جنيه للشراء، و55.99 جنيه للبيع. سعر الجنيه الإسترليني سعر الجنيه الإسترليني 65.34 جنيه للشراء، وسعر 65.55 جنيه للبيع. سعر الفرنك سويسري بلغ سعر الفرنك سويسري 60.59 جنيه للشراء، و60.80 جنيه للبيع. سعر ال100 ين الياباني وسعر ال100 ين الياباني سجل 30.10 جنيه للشراء، 30.23 جنيه للبيع. سعر اليوان الصيني. في حين بلغ سعر تحويل اليوان الصيني، نحو 7.18جنيه للشراء، 7.20جنيه للبيع .اقرأ أيضا تراجع أسعار العملات الأجنبية في بداية تعاملات اليوم 6 يوليو 2026,2026-07-07T09:49:21.043803+00:00,
akhbarelyom,tier2,https://akhbarelyom.com/news/newdetails/4846696/1/%D8%AA%D8%B1%D8%A7%D8%AC%D8%B9-%D8%A3%D8%B3%D8%B9%D8%A7%D8%B1-%D8%A7%D9%84%D8%B9%D9%85%D9%84%D8%A7%D8%AA-%D8%A7%D9%84%D8%B9%D8%B1%D8%A8%D9%8A%D8%A9-%D9%81%D9%8A-%D8%A8%D8%AF%D8%A7%D9%8A%D8%A9-%D8%AA%D8%B9%D8%A7,تراجع أسعار العملات العربية في بداية تعاملات اليوم 7 يوليو 2026,akhbarelyom,2026-07-07 06:28:05+00:00,بوابة أخبار اليوم الإلكترونية,بوابة اخبار اليوم,,150,تراجعت أسعار معظم العملات العربية ، في البنوك العاملة في السوق المصري خلال بداية تعاملات، اليوم الموافق 7 يوليو 2026 مقابل الجنيه المصري، في البنوك العاملة بالسوق المحلية بعد اندلاع الحرب الأمريكية وإسرائيل على إيران. جاءت أسعار العملات العربية كالتالي: سعر الريال السعودي في البنوك المصرية. سجل 12.97جنيه للشراء، و13.02جنيه للبيع. سعر الدينار الكويت في البنوك المصرية .سجل 154.17جنيه للشراء، و159.06جنيه للبيع. سعر الدرهم الإماراتي في البنوك المصرية. سجل 13.27جنيه للشراء وسعر 13.31جنيه للبيع سعر الريال السعودي في البنك المركزي المصري. بلغ 12.99جنيه للشراء، و 13.02جنيه للبيع. سعر الدينار الكويتي في البنك المركزي المصري سجل سعر158.59جنيه للشراء، و 159.09جنيه للبيع. سعر الدرهم الإماراتي في البنك المركزي المصري. سجل 13.28جنيه للشراء، و 13.32جنيه للبيع. وتعمل بعض فروع البنوك و شركات الصرافة في المطارات والفنادق والنوادي والمولات في بعض مناطق القاهرة وبعض المدن السياحية خلال أيام الإجازات والعطلات الرسمية. اقرأ أيضا استقرار أسعار العملات العربية في بداية تعاملات اليوم 6 يوليو 2026,2026-07-07T09:49:21.907989+00:00,
akhbarelyom,tier2,https://akhbarelyom.com/news/newdetails/4846005/1/%D8%A7%D9%84%D8%A3%D9%88%D9%83%D8%AA%D8%A7%D8%AC%D9%88%D9%86!,الأوكتاجون!,akhbarelyom,2026-07-06 10:30:00+00:00,بوابة أخبار اليوم الإلكترونية,بوابة اخبار اليوم,,279,فى مساء يوم يحمل نفحات الأمل.. وقف الشعب المصرى شاهدًا على لحظة وطنية جديدة: افتتاح الرئيس عبد الفتاح السيسى لمقر القيادة الاستراتيجية للدولة بالعاصمة الجديدة.. المبنى المعروف باسم «الأوكتاجون».. لم يكن مجرد صرح جديد فى خارطة القاهرة الحديثة.. بل رمزية واضحة لعهد تلتقى فيه القوة بالحنكة.. والتقنية بالرؤية.. وحماية الوطن بالتماسك الوطنى!.. مقر القيادة لم يكن هدفًا معماريًا يضم ثمانية أضلاع وفقًا لليونانية القديمة فحسب.. بل رسالة بأن للدولة قيادة تقود المشهد بتخطيط استراتيجى يواكب تحديات القرن.. وخلال كلمته شدد الرئيس على أن هذا الصرح يمثل مركزًا لتنسيق الجهود الأمنية والتنموية وتعزيز جاهزية القوات المسلحة فى مواجهة أى تهديد.. قال الرئيس بلهجة تحمل ثقل المسئولية والإيمان بالمستقبل: إن قوة الوطن لا تقاس فقط بأسلحته بل بوحدة شعبه ووضوح رؤيته.. أما الجيش فهو درع الوطن ونبراس الأمن والأمان.. إن تاريخ مصر مع جيشها طويل وحافل.. وفى الاحتفال الذى أقيم أمس الأول تجلت هذه العلاقة برمزيتها: جنود شباب يصطفون بثبات وبنظرات كلها أمل.. وابتسامات لأعضاء فرقة أوركسترا القاهرة السيمفونى بالتعاون مع الأوركسترا السيمفوني العسكرى لأول مرة اللذين عزفا مقطوعات موسيقية وأناشيد وطنية نحفظها عن ظهر قلب زادت من حماسنا فعاشت معها الحناجر ترديدًا وغناء.. ورافق كل ذلك لوحات جوية لمروحيات حديثة قدمت عروضًا مختلفة للشكل الهرمى.. وقد أكد اللواء أركان حرب أشرف سالم زاهر وزير الدفاع فى كلمته أن الجيش ليس مجرد قوة قتالية بل مؤسسة وطنية تعمل على حفظ الاستقرار والمساهمة فى التنمية ومساندة الدولة فى الكوارث والأزمات.. وتحدث عن جاهزية ودور القوات المسلحة فى حماية الأمن القومى وتحقيق التنمية.. أما كلمة الرئيس فتضمنت رؤية عميقة للمستقبل: تعزيز القدرات الدفاعية مع الاهتمام بالتنمية الاقتصادية والاجتماعية.. فى رأيى أن مشهد هذا الافتتاح عكس فكرًا استراتيجيًا: أن الأمن والتنمية وجهان لعملة واحدة.. دون استقرار لا تزدهر الاقتصادات.. ودون تطور لا تحمى المكتسبات.,2026-07-07T09:49:22.187368+00:00,
akhbarelyom,tier2,https://akhbarelyom.com/news/newdetails/4846469/1/%D9%82%D8%B1%D8%A7%D8%B1%D8%A7%D8%AA-%D9%85%D9%87%D9%85%D8%A9-%D9%85%D9%86-%D8%A7%D9%84%D8%A8%D9%86%D9%83-%D8%A7%D9%84%D9%85%D8%B1%D9%83%D8%B2%D9%8A-%D8%A7%D9%84%D9%85%D8%B5%D8%B1%D9%8A-%D9%81%D9%8A-%D9%85,قرارات مهمة من البنك المركزي المصري في مجال مكافحة الاحتيال,akhbarelyom,2026-07-06 14:55:22+00:00,بوابة أخبار اليوم الإلكترونية,بوابة اخبار اليوم,,1315,أصدر البنك المركزي المصري ، خلال الأيام الماضية، عدة قرارات وتعليمات هامة للقطاع المصرفي في مجال التمويل المصرفي والتمويل المستدام في عدد من القطاعات، وفي مجال مكافحة الاحتيال، بالاضافة لضوابط استثمارات البنوك في سندات الشركات وسندات التوريق. وأصدر البنك المركزي المصري ، كتاب دوري بشأن تطبيق البنوك نظام إدارة المخاطر البيئية والاجتماعية ضمن سياسة التمويل المستدام والدليل الاسترشادي للتطبيق، وجاء فيه إنه بالإشارة إلى الكتب الدورية الصادرة في مجال تعزيز التمويل المستدام ومنها الكتاب الدوري بتاريخ 2 نوفمبر 2022 بشان التعليمات الخاصة بالتمويل المستدام والمتضمنة التزام البنوك بإدراج سياسات التمويل المستدام ضمن السياسات الائتمانية والاستثماري. اقرأ أيضا | البنك المركزي يحسم أسعار الفائدة في مصر 9 يوليو وسط توقعات بالتثبيت وأكد أنه انطلاقا من دور البنك المركزي في الحفاظ على الاستقرار المالي والمصرفي، ودعم التوجه نحو تعزيز التمويل المستدام، بالإضافة إلى تعزيز قدرة وجاهزية البنوك لمواجهة المخاطر، فقد برزت أهمية توجيه البنوك نحو وضع أسس الإدارة المخاطر البيئية والاجتماعية عن طريق تطبيق نظام الإدارة تلك المخاطر ) Environmental and Social Risk Management System - ESRMS)، وأيضا إدارة المخاطر المالية المرتبطة بتغير المناخ، وذلك من خلال إصدار الدليل الإسترشادي بهدف توضيح آليات تطبيق هذا النظام ودمجه ضمن القرارات الائتمانية والاستثمارية وأطر الحوكمة والرقابة الداخلية بالبنك، عملاً على رفع الوعي الخاص بتلك المخاطر والتأهب لإدارتها بصورة تفصيلية. وأوضح البنك المركزي المصري ، ضرورة الالتزام بتطبيق نظام الإدارة المخاطر البيئية والاجتماعية (ESRMS) في موعد أقصاه يناير 2028 واعتباره جزءا لا يتجزأ من سياسات التمويل المستدام والإطار العام لإدارة المخاطر بالبنك، على أن يكون مدير إدارة الاستدامة والتمويل المستدام بالبنك هو المسئول عن التنسيق بين قطاعات البنك المعنية ومراجعة التقارير ذات الصلة وموافاة إدارة الاستدامة بالبنك المركزي بها وبما يفيد تطبيق النظام المشار إليه، وذلك على أن يشمل نظام إدارة المخاطر البيئية والاجتماعية ما يلي كحد أدنى وأضاف أن الإجراءات التنفيذية متضمنة الأدوار والمسؤوليات، وآليات تصنيف وتقييم ومتابعة المشاريع بما في ذلك الفحص النافي للجهالة وإعداد التقارير ذات الصلة، بجانب تحديد العمليات التمويلية والاستثمارية التي يتعين أن تخضع لهذا النظام وإجراء متابعة دورية لها. وأشار إلي ضرورة الاسترشاد بالدليل المرفق في تطبيق إجراءات إدارة المخاطر المالية المرتبطة بتغير المناخ، وبناء القدرات الفنية للعاملين بالبنك في مجالي المخاطر المالية المرتبطة بتغير المناخ وتطبيق نظام إدارة المخاطر البيئية والاجتماعية. من ناحية أخرى، أصدر البنك المركزي المصري ، كتاب دوري بشأن ضوابط استثمارات البنوك في سندات الشركات وسندات التوريق، جاء فيه أنه في إطار متابعة البنك المركزي المستمرة للقطاع المصرفي وتطوراته، وفي ضوء نمو استثمارات البنوك في السندات خلال الآونة الأخيرة سواء سندات الشركات أو سندات التوريق، وعملاً على إرساء إطار رقابي فعال الإدارة كافة المخاطر المصاحبة لهذا النوع من الاستثمارات، الأمر الذي ينعكس إيجاباً على سلامة واستقرار القطاع المصرفي، فقد قرر مجلس إدارة البنك المركزي أنه يتعين على البنوك الالتزام بما يلي لدى الاستثمار في السندات سندات الشركات وسندات التوريق. وشدد البنك المركزي، على ضرورة أن تتضمن السياسات الداخلية ذات الصلة ضوابط للاستثمار في السندات، ويتم اعتمادها من قبل مجلس إدارة البنك وموافاة البنك المركزي بها، على أن تشمل وضع حدود قصوى لإجمالي الاستثمارات في السندات نسبة إلى المحفظة الائتمانية وكذا إلى المحفظة الاستثمارية للبنك، ووضع حدود قصوى على مستوى القطاع الواحد من إجمالي استثمارات البنك في السندات، و وضع حد أقصى للسندات الخاصة بالشركة المصدرة الواحدة إلى إجمالي محفظة سندات الشركات وكذا حد أقصى لسندات التوريق الخاصة بالشركة المنشئة الواحدة إلى إجمالي محفظة سندات التوريق، ووضع حد أدنى للتصنيف الائتماني المقبول للسندات على ألا يقل عن ( BBB) وكذا حد أقصى لأجال استحقاقها، والتأكد من إدراج استثمارات البنك في سندات الشركات وكذا سندات التوريق الخاصة بكل شركة ضمن إجمالي التوظيفات، وذلك لدى حساب الحد الأقصى لتوظيفات البنك لدى العميل الواحد والعميل والأطراف المرتبطة به ولفت إلي ضرورة إعداد دراسة شاملة عن كافة السندات المزمع الاستثمار بها وتحديد كافة المخاطر التي قد تؤثر على التدفقات النقدية المتوقعة، على أن يشمل ذلك تقييم مستوى الجدارة الائتمانية للشركة المنشئة المصدرة من خلال دراسة البيانات المالية وغير المالية المتاحة عنها. وأوضح أنه يجب وضع إجراءات وضوابط لمتابعة مؤشرات أداء كافة السندات بشكل مستمر، مع إعداد تقارير ربع سنوية بالنتائج وعرضها على لجنة المخاطر بالبنك التي تقوم بدورها برفع التوصيات إلى مجلس الإدارة، والحصول على شهادة من مراقب الحسابات تفيد التزام الشركات المنشئة المصدرة بتطبيق الحد الأقصى لنسبة قيمة الأقساط المستحقة إلى الدخل الشهري للفرد المقررة من قبل البنك المركزي بموجب الكتاب الدوري المؤرخ 19 ديسمبر (2019)، وذلك بالنسبة للشركات المطالبة بتطبيق هذا الحد، ومراعاة أن تكون سندات التوريق الخاصة بشركات التنمية العقارية أو شركات التمويل العقاري تخص وحدات تم تسليمها فعلياً إلى مشتريها. وأكد البنك المركزي المصري، على ضرورة الالتزام بما ورد بالخطاب الدوري المؤرخ 24 سبتمبر 2025 بضرورة الحصول على خطاب من الهيئة العامة للرقابة المالية قبل التوظيف (منح تجديد تسهيلات ائتمانية عمليات التوريق ......) لدى كافة الشركات الخاضعة لرقابة الهيئة بما يفيد سلامة أداء تلك الشركات والتزامها بالمعايير والقواعد الممارسة النشاط المحدد من الهيئة، وعدم وجود أي مخالفات قائمة أو أي تدابير أو جزاءات إدارية، مع التأكيد على الالتزام بما ورد بضوابط منح الائتمان من ضرورة الحصول مسبقاً على موافقة البنك المركزي المصري لدى ضمان السندات الصادرة من الشركات والمؤسسات، مع تقديم دراسة وافية في هذا الشأن تتضمن التدفقات النقدية الخاصة بالشركة أو المؤسسة التي تصدر السندات وكذا المنشئة لمحافظ التوريق، مع مراعاة عدم الاستثمار في السندات حال قيام البنك بإصدار خطابات ضمان الصالح ذات الإصدار، و يتم منح البنوك فترة توفيق أوضاع ستة أشهر من تاريخ صدور التعليمات. كما أصدر البنك المركزي المصري ، كتاب دوري إلحاقاً للكتاب الدوري بشأن إنشاء إدارة متخصصة لإدارة ومكافحة الاحتيال بالبنوك، الحاقاً للكتاب الدوري الصادر بتاريخ 2 أبريل 20 بشأن إنشاء إدارة متخصصة لإدارة ومكافحة الاحتيال بالبنوك، وفي ضوء ما ورد من بعض البنوك من استفسارات من حيث نطاق تطبيق التعليمات المشار إليها، وبصفة خاصة ما يتعلق بأعمال الفحص الفني لحالات الاحتيال الداخلي والخارجي، ومدى ارتباط ذلك باختصاصات الإدارات والجهات الأخرى داخل البنك، وكذا بالاختصاصات المقررة قانوناً لوحدة مكافحة غسل الأموال وتمويل الإرهاب. وأكد البنك المركزي المصري، أن عمل الإدارة المختصة بمكافحة الاحتيال بالبنك ينصب على وضع الأسس والسياسات والآليات والأنظمة اللازمة لمراقبة ومتابعة العمليات المصرفية بمختلف أنواعها من منظور مكافحة الاحتيال، بجانب التنسيق المستمر بين الإدارة المختصة بمكافحة الاحتيال بالبنك ومختلف الإدارات ذات الصلة بالبنك، بما في ذلك إدارة الالتزام، وبما لا يتعارض مع اختصاصات تلك الإدارات، بالإضافة إلي أن أعمال الفحص الفني الواردة بالتعليمات السابق إصدارها من البنك المركزي يقصد بها الأعمال المرتبطة بتحديد طبيعة واقعة الاحتيال محل الفحص، ووسيلة ارتكابها وأوجه القصور أو الثغرات المرتبطة بها، ومدى اتصالها بمخاطر الاحتيال الداخلي أو الخارجي، ودون أن يمتد ذلك إلى اختصاصات الإدارات المعنية بالبنك أو الجهات ذات الصلة ومنها إدارة الالتزام التي تختص بفحص العمليات المصرفية المرتبطة بالاحتيال وإخطار الوحدة عنها ضمن حالات الاشتباه، سواء ارتبطت بغسل الأموال أو الجرائم الأصلية أو تمويل الإرهاب أو محاولات القيام بهذه العمليات أيا كانت قيمتها، حيث تختص الوحدة، دون غيرها، قانوناً بتلقي هذه الحالات. وأوضح البنك المركزي المصري ، ضرورة ألا تحول عملية الفحص التي تقوم بها إدارة مكافحة الاحتيال بالبنك دون قيام أي من إدارات البنك بمباشرة اختصاصاتها الأصيلة وفقاً لما هو معمول به وكذا السياسات والإجراءات الداخلية للبنك، بما في ذلك التعامل مع حالات الاشتباه في جرائم غسل الأموال أو الجرائم الأصلية لغسل الأموال ومنها جرائم الاحتيال أو جرائم تمويل الإرهاب. وأشار إلي ضرورة تحديد الأدوار وفصل الصلاحيات وخلق إطار عام يضمن التنسيق المستمر، وتوافر آليات تضمن قيام الإدارة المختصة بمكافحة الاحتيال بإبلاغ إدارة الالتزام التي تقوم بدورها بفحص وإبلاغ الوحدة عن تلك الحالات، وأن يتمثل نطاق الاختصاصات الحالية للإدارة المركزية لمكافحة الاحتيال في الوقاية من جرائم الاحتيال من خلال إجراء البحوث والدراسات والاطلاع على أفضل الممارسات الدولية ودراسة المخاطر ذات الصلة ورفع الوعي للجهات الخاضعة بشأن الاحتيال المالي وأساليب الحد منه. وتختص وحدة مكافحة غسل الأموال وتمويل الإرهاب دون غيرها طبقا للقانون رقم 80 لسنة 2002 وتعديلاته ولائحته التنفيذية والتعليمات الرقابية ذات الصلة بتلقي وتحليل وتوجيه الإخطارات عن أية عمليات يشتبه في أنها تشكل متحصلات جرائم أصلية (بما فيها الاحتيال والنصب) أو تتضمن غسل أموال أو تمويل إرهاب، أو محاولات القيام بهذه العمليات أيا كانت قيمتها. وتتلقى الإدارة المركزية لمكافحة الاحتيال بالبنك المركزي المصري من إدارات مكافحة الاحتيال بالبنوك العاملة في مصر - وفقا لاختصاصات تلك الإدارات المبينة فيما سبق - كل ما يعاون الإدارة المركزية المكافحة الاحتيال على القيام باختصاصاتها ، كما لا يجوز الجمع بين وظيفة مسئول مكافحة الاحتيال وأي وظيفة أخرى.,2026-07-07T09:49:22.401265+00:00,
akhbarelyom,tier2,https://akhbarelyom.com/news/newdetails/4846455/1/%D8%B9%D9%85%D8%A7%D8%AF-%D8%A7%D9%84%D8%AF%D9%8A%D9%86-%D8%AD%D8%B3%D9%8A%D9%86--%D8%A7%D9%84%D8%A3%D9%88%D9%83%D8%AA%D8%A7%D8%AC%D9%88%D9%86-%D8%B4%D9%8A%D8%A1-%D9%8A%D8%AF%D8%B9%D9%88-%D9%84%D9%84%D9%81,"عماد الدين حسين: ""الأوكتاجون"" شيء يدعو للفخر ويجسد قوة جيش مصر",akhbarelyom,2026-07-06 14:35:52+00:00,بوابة أخبار اليوم الإلكترونية,بوابة اخبار اليوم,,205,"قال عماد الدين حسين، وكيل لجنة الإعلام بمجلس النواب، إن افتتاح مقر القيادة الاستراتيجى ""الأوكتاجون"" بالعاصمة الإدارية الجديدة، شيء يدعو للفخر فالمقر عندما تراه تشعر انك فى دولة وليس مقرا، تصميمه مذهل، ومحتوى كل الكليات العسكرية. ارتفاع ضحايا الهجوم الروسي على كييف إلى 14 قتيلا وأضاف عماد الدين حسين خلال لقاء عبر برنامج صباحك مصرى على ام بي سي مصر: أن المقر به مركز ادارة أزمات، فعندما تحدث أزمة فستجد كل مؤسسات الدولة فيه، كما يوجد به إدارت تتعامل مع المستجدات التى تحدث فى الدنيا. وأشار وكيل لجنة الإعلام بمجلس النواب الى صدفة حدثت وهى تزامن الافتتاح مع فوز منتخب مصر، فيوم الجمعة كنا نحتفل بالقوة الناعمة، ويوم السبت تحتفل بالقوى الصلبة وهى جنودك واسلحتك. ونوه عماد الدين حسين الى أن مصر تقريبا الدولة الوحيدة فى المنطقة مع دول الخليج الصامدة والتى لم تتعرض لهزات وهذا جزء أساسي منه الشعب المصرى والجزء الثانى هو الجيش، فنحن نمتلك جيشا قويا مسلحا بأحدث الأجهزة. واستطرد وكيل لجنة الإعلام بمجلس النواب قائلا: فإسرائيل لا تحترم إلا القوى فهى قائمة على عقيدة التفوق وتخشى أن تكون قويا، فإذا كنت قويا ستحترمك اما إذا كنت ضعيفا فستأكلك. وأشار عماد الدين حسين الى أن الرسالة التى بعثها افتتاح هذا المقر العسكرى السبت الماضى هى انك دولة قوية ويعمل لها ألف حساب.",2026-07-07T09:49:22.532698+00:00,
akhbarelyom,tier2,https://akhbarelyom.com/news/newdetails/4846633/1/%D8%B3%D9%81%D9%8A%D8%B1-%D8%A5%D8%B3%D9%84%D8%A7%D9%85-%D8%A2%D8%A8%D8%A7%D8%AF-%D8%A7%D9%84%D8%B4%D8%B1%D9%83%D8%A7%D8%AA-%D8%A7%D9%84%D8%A8%D8%A7%D9%83%D8%B3%D8%AA%D8%A7%D9%86%D9%8A%D8%A9-%D8%AA%D9%88%D8%B3%D8%B9,سفير باكستان: شركاتنا توسع استثماراتها في مصر ب30 مليون دولار,akhbarelyom,2026-07-06 19:43:18+00:00,بوابة أخبار اليوم الإلكترونية,بوابة اخبار اليوم,,185,"كشف السفير عامر شوكت، سفير دولة باكستان لدى مصر ، عن تنامي الاستثمارات الباكستانية في السوق المصرية، مؤكدًا أن عددًا من الشركات الباكستانية، من بينها شركات عالمية متخصصة في صناعة الملابس الرياضية، بدأت تنفيذ مشروعاتها داخل مصر. وأوضح سفير باكستان لدى مصر في لقاء خاص ببرنامج ""بالورقة والقلم"" على فضائية ""Ten""، مساء الاثنين، أن أعمال إنشاء أحد هذه المشروعات انطلقت بالفعل داخل المنطقة الاقتصادية لقناة السويس، باستثمارات تبلغ نحو 30 مليون دولار، في خطوة تعكس ثقة المستثمرين الباكستانيين في مناخ الاستثمار المصري. وأضاف أن هناك أيضًا شركات باكستانية تعمل في محافظة الإسكندرية، مشيرًا إلى وجود اهتمام متبادل ومتزايد بين المستثمرين في مصر وباكستان لتعزيز الشراكات الاقتصادية والاستثمارية. وفي المقابل، لفت السفير إلى أن عددًا من الشركات المصرية الكبرى بدأ توسيع نشاطه داخل باكستان، من بينها مجموعة أورا وشركة السويدي، إلى جانب المشروعات القائمة لرجل الأعمال نجيب ساويرس، وهو ما يعكس قوة العلاقات الاقتصادية بين البلدين. وأكد السفير عامر شوكت أن المرحلة المقبلة تتطلب تعزيز هذا التعاون الاقتصادي والاستثماري، مشددًا على أن السفارة تعمل مع الجهات المعنية في البلدين على تهيئة الظروف لزيادة حجم الاستثمارات المشتركة وفتح آفاق جديدة للتعاون بما يخدم المصالح الاقتصادية لمصر وباكستان.",2026-07-07T09:49:22.773558+00:00,
alahram,tier1,https://gate.ahram.org.eg/?nf=1,البنك الأهلي المصري يتصدر السوق بـ19 صفقة تمويلية بقيمة 168.9 مليار جنيه - بوابة الأهرام,,2026-07-06 14:52:00+00:00,البنك الأهلي المصري يتصدر السوق بـ19 صفقة تمويلية بقيمة 168.9 مليار جنيه&nbsp;&nbsp;بوابة الأهرام,بوابة الأهرام,ar,,,2026-07-07T09:49:30.475125+00:00,"Extraction failed: Failed to fetch: HTTPSConnectionPool(host='gate.ahram.org.eg', port=443): Max retries exceeded with url: /?nf=1 (Caused by ResponseError('too many 429 error responses'))"
alahram,tier1,https://gate.ahram.org.eg/News/5746092.aspx,هبوط أسعار الذهب اليوم الإثنين في مصر.. عيار 21 يخسر 95 جنيها - بوابة الأهرام,,2026-07-06 16:16:00+00:00,شهدت أسعار الذهب اليوم الإثنين في مصر هبوطا كبيرا بنحو 95 جنيها في جرام الذهب عيار 21 في سوق الصاغة والمجوهرات المحلية متأثرا بتراجع,بوابة الأهرام,ar,325,شهدت أسعار الذهب اليوم الإثنين في مصر هبوطا كبيرا بنحو 95 جنيها في جرام الذهب عيار 21 في سوق الصاغة والمجوهرات المحلية متأثرا بتراجع سعر صرف الدولار أمام الجنيه المصري إضافة إلي تراجع سعر المعدن الأصفر في البورصة العالمية. موضوعات مقترحة سعر الذهب بالدولار سجّل سعر الذهب عالميًا تراجعًا ملحوظًا اليوم الإثنين، خلال أولى جلسات تداول الأسبوع، حيث فقدت أوقية الذهب نحو 27 دولارًا مقارنة بسعر إغلاق الأسبوع الماضي، لتصل إلى مستوى 4148 دولارًا للأوقية وقت كتابة هذا التقرير. ويأتي هذا الهبوط في ظل حالة من الترقب التي تسيطر على أسواق المعادن النفيسة عالميًا، ويُعد سعر الذهب بالدولار من أبرز المؤشرات التي يتابعها المستثمرون والمتعاملون في سوق المعادن الثمينة، نظرًا لتأثره المباشر بعوامل عدة أبرزها معدلات التضخم، وتحركات أسعار الفائدة، والتوترات الجيوسياسية حول العالم. ومن المنتظر أن تشهد أسعار الذهب مزيدًا من التقلبات خلال الأيام المقبلة مع تطورات المشهد الاقتصادي العالمي، الأمر الذي يستدعي من المستثمرين متابعة حركة السعر عن كثب قبل اتخاذ أي قرارات تتعلق بالشراء أو البيع. أسعار الذهب اليوم الإثنين في مصر جاءت أسعار الذهب اليوم الإثنين بالأسواق المحلية (شراء من المحلات) كالتالي: سعر الذهب اليوم عيار 24 تداول عند 6651 جنيها بيع للمستهلك، 6594 جنيها في حالة الشراء منه. سعر الذهب اليوم عيار 21 تداول عند 5820 جنيها بيع للمستهلك، و 5770 جنيها في حالة الشراء منه. سعر الذهب اليوم عيار 18 سجل حوالي 4988 جنيها بيع للمستهلك، و 4986 جنيها في حالة الشراء منه. سعر الجنيه الذهب اليوم الإثنين تداول سعر الجنيه الذهب اليوم الإثنين عند 46560 جنيها، في حالة الشراء جديد من المحلات، قبل إضافة الضريبة أو الدمغة أو المصنعية، وفي حالة بيعه 46160 جنيها. ويختلف السعر من تاجر لآخر، ويساوي هذا السعر قيمة الذهب في الجنيه الذهب وزن 8 جرامات للعيار 21 ، كذهب صافي قبل إضافة المصنعية والضريبة والدمغة. مصنعية الذهب كام ارتفعت قيمة مصنعية الذهب منذ شهر يونيو الماضي مع تطبيق قرار زيادة قيمة المصنعية للمشغولات الذهبية بنسبة 10 %، طبقا لما هو مقرر تنفيذه بناء علي بروتوكول المحاسبة الضريبية الموقع بين الشعبة ومصلحة الضرائب المصرية.,2026-07-07T09:49:24.805351+00:00,
alahram,tier1,https://gate.ahram.org.eg/daily/News/205641/25/1022509/%D8%A7%D9%84%D8%A3%D9%88%D9%84%D9%89/%D9%88%D8%B2%D9%8A%D8%B1%D8%A7-%D8%A7%D9%84%D8%A7%D8%B3%D8%AA%D8%AB%D9%85%D8%A7%D8%B1-%D9%88%D8%A7%D9%84%D9%85%D8%A7%D9%84%D9%8A%D8%A9-%D9%86%D8%B3%D8%B9%D9%89-%D9%84%D8%A8%D9%86%D8%A7%D8%A1-%D8%A3%D8%AC%D9%8A%D8%A7%D9%84-%D8%AC%D8%AF%D9%8A%D8%AF%D8%A9-%D9%85%D9%86.aspx,وزيرا الاستثمار والمالية: نسعى لبناء أجيال جديدة من الشركات والمستثمرين والمصدرين - بوابة الأهرام,,2026-07-06 22:30:07+00:00,وزيرا الاستثمار والمالية: نسعى لبناء أجيال جديدة من الشركات والمستثمرين والمصدرين&nbsp;&nbsp;بوابة الأهرام,بوابة الأهرام,ar,,,2026-07-07T09:49:24.198140+00:00,Extraction failed: Failed to fetch: 403 Client Error: Forbidden for url: https://gate.ahram.org.eg/daily/News/205641/25/1022509/%D8%A7%D9%84%D8%A3%D9%88%D9%84%D9%89/%D9%88%D8%B2%D9%8A%D8%B1%D8%A7-%D8%A7%D9%84%D8%A7%D8%B3%D8%AA%D8%AB%D9%85%D8%A7%D8%B1-%D9%88%D8%A7%D9%84%D9%85%D8%A7%D9%84%D9%8A%D8%A9-%D9%86%D8%B3%D8%B9%D9%89-%D9%84%D8%A8%D9%86%D8%A7%D8%A1-%D8%A3%D8%AC%D9%8A%D8%A7%D9%84-%D8%AC%D8%AF%D9%8A%D8%AF%D8%A9-%D9%85%D9%86.aspx
alahram,tier1,https://gate.ahram.org.eg/News/5746144.aspx,أسعار الذهب اليوم الإثنين بمصر خلال التعاملات المسائية.. القائمة الكاملة للبيع والشراء بعد التراجع المفاجئ - بوابة الأهرام,,2026-07-06 18:43:00+00:00,شهدت أسعار الذهب اليوم الإثنين في مصر خلال التعاملات المسائية استقرار، عقب تراجعًا كبيرا بمتوسط 95 جنيها في جميع الأعيرة داخل سوق الصاغة، بالتزامن مع انخفاض أسعار المعدن الأصفر عالميًا وتراجع سعر صرف الدولار أمام الجنيه المصري، ما انعكس على حركة تسعير الذهب في السوق,بوابة الأهرام,ar,298,شهدت أسعار الذهب اليوم الإثنين في مصر خلال التعاملات المسائية استقرارا، عقب تراجعًا كبيرا بمتوسط 95 جنيها في جميع الأعيرة داخل سوق الصاغة، بالتزامن مع انخفاض أسعار المعدن الأصفر عالميًا وتراجع سعر صرف الدولار أمام الجنيه المصري، ما انعكس على حركة تسعير الذهب في السوق المحلية. موضوعات مقترحة وسجل المعدن الأصفر أحد أكبر التراجعات اليومية خلال الفترة الأخيرة، وسط متابعة من المستثمرين والمستهلكين لتحركات الأسعار محليًا وعالميًا. سعر الجنيه الذهب اليوم سجل سعر الجنيه الذهب نحو 46560 جنيهًا عند الشراء جديد من محلات الصاغة، وذلك قبل إضافة قيمة المصنعية والضريبة والدمغة، بينما بلغ 46160 جنيهًا عند إعادة الشراء من المستهلك. ويعادل الجنيه الذهب وزن 8 جرامات من الذهب عيار 21، ويختلف سعره النهائي من تاجر لآخر بحسب قيمة المصنعية والرسوم المطبقة أسعار بيع الذهب للمستهلك اليوم الإثنين جاءت أسعار بيع الذهب للمستهلك في محلات الصاغة على النحو التالي: عيار 24: 6651 جنيهًا للجرام. عيار 21: 5820 جنيهًا للجرام. عيار 18: 4988 جنيهًا للجرام. وتعد هذه الأسعار قبل احتساب قيمة المصنعية، التي تختلف من محل صاغة إلى آخر ومن محافظة لأخرى. أسعار شراء الذهب من المستهلك اليوم الإثنين وسجلت أسعار شراء الذهب من المستهلك داخل محلات الصاغة ما يلي: عيار 24: 6594 جنيهًا للجرام. عيار 21: 5770 جنيهًا للجرام. عيار 18: 4986 جنيهًا للجرام. وتختلف أسعار الشراء والبيع وفقًا لسياسة كل تاجر وحركة العرض والطلب داخل السوق. لماذا تراجعت أسعار الذهب في مصر؟ يرجع الانخفاض الذي شهدته أسعار الذهب اليوم إلى استمرار هبوط أسعار المعدن الأصفر في الأسواق العالمية، بالتزامن مع تراجع سعر صرف الدولار أمام الجنيه المصري، وهو ما أدى إلى انخفاض تكلفة تسعير الذهب داخل السوق المحلية. ويتوقع متعاملون في سوق الذهب استمرار حالة التذبذب خلال الأيام المقبلة، في ظل ترقب المستثمرين للبيانات الاقتصادية العالمية وتحركات البنوك المركزية، والتي تعد من أبرز العوامل المؤثرة في أسعار الذهب عالميًا، بما ينعكس بشكل مباشر على أسعار الذهب في مصر.,2026-07-07T09:49:24.945851+00:00,
alahram,tier1,https://gate.ahram.org.eg/daily/News/205641/4/1022537/%D9%82%D8%B6%D8%A7%D9%8A%D8%A7-%D9%88%D8%A7%D8%B1%D8%A7%D8%A1/%D8%A8%D8%B1%D9%86%D8%A7%D9%85%D8%AC-%D8%A5%D8%B5%D9%84%D8%A7%D8%AD-%D8%A7%D9%82%D8%AA%D8%B5%D8%A7%D8%AF%D9%89-%C2%AB%D9%88%D8%B7%D9%86%D9%89%C2%BB.aspx,برنامج إصلاح اقتصادى «وطنى» - بوابة الأهرام,,2026-07-06 22:30:07+00:00,برنامج إصلاح اقتصادى «وطنى»&nbsp;&nbsp;بوابة الأهرام,بوابة الأهرام,ar,,,2026-07-07T09:49:24.507432+00:00,Extraction failed: Failed to fetch: 403 Client Error: Forbidden for url: https://gate.ahram.org.eg/daily/News/205641/4/1022537/%D9%82%D8%B6%D8%A7%D9%8A%D8%A7-%D9%88%D8%A7%D8%B1%D8%A7%D8%A1/%D8%A8%D8%B1%D9%86%D8%A7%D9%85%D8%AC-%D8%A5%D8%B5%D9%84%D8%A7%D8%AD-%D8%A7%D9%82%D8%AA%D8%B5%D8%A7%D8%AF%D9%89-%C2%AB%D9%88%D8%B7%D9%86%D9%89%C2%BB.aspx
alahram,tier1,https://gate.ahram.org.eg/News/5745975.aspx,أبوشقة: توجيهات الرئيس السيسي في افتتاح الأوكتاجون خارطة طريق لملامح الجمهورية الجديدة - بوابة الأهرام,,2026-07-06 13:47:00+00:00,أكد المستشار بهاء أبو شقة الفقيه الدستوري والقانوني ووكيل مجلس الشيوخ السابق، بأن خطاب الرئيس عبد الفتاح السيسي خلال افتتاح مركز قيادة الدولة الاستراتيجي الأوكتاجون ، وضع خارطة طريق اقتصادية واجتماعية واضحة لملامح المرحلة المقبلة والجمهورية الجديدة، تبدأ بوضع الموا,بوابة الأهرام,ar,705,"أكد المستشار بهاء أبو شقة الفقيه الدستوري والقانوني ووكيل مجلس الشيوخ السابق، بأن خطاب الرئيس عبد الفتاح السيسي خلال افتتاح مركز قيادة الدولة الاستراتيجي ""الأوكتاجون""، وضع خارطة طريق اقتصادية واجتماعية واضحة لملامح المرحلة المقبلة والجمهورية الجديدة، تبدأ بوضع المواطن في صدارة الأولويات من خلال برنامج وطني لخفض الأعباء المعيشية واستقرار أسعار السلع، وتمتد إلى إعداد برنامج اقتصادي وطني جديد بعد انتهاء برنامج الإصلاح مع صندوق النقد الدولي يقوم على الإنتاج والتصدير وتعزيز تنافسية الاقتصاد المصري، مروراً بالإسراع في تخارج الدولة من بعض الأنشطة الاقتصادية لصالح القطاع الخاص باعتباره قاطرة النمو الحقيقية، ووصولاً إلى مكافحة الفساد والتوسع في التحول الرقمي لضمان الشفافية وكفاءة الأداء. موضوعات مقترحة وأضاف أبو شقة في تصريحات له بأن توجيهات السيد الرئيس جاءت لتؤسس لمرحلة سياسية جديدة تقوم على تنشيط الحياة الحزبية باعتبارها الحاضنة الطبيعية لصناعة القيادات وإعداد الكوادر، وتأهيل الشباب ليكونوا شركاء حقيقيين في صناعة القرار لا متفرجين عليه، والاستعداد لإجراء انتخابات المجالس المحلية ترسيخاً لمبدأ المشاركة الشعبية وتوسيعاً لقاعدة الحكم الرشيد. وقد استندت هذه الرؤية إلى نص المادة الخامسة من الدستور التي تقوم على التعددية السياسية والتداول السلمي للسلطة والفصل بين السلطات واحترام الحقوق والحريات، في تأكيد على أن الدولة التي واجهت الإرهاب وأعادت بناء مؤسساتها وتجاوزت أزمات إقليمية وعالمية متلاحقة، تنتقل اليوم إلى معركة أشد عمقاً وهي معركة بناء الوعي وترسيخ المؤسسات وصناعة جيل يؤمن أن الوطن مسؤولية قبل أن يكون حقاً. ولفت أبو شقة بأنه لم يقف الخطاب عند حدود الأمن والقوة، بل انتقل إلى جوهر الجمهورية الجديدة التي تنشدها الدولة، وهي الجمهورية التي لا تُبنى بالخرسانة وحدها وإنما بالإنسان والمؤسسة والدستور، وفي قلب هذه الرؤية يأتي الإنسان باعتباره الثروة الحقيقية التي لا تعرف الخسارة. وتابع أبو شقة بأنه في تاريخ الأوطان لحظات تتحول فيها الكلمات إلى وثائق تؤسس لمراحل، وترسم مسارات، وتبعث برسائل تتجاوز حاضرها إلى مستقبلها. ومن قلب العاصمة الإدارية الجديدة، وعلى منصة «الأوكتاجون» التي تمثل أحدث ما وصلت إليه الدولة المصرية في منظومات القيادة والسيطرة وإدارة الأزمات، جاء خطاب السيد الرئيس عبد الفتاح السيسي ليعلن ميلاد عهد جديد عنوانه القوة التي تحمي، والمؤسسات التي تبني، والإنسان الذي يصنع المستقبل. وشدد: لقد حمل افتتاح مقر القيادة الاستراتيجية للدولة دلالة أبعد من تشييد صرح معماري متقدم، فهو إعلان أن مصر باتت تمتلك عقلاً استراتيجياً يدير الأزمات قبل وقوعها، ويوحد جهود مؤسساتها في السلم والحرب، ويتعامل مع تحديات عالم لم تعد حروبه تقتصر على الميادين العسكرية، بل امتدت إلى الفضاء الإلكتروني وحروب الاقتصاد والمعلومة وحملات التضليل التي تستهدف وعي الشعوب. وأضاف أبو شقة بأن بناء الدول لا يكتمل بالطرق والمصانع والموانئ وحدها، وإنما يبدأ من بناء العقول وصناعة الوعي وإعداد أجيال تمتلك أدوات العصر. ولذلك دعا السيد الرئيس إلى برنامج وطني يرتكز على الاقتصاد والمعرفة والتكنولوجيا والابتكار، وإلى مواصلة تطوير منظومة التعليم، وإلى إعلام مهني مسؤول يواجه حملات التضليل ويبني الثقة ويعزز الانتماء. فالوعي في عالم اليوم أصبح خط الدفاع الأول، وحماية العقول جزءاً لا يتجزأ من حماية الأمن القومي، والمعركة الحقيقية تُخاض اليوم في ساحات الفكر والإدراك قبل أن تُخاض في ميادين القتال. وبين أبو شقة بأنه من «الأوكتاجون» انطلقت رسائل السيد الرئيس إلى الداخل والخارج معاً، رسالة طمأنة للمواطن المصري بأن دولته تمتلك من القوة والجاهزية ما يمكنها من حماية أمنه وإدارة أزماته، ورسالة إلى العالم بأن مصر رغم امتلاكها كل عناصر القوة والردع تظل متمسكة بخيار السلام والحلول السياسية، وأن أمنها القومي خط أحمر لا يقبل المساومة، وأن استقرار المنطقة ركيزة من ركائز سياستها الخارجية. وهنا تتجلى المعادلة التي طالما أكد عليها السيد الرئيس وهي أن القوة لا تعني العدوان، وأن السلام الحقيقي لا يقوم على الضعف وإنما على توازن يحفظ الحقوق ويمنع الاعتداء. وإن ما شهدناه في افتتاح مقر القيادة الاستراتيجية ليس نهاية مرحلة من البناء، بل بداية عهد جديد لدولة حديثة قوامها المؤسسات الراسخة والإنسان الواعي والتكنولوجيا المتقدمة والاقتصاد المنتج. دولة تحمي حدودها وتصون قرارها وتضع كرامة المواطن في مقدمة أهدافها، وتدرك أن التحديات التي يفرضها القرن الحادي والعشرون تتطلب جاهزية دائمة وقدرة على استشراف المستقبل قبل وقوعه. وإننا إذ نقف أمام هذا الخطاب التاريخي وما حمله من مضامين ورؤى، نرفع إلى السيد الرئيس عبد الفتاح السيسي تحية إجلال وإكبار باسم ملايين المصريين، القائد الذي حمل الأمانة في أحلك الظروف فحفظ الدولة من السقوط وأعاد بناءها على أسس من القوة والعدل والأمل. ونجدد العهد مع سيادتكم أن نبقى على الدرب، جنوداً في معركة البناء والتنمية، نحمي الوطن بالوعي والعمل، ونمضي خلف قيادتكم الحكيمة نحو جمهورية جديدة تليق باسم مصر وتاريخها ومكانتها بين الأمم. حفظ الله مصر، وحفظ شعبها العظيم، وأيد قائدها بنصره وتوفيقه.",2026-07-07T09:49:25.845893+00:00,
alahram,tier1,https://gate.ahram.org.eg/News/5745859.aspx,مصر تؤكد التزامها بحماية البحر الأحمر وتعزيز الاقتصاد الأزرق - بوابة الأهرام,,2026-07-06 11:24:00+00:00,أكدت الدكتورة منال عوض، وزيرة التنمية المحلية والبيئة، أن مصر تولي اهتمامًا كبيرًا بدعم العمل البيئي الإقليمي وتعزيز التعاون بين دول البحر الأحمر وخليج عدن، باعتبار حماية البيئة البحرية ركيزة أساسية لتحقيق التنمية الاقتصادية المستدامة والحفاظ على الموارد الطبيعية لل,بوابة الأهرام,ar,276,أكدت الدكتورة منال عوض، وزيرة التنمية المحلية والبيئة، أن مصر تولي اهتمامًا كبيرًا بدعم العمل البيئي الإقليمي وتعزيز التعاون بين دول البحر الأحمر وخليج عدن، باعتبار حماية البيئة البحرية ركيزة أساسية لتحقيق التنمية الاقتصادية المستدامة والحفاظ على الموارد الطبيعية للأجيال المقبلة. موضوعات مقترحة جاء ذلك بالتزامن مع مشاركة وفد مصري برئاسة المهندس شريف عبد الرحيم، رئيس جهاز شؤون البيئة، في الاجتماع الأول للجنة الإقليمية لمشروع الاقتصاد الأزرق المستدام في البحر الأحمر وخليج عدن (HESBERSGA)، واجتماع نقاط الاتصال الوطنية للهيئة الإقليمية للمحافظة على بيئة البحر الأحمر وخليج عدن (PERSGA)، بمدينة جدة بالمملكة العربية السعودية، بمشاركة ممثلي الدول الأعضاء والمنظمات الإقليمية والدولية. وشددت الوزيرة على أهمية تنسيق الجهود الإقليمية لمواجهة التحديات البيئية المشتركة، وفي مقدمتها التلوث البحري والصيد غير القانوني وتداعيات تغير المناخ، داعية إلى تطوير مؤشرات إقليمية موحدة للاقتصاد الأزرق، وتعزيز استخدام التقنيات الحديثة والذكاء الاصطناعي في أعمال الرصد البيئي، ودعم برامج بناء القدرات والتمويل الأزرق، بما يحقق تنمية بحرية مستدامة على مستوى الإقليم. وخلال الاجتماعات، استعرض رئيس جهاز شؤون البيئة أبرز الإنجازات المصرية في مجال حماية البيئة البحرية، مؤكدًا توافق مشروع الاقتصاد الأزرق مع الاستراتيجية الوطنية المصرية للاقتصاد الأزرق (2026–2035)، التي تمثل أول إطار وطني متكامل لتنمية القطاعات البحرية والساحلية بصورة مستدامة، مع تعزيز الاستثمار والإدارة الرشيدة للموارد البحرية. كما عرضت الدكتورة هبة شعراوي، المنسق الوطني للمشروع، عددًا من المقترحات التنفيذية، من بينها إعادة تأهيل المحميات الطبيعية، ودعم التحول إلى الموانئ الخضراء، وتطبيق التخطيط البحري المكاني على ساحل البحر الأحمر، بما يعزز جهود الحفاظ على البيئة البحرية وتحقيق أهداف التنمية المستدامة. واختتمت الاجتماعات بالتأكيد على استمرار التزام مصر بدعم المبادرات الإقليمية الرامية إلى حماية البحر الأحمر وخليج عدن، وتعزيز التعاون مع الدول الأعضاء والشركاء الدوليين لترسيخ مبادئ الاقتصاد الأزرق المستدام والحفاظ على رأس المال الطبيعي للمنطقة.,2026-07-07T09:49:26.213061+00:00,
alahram,tier1,https://gate.ahram.org.eg/News/5746138.aspx,&quot;صندوق النقد&quot; يتوقع نمو اقتصاد الجزائر 3.8% في 2026 ويدعو لإصلاحات أعمق - بوابة الأهرام,,2026-07-06 17:34:00+00:00,اختتمت بعثة صندوق النقد الدولي مشاورات المادة الرابعة لعام 2026 مع الجزائر، متوقعة نمو الناتج المحلي الإجمالي بنسبة 38 ، مع بقاء الآفاق الاقتصادية إيجابية على المدى القريب,بوابة الأهرام,ar,82,اختتمت بعثة صندوق النقد الدولي مشاورات المادة الرابعة لعام 2026 مع الجزائر، متوقعة نمو الناتج المحلي الإجمالي بنسبة 3.8%، مع بقاء الآفاق الاقتصادية إيجابية على المدى القريب. موضوعات مقترحة دعا الصندوق إلى تطبيق ضبط مالي تدريجي وسياسة نقدية تركز على استقرار الأسعار لتعزيز قدرة الاقتصاد على مواجهة الصدمات، مشيدًا بجهود الجزائر في تنويع الاقتصاد وخروجها من القائمة الرمادية لمكافحة غسل الأموال وتمويل الإرهاب. كما توقع ارتفاع مؤقت للتضخم خلال 2026، مقابل تراجع عجز الحساب الجاري بدعم من ارتفاع أسعار المحروقات وانخفاض الواردات.,2026-07-07T09:49:26.448208+00:00,
alahram,tier1,https://gate.ahram.org.eg/News/5746018.aspx,شريف الصياد: 20 دولة تشارك في بعثة EBS 2026 لرفع الصادرات إلى 7.5 مليار دولار - بوابة الأهرام,,2026-07-06 14:52:00+00:00,نظم المجلس التصديري للصناعات الهندسية، فعاليات النسخة الثالثة من بعثة المشترين الدوليين EBS 2026، في إطار استراتيجيته لزيادة الصادرات المصرية وفتح أسواق جديدة أمام المنتجات الهندسية، وذلك بمشاركة 20 شركة مصرية واستضافة نحو 48 مشتري دولي يمثلون 20 دولة، وتشمل البعثة,بوابة الأهرام,ar,579,نظم المجلس التصديري للصناعات الهندسية، فعاليات النسخة الثالثة من بعثة المشترين الدوليين EBS 2026، في إطار استراتيجيته لزيادة الصادرات المصرية وفتح أسواق جديدة أمام المنتجات الهندسية، وذلك بمشاركة 20 شركة مصرية واستضافة نحو 48 مشتري دولي يمثلون 20 دولة، وتشمل البعثة قطاعات الطاقة والكهرباء والكابلات. موضوعات مقترحة وتفقد فعاليات بعثة EBS وزير الاستثمار والتجارة الخارجية الدكتور محمد فريد، والمهندس خالد هاشم وزير الصناعة نيابة عن الدكتور مصطفى مدبولي رئيس مجلس الوزراء، وعدد من القيادات منهم، المهندس عصام النجار رئيس الهيئة العامة للرقابة على الصادرات والواردات، والمهندس حسين الغزاوي مستشار وزير الصناعة لشؤون الطاقة، والوزير مفوض تجاري علاء البيلي رئيس الهيئة المصرية العامة للمعارض والمؤتمرات، وحاتم النواوي رئيس صندوق تنمية الصادرات وهيئة تنمية الصادرات. وقال المهندس شريف الصياد رئيس المجلس التصديري للصناعات الهندسية إن البعثة تعد من أهم الآليات التي يعتمد عليها المجلس لدعم الشركات المصرية، حيث تقوم على استضافة كبار المستوردين والمشترين الدوليين داخل مصر، بما يتيح لهم التعرف عن قرب على القدرات التصنيعية للمصانع المصرية، وعقد لقاءات ثنائية مباشرة مع الشركات، إلى جانب تنظيم زيارات ميدانية للمصانع، وهو ما يسهم في تسريع التعاقدات ورفع فرص نفاذ المنتجات المصرية إلى الأسواق الخارجية. وأكد أن المجلس يواصل تنفيذ خطة طموحة للتوسع في الأسواق الخارجية من خلال تنظيم البعثات التجارية واستضافة المشترين الدوليين، باعتبارها من أكثر الأدوات فاعلية في تحقيق تعاقدات تصديرية مباشرة وفتح أسواق جديدة أمام المنتج المصري، مشيرًا إلى أن المجلس يستهدف الوصول بصادرات الصناعات الهندسية إلى نحو 7.5 مليار دولار خلال عام 2026، عبر التوسع في الأسواق الواعدة وتنويع المقاصد التصديرية. وأضاف الصياد أن المجلس يركز على زيادة القيمة المضافة للمنتجات الهندسية المصرية، وتعزيز قدرتها التنافسية، إلى جانب تشجيع الشركات على المشاركة في المعارض الدولية واستضافة الوفود التجارية، بما يدعم استدامة نمو الصادرات ويعزز مكانة مصر كمركز إقليمي للصناعات الهندسية. وشدد على أن بعثة EBS 2026 ضمن سلسلة من الفعاليات التي ينفذها المجلس التصديري للصناعات الهندسية خلال العام الجاري، بهدف تعظيم الصادرات، وبناء شراكات تجارية جديدة، وزيادة انتشار المنتجات الهندسية المصرية في الأسواق العالمية، بما يتماشى مع استراتيجية الدولة لرفع معدلات التصدير وتعزيز مساهمة القطاع الصناعي في الاقتصاد الوطني. من جانبه أكد الدكتور محمد فريد صالح، وزير الاستثمار، أن الشركات الوطنية المشاركة في بعثة المشترين (EPS) التي ينظمها المجلس التصديري للصناعات الهندسية تمثل أحد الركائز الأساسية للاقتصاد المصري، مشددًا على التزام الدولة بتقديم مختلف أوجه الدعم لتعزيز تنافسية الصادرات المصرية وزيادة نفاذها إلى الأسواق العالمية. وقال الوزير، خلال كلمته في فعاليات بعثة المشترين، إنه وافق على الفور على فكرة تنظيم الحدث فور عرضها عليه، إيمانًا بأهمية المعارض والبعثات التجارية في فتح أسواق جديدة أمام المنتجات المصرية، مؤكدًا أن وزارة الاستثمار والجهات التابعة لها تعمل في المقام الأول على خدمة مجتمع الأعمال ومساندة الشركات في التغلب على التحديات التي تواجهها. ومن جانبه أكد المهندس خالد هاشم وزير الصناعة، أن قطاع الصناعات الهندسية يعد من القطاعات الحيوية ويمتلك القدرات لتحقيق طفرة تصديرية. وأكد وزير الصناعة أن الدولة حريصة على الاستجابة لكافة الطلبات التي تتقدم بها الشركات، في إطار ما يسمح به القانون، مشيرًا إلى أن مختلف الجهات المعنية، تقدم الدعم اللازم للشركات وتعزيز قدرتها على التوسع في الأسواق الخارجية. وأشاد الوزير بالمشاركة الواسعة للشركات المصرية وروح التعاون بين جميع الجهات المنظمة، معربًا عن ثقته في قدرة الصناعة المصرية على تحقيق المزيد من النجاحات وزيادة معدلات التصدير خلال المرحلة المقبلة. وشملت الفعاليات عقد قرابة 800 لقاء تشبيكي مباشرة بين الشركات المصرية المشاركة والمستوردين والمشترين الدوليين من أجل إبرام تعاقدات تصديرية وشراكات طويلة الأجل لزيادة الصادرات للدول المشاركة. 20 دولة تشارك في بعثة EBS 2026 للوصول بصادرات الصناعات الهندسية إلى 7.5 مليار دولار بنهاية العام 20 دولة تشارك في بعثة EBS 2026 للوصول بصادرات الصناعات الهندسية إلى 7.5 مليار دولار بنهاية العام,2026-07-07T09:49:26.612292+00:00,
alahram,tier1,https://gate.ahram.org.eg/News/5746152.aspx,أسعار الذهب اليوم الإثنين في مصر بختام التعاملات... دليل مصنعيات جميع الأعيرة - بوابة الأهرام,,2026-07-06 19:46:00+00:00,شهدت أسعار الذهب اليوم الإثنين في مصر استقرارًا بختام التعاملات داخل أسواق الصاغة، وذلك بعد موجة هبوط قوية خلال ساعات التداول دفعت أسعار جميع الأعيرة إلى التراجع، حيث فقد جرام الذهب عيار 21، الأكثر تداولًا في السوق المحلية، نحو 95 جنيهًا مقارنة بمستوياته السابقة، قب,بوابة الأهرام,ar,354,شهدت أسعار الذهب اليوم الإثنين في مصر استقرارًا بختام التعاملات داخل أسواق الصاغة، وذلك بعد موجة هبوط قوية خلال ساعات التداول دفعت أسعار جميع الأعيرة إلى التراجع، حيث فقد جرام الذهب عيار 21، الأكثر تداولًا في السوق المحلية، نحو 95 جنيهًا مقارنة بمستوياته السابقة، قبل أن تستقر الأسعار عند مستوياتها الحالية مع نهاية اليوم. موضوعات مقترحة وجاء تراجع أسعار الذهب في السوق المحلية متأثرًا بانخفاض سعر المعدن الأصفر في البورصة العالمية، بالتزامن مع تراجع سعر صرف الدولار أمام الجنيه المصري، وهو ما انعكس على حركة تسعير الذهب داخل الأسواق المصرية. أسعار الذهب اليوم الإثنين في مصر بختام التعاملات استقرت أسعار الذهب في محلات الصاغة عند المستويات التالية: عيار 18: سجل 4988 جنيهًا للبيع للمستهلك، و4986 جنيهًا للشراء من المستهلك. عيار 21: سجل 5820 جنيهًا للبيع للمستهلك، و5770 جنيهًا للشراء من المستهلك. عيار 24: سجل 6651 جنيهًا للبيع للمستهلك، و6594 جنيهًا للشراء من المستهلك. وتعد هذه الأسعار دون إضافة قيمة المصنعية، التي تختلف من محل صاغة إلى آخر. مصنعية الذهب في مصر تختلف قيمة مصنعية الذهب وفقًا لنوع المشغولات الذهبية وتصميمها، وكذلك من محل صاغة إلى آخر، إلا أن متوسط المصنعية المتداول في الأسواق جاء كالتالي: مصنعية عيار 18: تتراوح بين 250 و500 جنيه للجرام. مصنعية عيار 21: تتراوح بين 200 و350 جنيها للجرام. مصنعية عيار 24: تتراوح بين 100 و200 جنيه للجرام. ويضاف إلى سعر الجرام المعلن قيمة المصنعية والدمغة وضريبة القيمة المضافة عند الشراء، بينما يحصل المستهلك عند إعادة بيع الذهب على سعر الشراء المعلن دون استرداد كامل قيمة المصنعية.فيما عدا السبائك المصدرة عن الشركات يكون عنها كاش باك بحسب سياسة كل شركة. سعر الجنيه الذهب اليوم سجل الجنيه الذهب نحو 46560 جنيهًا عند الشراء جديد من محلات الصاغة، قبل إضافة المصنعية والضريبة والدمغة، بينما بلغ سعر إعادة الشراء من المستهلك 46160 جنيهًا. ويزن الجنيه الذهب 8 جرامات من الذهب عيار 21، لذلك يتأثر سعره بشكل مباشر بأي تغير في أسعار الذهب داخل السوق المحلية. توقعات أسعار الذهب يتوقع متعاملون في سوق الذهب استمرار حالة التذبذب خلال الأيام المقبلة، في ظل ارتباط الأسعار المحلية بتحركات الأوقية في البورصات العالمية، إلى جانب تغيرات سعر صرف الدولار أمام الجنيه، وهو ما يجعل سوق الذهب مرشحًا لمزيد من التحركات صعودًا أو هبوطًا وفقًا للمتغيرات الاقتصادية العالمية.,2026-07-07T09:49:27.462835+00:00,
alahram,tier1,https://gate.ahram.org.eg/News/5746134.aspx,مصر تقتنص لقب المنتج الأول للسكر في القارة السمراء - بوابة الأهرام,,2026-07-06 17:15:00+00:00,كشف تقرير الآفاق الزراعية الحديث، الصادر عن منظمة التعاون الاقتصادي والتنمية (OECD) ومنظمة الأغذية والزراعة التابعة للأمم المتحدة (FAO)، عن تصدر مصر المرتبة الأولى كأكبر منتج للسكر في قارة إفريقيا، مشيراً إلى طفرة واضحة في مساهمة الدولة المصرية في إجمالي إنتاج الق,بوابة الأهرام,ar,158,"كشف تقرير ""الآفاق الزراعية"" الحديث، الصادر عن منظمة التعاون الاقتصادي والتنمية (OECD) ومنظمة الأغذية والزراعة التابعة للأمم المتحدة (FAO)، عن تصدر مصر المرتبة الأولى كأكبر منتج للسكر في قارة إفريقيا، مشيراً إلى طفرة واضحة في مساهمة الدولة المصرية في إجمالي إنتاج القارة. موضوعات مقترحة ​وأوضح التقرير الدولي أن إجراءات الدعم الحكومي المتواصلة، وتدفقات الاستثمارات الأجنبية المباشرة إلى القطاع، تعد المحرك الأساسي وراء هذه القفزة الإنتاجية، وسط توقعات باستمرار نمو المعروض خلال الفترة المقبلة لتعزيز ركائز الأمن الغذائي. ​وعزا التقرير هذا النمو القياسي إلى حزمة من السياسات والخطط الاستراتيجية المتكاملة، وفي مقدمتها تطبيق ""سياسات التسعير المحفزة"" للمزارعين، والتوسع في اعتماد التقاوي المحسنة، فضلًا عن رفع الطاقات الاستيعابية والتصنيعية للمصانع القائمة. في السياق ذاته، برز تشغيل ""مصنع القناة للسكر"" – الذي يصنف كأكبر مصنع لسكر البنجر في العالم – كأحد أهم الركائز الاستثمارية التي أحدثت فارقاً جوهرياً في حجم الإنتاج المحلي، حيث أسهمت هذه العوامل مجتمعة في دعم نمو إنتاج بنجر السكر في مصر بمعدل بلغ نحو 4.8 مليون طن.",2026-07-07T09:49:27.817162+00:00,
alahram,tier1,https://gate.ahram.org.eg/News/5745791.aspx,وزير التخطيط: بناء الإنسان هو عنوان خطة التنمية الاقتصادية والاجتماعية للعام المالي الحالي - بوابة الأهرام,,2026-07-06 10:31:00+00:00,في إطار حرص الدولة المصرية على الاستثمار في رأس المال البشري وتمكين القيادات الشابة، التقى الدكتور أحمد رستم، وزير التخطيط والتنمية الاقتصادية، بمجموعة من طلبة الكليات المشاركين في البرنامج التدريبي الصيفي بوزارة التخطيط والتنمية الاقتصادية,بوابة الأهرام,ar,344,"في إطار حرص الدولة المصرية على الاستثمار في رأس المال البشري وتمكين القيادات الشابة، التقى الدكتور أحمد رستم، وزير التخطيط والتنمية الاقتصادية، بمجموعة من طلبة الكليات المشاركين في البرنامج التدريبي الصيفي بوزارة التخطيط والتنمية الاقتصادية. موضوعات مقترحة واستقبل د. أحمد رستم الطلاب في مكتبه بمقر الوزارة بالعاصمة الجديدة؛ حيث حرص على أن يلتقط كل طالب وطالبة صورة تذكارية جالسًا على مقعد الوزير. وجاءت هذه الخطوة كرسالة رمزية قوية ومباشرة للشباب بأن ""الطموح مشروع ومتاح للجميع""، وأن مقاعد القيادة وصنع القرار ليست بعيدة عن جيل يملك الوعي والمعرفة والعزيمة. وقال د. أحمد رستم للطلبة: «حرصت على أن يجلس كل منكم مكاني ليس لمجرد التقاط صورة تذكارية، بل هو وعدٌ للمستقبل بأنكم قادرون على قيادة هذا الوطن نحو آفاق أرحب». وعقب التقاط الصور، عقد الدكتور أحمد رستم لقاءً موسعًا مع الطلاب، استعرض خلاله مجموعة من الرسائل السريعة والمُلهمة لتوجيه مساراتهم المهنية والشخصية؛ حيث أكد أن الطموح هو المحرك الأساس لأحلامهم، مشيرًا إلى أن الدولة المصرية اليوم تُبنى بسواعد شبابها، وأن المستقبل ينحاز دائمًا لمن يملك الرؤية والإرادة. وأوضح وزير التخطيط والتنمية الاقتصادية أن الوزارة تضع ملف ""بناء الإنسان"" على رأس أولوياتها، مشيرًا إلى أن خطة التنمية الاقتصادية والاجتماعية للعام المالي الحالي 2026 / 2027 والخطة متوسطة الأجل، وُضعتا بالأساس تحت عنوان عريض هو ""بناء الإنسان: صحة، وتعليمًا، وتنمية مهارات، وتدريبًا""، لافتًا إلى أن التدريب العملي ليس مجرد فترة زمنية تقتطع من الصيف، بل هو الخطوة الأولى لتحويل المعرفة الأكاديمية إلى حلول واقعية على الأرض. وأكد وزير التخطيط والتنمية الاقتصادية أنه سيكون حريصًا على الاستماع بنفسه إلى آراء الطلاب وملاحظاتهم حول فترة التدريب بقطاعات الوزارة المختلفة، ومناقشة أفكارهم ورؤيتهم، وذلك في إطار بناء جسور للتواصل المستمر والفعال بين الشباب ومؤسسات الدولة. من جانبهم، أعرب الطلاب عن بالغ سعادتهم وفخرهم بهذه المقابلة الاستثنائية، مؤكدين أن هذه اللافتة الكريمة منحتهم دفعة معنوية هائلة وحافزًا كبيرًا للمثابرة والعمل الجاد، ليكونوا امتدادًا حقيقيًا لمسيرة البناء والتنمية في مصر. الجدير بالذكر أن برنامج التدريب الصيفي لوزارة التخطيط والتنمية الاقتصادية، والذي انطلق لأول مرة عام 2018، يُنظم سنويًا ويستهدف طلاب الجامعات من مختلف التخصصات؛ بهدف تنمية قدراتهم، وإكسابهم الخبرات العملية، وتعريفهم عن قرب بآليات العمل الحكومي، بما يسهم في تأهيلهم بكفاءة لسوق العمل.",2026-07-07T09:49:28.118995+00:00,
alahram,tier1,https://gate.ahram.org.eg/News/5745933.aspx,مباحثات مصرية بريطانية لتنشيط الاستثمار في قطاع الدواء - بوابة الأهرام,,2026-07-06 12:43:00+00:00,أكد الدكتور محمد فريد وزير الاستثمار والتجارة الخارجية، حرص الدولة على تعزيز الشراكة الاقتصادية مع المملكة المتحدة، ودعم الاستثمارات المتبادلة وزيادة التبادل التجاري بين البلدين، مشددًا على استمرار الحكومة في تهيئة بيئة أعمال أكثر تنافسية، وتذليل التحديات أمام المست,بوابة الأهرام,ar,141,أكد الدكتور محمد فريد وزير الاستثمار والتجارة الخارجية، حرص الدولة على تعزيز الشراكة الاقتصادية مع المملكة المتحدة، ودعم الاستثمارات المتبادلة وزيادة التبادل التجاري بين البلدين، مشددًا على استمرار الحكومة في تهيئة بيئة أعمال أكثر تنافسية، وتذليل التحديات أمام المستثمرين بالتنسيق مع مختلف الجهات المعنية. موضوعات مقترحة جاء ذلك خلال استقبال الوزير للسفير البريطاني لدى مصر مارك برايسون-ريتشاردسون، حيث بحث الجانبان عددًا من الملفات الاقتصادية والتجارية والاستثمارية ذات الاهتمام المشترك، وسبل دفع العلاقات الاستثمارية والتجارية إلى آفاق أوسع. وشهد اللقاء متابعة استثمارات الشركات البريطانية العاملة في السوق المصرية، وفي مقدمتها شركة AstraZeneca، وبحث خططها التوسعية، إلى جانب مناقشة الفرص الاستثمارية بالمنطقة الاقتصادية لقناة السويس، وآليات جذب المزيد من الاستثمارات البريطانية إليها. كما تناول اللقاء التعاون في قطاع الصناعات الدوائية، والملفات التنظيمية والضريبية المرتبطة بالشركات البريطانية، مع التأكيد على مواصلة التنسيق لمعالجة أي تحديات تواجه المستثمرين، بما يدعم توسع أعمالهم في السوق المصرية.,2026-07-07T09:49:28.254123+00:00,
alahram,tier1,https://gate.ahram.org.eg/News/5745817.aspx,وزير الاستثمار والسفير البريطاني يبحثان ملفات استثمارات الشركات البريطانية العاملة في مصر - بوابة الأهرام,,2026-07-06 10:47:00+00:00,استقبل الدكتور محمد فريد، وزير الاستثمار والتجارة الخارجية، السفير مارك برايسون-ريتشاردسون، سفير المملكة المتحدة لدى جمهورية مصر العربية، وذلك في إطار المتابعة المستمرة لملفات التعاون الاقتصادي بين البلدين، حيث تناول اللقاء عددًا من الملفات الاقتصادية والتجارية والا,بوابة الأهرام,ar,496,استقبل الدكتور محمد فريد، وزير الاستثمار والتجارة الخارجية، السفير مارك برايسون-ريتشاردسون، سفير المملكة المتحدة لدى جمهورية مصر العربية، وذلك في إطار المتابعة المستمرة لملفات التعاون الاقتصادي بين البلدين، حيث تناول اللقاء عددًا من الملفات الاقتصادية والتجارية والاستثمارية ذات الاهتمام المشترك، وبحث سبل تعزيز الشراكة الاقتصادية ودفع العلاقات الاستثمارية والتجارية إلى آفاق أوسع. موضوعات مقترحة وأكد الوزير أن العلاقات المصرية البريطانية ترتكز على شراكة اقتصادية ممتدة، مشيرًا إلى حرص الحكومة على مواصلة العمل مع الجانب البريطاني لتعزيز الاستثمارات المتبادلة وزيادة معدلات التبادل التجاري، بما يحقق المصالح المشتركة للبلدين. وشهد اللقاء متابعة عدد من ملفات استثمارات الشركات البريطانية العاملة في السوق المصرية، وفي مقدمتها شركة AstraZeneca، وبحث سبل دعم خططها التوسعية، إلى جانب مناقشة الإجراءات المرتبطة بعدد من المشروعات الاستثمارية الجديدة، بما يعزز مكانة مصر كمركز إقليمي للاستثمار والأعمال. كما استعرض الجانبان الفرص الاستثمارية بالمنطقة الاقتصادية لقناة السويس، وبحثا آليات دعم المشروعات المستهدفة داخل المنطقة، في ضوء ما تتمتع به من مقومات تؤهلها لاستقطاب المزيد من الاستثمارات البريطانية. وتناول اللقاء عددًا من الملفات التنظيمية والضريبية المرتبطة بالشركات البريطانية العاملة في مصر، إلى جانب متابعة الإجراءات الخاصة ببعض المشروعات، حيث أكد الوزير استمرار التنسيق مع الجهات المختصة لتذليل التحديات التي تواجه المستثمرين، بما يدعم توسع أنشطتهم في السوق المصرية. كما ناقش الجانبان ملفات التعاون في قطاع الصناعات الدوائية، والموضوعات التنظيمية ذات الصلة، بما يدعم خطط الشركات البريطانية العاملة في هذا القطاع ويعزز التعاون المشترك. وفي إطار تعزيز التعاون التجاري، استعرض اللقاء ملف زيادة نفاذ الصادرات الزراعية المصرية إلى السوق البريطانية، وعلى رأسها صادرات الفراولة والعنب، إلى جانب عدد من المقترحات الرامية إلى تنمية التجارة البينية وتحقيق التوازن في المصالح التجارية بين البلدين. وتابع الجانبان كذلك تطورات عدد من الملفات التجارية ذات الاهتمام المشترك، وفي مقدمتها الإجراءات البريطانية المتعلقة بقطاع الصلب، حيث أكد الوزير أهمية استمرار التشاور والتنسيق في إطار اتفاقية الشراكة بين مصر والمملكة المتحدة، بما يحافظ على استقرار العلاقات التجارية ويراعي الالتزامات القائمة بين الجانبين. وأكد الوزير أن مصر تتبنى نهجًا يقوم على الحوار والتنسيق المستمر لمعالجة مختلف القضايا الاقتصادية والتجارية، انطلاقًا من العلاقات التاريخية التي تجمع البلدين، وبما يسهم في تعزيز الاستثمارات، ودعم حركة التجارة، وتحقيق المصالح المشتركة. وأشار الوزير إلى أن الوزارة تتبنى نهجًا قائمًا على المتابعة المباشرة لملفات المستثمرين، والعمل على سرعة التنسيق مع الجهات المعنية لمعالجة التحديات التي قد تواجههم، بما يعزز ثقة مجتمع الأعمال في مناخ الاستثمار المصري، ويدعم خطط الشركات القائمة للتوسع وجذب استثمارات جديدة. ومن جانبه، أكد السيد مارك برايسون-ريتشاردسون، سفير المملكة المتحدة لدى جمهورية مصر العربية، حرص بلاده على مواصلة البناء على الزخم الذي تشهده العلاقات الاقتصادية مع مصر، مشيدًا بما تحقق من تقدم في التعاون المشترك خلال الفترة الماضية. كما أكد اهتمام الشركات البريطانية بتوسيع استثماراتها في السوق المصرية، واستمرار التنسيق مع وزارة الاستثمار والتجارة الخارجية والجهات المعنية لدفع المشروعات المشتركة، ومعالجة الموضوعات ذات الاهتمام المشترك، بما يسهم في تعزيز التعاون الاقتصادي والتجاري والاستثماري بين البلدين. واتفق الجانبان على مواصلة التنسيق وعقد لقاءات دورية لمتابعة الملفات المشتركة، والبناء على ما تحقق من تقدم في عدد من الموضوعات محل الاهتمام، بما يسهم في دفع العلاقات الاقتصادية بين مصر والمملكة المتحدة إلى مستويات أكثر تقدمًا، ويعزز فرص الاستثمار والتجارة بين البلدين.,2026-07-07T09:49:29.094841+00:00,
alahram,tier1,https://gate.ahram.org.eg/News/5746014.aspx,&#171;الإحصاء&#187;: 19.9% زيادة في قيمة صادرات مصر إلى الولايات المتحدة الأمريكية - بوابة الأهرام,,2026-07-06 14:40:00+00:00,أصدر الجهاز المركزي للتعبئة العامة والإحصاء، اليوم الاثنين، نشرة العلاقات الاقتصادية بين مصر والولايات المتحدة الأمريكية عام 2025 ، التي تتناول بالعرض والتحليل حجم التجارة الخارجية بين مصر والولايات المتحدة الأمريكية (الصادرات والواردات) خلال عامي 2024 و2025,بوابة الأهرام,ar,183,"أصدر الجهاز المركزي للتعبئة العامة والإحصاء، اليوم الاثنين، نشرة ""العلاقات الاقتصادية بين مصر والولايات المتحدة الأمريكية عام 2025""، التي تتناول بالعرض والتحليل حجم التجارة الخارجية بين مصر والولايات المتحدة الأمريكية (الصادرات والواردات) خلال عامي 2024 و2025. موضوعات مقترحة وجاءت أبرز المؤشرات على النحو التالي: بلغت قيمة الصادرات المصرية إلى الولايات المتحدة الأمريكية 2.7 مليار دولار عام 2025، بما يمثل 5.2% من إجمالي صادرات مصر إلى العالم، مقابل 2.3 مليار دولار عام 2024، بنسبة زيادة بلغت 19.9%. وجاءت الملابس الجاهزة في المرتبة الأولى ضمن الصادرات المصرية إلى الولايات المتحدة الأمريكية، بنسبة 48.7% من إجمالي الصادرات، حيث بلغت قيمتها 1.3 مليار دولار عام 2025، مقابل 1.2 مليار دولار عام 2024، بنسبة زيادة بلغت 11.4%. وبلغت قيمة الواردات المصرية من الولايات المتحدة الأمريكية 13.0 مليار دولار عام 2025، بما يمثل 12.6% من إجمالي واردات مصر من العالم، مقابل 7.6 مليار دولار عام 2024، بنسبة زيادة بلغت 70.6%. وجاءت الوقود والزيوت المعدنية ومنتجات تقطيرها في المرتبة الأولى ضمن الواردات المصرية من الولايات المتحدة الأمريكية، بنسبة 59.7% من إجمالي الواردات، حيث بلغت قيمتها 7.8 مليار دولار عام 2025، مقابل 3.3 مليار دولار عام 2024، بنسبة زيادة بلغت 133.3%.",2026-07-07T09:49:29.622163+00:00,
alahram,tier1,https://gate.ahram.org.eg/News/5745940.aspx,لندن تؤكد اهتمام الشركات البريطانية بتوسيع استثماراتها في مصر - بوابة الأهرام,,2026-07-06 13:04:00+00:00,أكد مارك برايسون-ريتشاردسون، سفير المملكة المتحدة لدى جمهورية مصر العربية، حرص بلاده على مواصلة البناء على الزخم الذي تشهده العلاقات الاقتصادية مع مصر، مشيدًا بما تحقق من تقدم في التعاون المشترك خلال الفترة الماضية,بوابة الأهرام,ar,117,أكد مارك برايسون ريتشاردسون، سفير المملكة المتحدة لدى جمهورية مصر العربية، حرص بلاده على مواصلة البناء على الزخم الذي تشهده العلاقات الاقتصادية مع مصر، مشيدًا بما تحقق من تقدم في التعاون المشترك خلال الفترة الماضية. موضوعات مقترحة كما أكد اهتمام الشركات البريطانية بتوسيع استثماراتها في السوق المصرية، واستمرار التنسيق مع وزارة الاستثمار والتجارة الخارجية والجهات المعنية لدفع المشروعات المشتركة، ومعالجة الموضوعات ذات الاهتمام المشترك، بما يسهم في تعزيز التعاون الاقتصادي والتجاري والاستثماري بين البلدين. واتفق الجانبان على مواصلة التنسيق وعقد لقاءات دورية لمتابعة الملفات المشتركة، والبناء على ما تحقق من تقدم في عدد من الموضوعات محل الاهتمام، بما يسهم في دفع العلاقات الاقتصادية بين مصر والمملكة المتحدة إلى مستويات أكثر تقدمًا، ويعزز فرص الاستثمار والتجارة بين البلدين.,2026-07-07T09:49:29.873096+00:00,
alahram,tier1,https://gate.ahram.org.eg/News/5745917.aspx,البورصة المصرية تربح 36 مليار جنيه في ختام التعاملات - بوابة الأهرام,,2026-07-06 12:32:00+00:00,ارتفع أداء مؤشرات البورصة المصرية لدى إغلاق تعاملات اليوم الاثنين، مدفوعة بعمليات شراء من قبل المؤسسات وصناديق الاستثمار المحلية والمستثمرين الأفراد العرب، فيما مالت تعاملات المؤسسات العربية والأجنبية والمستثمرين الأفراد الأجانب والمصريين نحو البيع,بوابة الأهرام,ar,125,"ارتفع أداء مؤشرات البورصة المصرية لدى إغلاق تعاملات اليوم الاثنين، مدفوعة بعمليات شراء من قبل المؤسسات وصناديق الاستثمار المحلية والمستثمرين الأفراد العرب، فيما مالت تعاملات المؤسسات العربية والأجنبية والمستثمرين الأفراد الأجانب والمصريين نحو البيع. موضوعات مقترحة وربح رأس المال السوقي لأسهم الشركات المقيدة بالبورصة بنهاية التعاملات نحو 36 مليار جنيه، ليبلغ مستوى 3.807 تريليون جنيه، وسط تعاملات كلية بلغت نحو 57 مليار جنيه تضمنت تعاملات سندات وأذون وصفقات نقل الملكية، فيما بلغت تعاملات سوق الأسهم نحو 11.7 مليار جنيه. واعتلى المؤشر الرئيسي للبورصة المصرية ""إيجي إكس 30"" الارتفاعات بنسبة 2.68% ليصل إلى مستوى 52502.74 نقطة، كما زاد مؤشر الأسهم الصغيرة والمتوسطة ""إيجي إكس 70"" بنسبة 1.12% ليبلغ 16132.98 نقطة، وشملت الارتفاعات مؤشر ""إيجي إكس 100"" الأوسع نطاقاً والذي زاد بنحو 1.25% ليبلغ مستوى 21925.59 نقطة.",2026-07-07T09:49:29.985531+00:00,
alahram,tier1,https://gate.ahram.org.eg/News/5746025.aspx,وزير الصناعة: ندعم الشركات المصرية لزيادة الإنتاج والتصدير وتعميق التصنيع المحلي - بوابة الأهرام,,2026-07-06 14:50:00+00:00,أكد المهندس خالد هاشم، وزير الصناعة أن قطاع المعدات الكهربائية والهندسية يمثل أحد القطاعات الصناعية ذات الأولوية، لما يتمتع به من قيمة مضافة مرتفعة، وقدرات تصديرية واعدة، وإسهام مباشر في توطين التكنولوجيا وتعميق التصنيع المحلي، مشيراً إلى أن القطاع قد شهد خلال السنو,بوابة الأهرام,ar,438,أكد المهندس خالد هاشم، وزير الصناعة أن قطاع المعدات الكهربائية والهندسية يمثل أحد القطاعات الصناعية ذات الأولوية، لما يتمتع به من قيمة مضافة مرتفعة، وقدرات تصديرية واعدة، وإسهام مباشر في توطين التكنولوجيا وتعميق التصنيع المحلي، مشيراً إلى أن القطاع قد شهد خلال السنوات الأخيرة نموًا ملحوظًا في حجم الإنتاج والصادرات، مستفيدًا من البنية التحتية الحديثة التي أنشأتها الدولة، والإصلاحات الاقتصادية، والبيئة الاستثمارية الداعمة للإنتاج والتصدير، إلى جانب ما تمتلكه الشركات المصرية من خبرات متراكمة وكفاءات فنية قادرة على تلبية متطلبات الأسواق العالمية. موضوعات مقترحة جاء ذلك في سياق كلمة الوزير التي ألقاها نيابةً عن الدكتور مصطفى مدبولي، رئيس مجلس الوزراء خلال فعاليات افتتاح الدورة الثالثة من معرض بعثة المشترين Egypt Power Show (EPS) التي ينظمها المجلس التصديري للصناعات الهندسية، وذلك تحت رعاية رئيس مجلس الوزراء وبحضور المهندس شريف الصياد رئيس المجلس التصديري للصناعات الهندسية، والمهندس حسين الغزاوي مستشار وزير الصناعة لشؤون الطاقة إلى جانب ممثلي شركات الصناعات الهندسية. وقال وزير الصناعة إن هذا الحدث أصبح منصة متخصصة تجمع المصنعين والمصدرين المصريين مع شركائهم من مختلف الأسواق العالمية، بما يسهم في تعزيز مكانة الصناعة المصرية وزيادة قدرتها على النفاذ إلى الأسواق الدولية، لافتاً إلى أن المشاركة الواسعة لمشترين دوليين من 20 دولة بهذه البعثة تعكس الثقة المتزايدة في المنتج المصري، وتؤكد أن الصناعة المصرية أصبحت تمتلك المقومات اللازمة للمنافسة على المستوى الإقليمي والدولي. وتوجه هاشم بالشكر للمجلس التصديري للصناعات الهندسية على تنظيم هذا الحدث الهام وكذا دوره الحيوي كشريك استراتيجي في تنفيذ مستهدفات الدولة لزيادة الصادرات، من خلال فتح أسواق جديدة، ودعم الشركات المصرية، وتعزيز تواجد المنتجات الوطنية في الأسواق الخارجية. وحث الوزير الشركات المصرية المشاركة بالمعرض على زيادة التصدير للأسواق الخارجية حيث يعد ذلك مؤشراً قوياً على جودة المنتج المحلي وتعميق التصنيع المحلي وزيادة التنافسية للصادرات المصرية مع المنتجات المنافسة من مختلف الدول، مؤكداً استعداد وزارة الصناعة لتقديم كافة أشكال الدعم للشركات المصرية لزيادة الإنتاج والتصدير وتعميق التصنيع المحلي والنهوض بالصناعات المغذية وربطها بسلاسل الإمداد المحلية والعالمية. ومن جانبه أكد المهندس شريف الصياد رئيس المجلس التصديري للصناعات الهندسية أن المجلس يواصل تنفيذ خطة طموحة للتوسع في الأسواق الخارجية من خلال تنظيم البعثات التجارية واستضافة المشترين الدوليين، مشيرًا إلى أن المجلس يستهدف الوصول بصادرات الصناعات الهندسية إلى نحو 7.5 مليار دولار خلال عام 2026، عبر التوسع في الأسواق الواعدة وتنويع المقاصد التصديرية. وفي ختام فعاليات الافتتاح قام المهندس خالد هاشم، وزير الصناعة بجولة تفقدية لأجنحة الشركات الهندسية المشاركة بالمعرض، حيث استمع الوزير لشرح من ممثلي الشركات عن نسب المكون المحلي بمنتجات الشركات والقيمة المضافة بها والتكنولوجيا المستخدمة، بالإضافة إلى شهادات الجودة الحاصلة عليها الشركات ونسب التصدير من إجمالي الإنتاج، كما التقى الوزير خلال الجولة عدداً من ممثلي الشركات المشاركة في بعثة المشترين من بعض الدول العربية والإفريقية. وزارة الصناعة تقدم الدعم للشركات المصرية لزيادة الإنتاج والتصدير وتعميق التصنيع المحلي,2026-07-07T09:49:30.693811+00:00,
alahram,tier1,https://gate.ahram.org.eg/News/5745918.aspx,وزير السياحة والآثار يستعرض حصاد عمل الوزارة وخطتها للعام الجاري - بوابة الأهرام,,2026-07-06 12:26:00+00:00,عقد وزير السياحة والآثار، اليوم الاثنين، في المتحف القومي للحضارة المصرية بالفسطاط مؤتمراً صحفياً موسعاً؛ لاستعراض أبرز ما حققته الوزارة من إنجازات خلال الفترة الماضية في مجالي السياحة والآثار,بوابة الأهرام,ar,315,"عقد وزير السياحة والآثار، اليوم الاثنين، في المتحف القومي للحضارة المصرية بالفسطاط مؤتمراً صحفياً موسعاً؛ لاستعراض أبرز ما حققته الوزارة من إنجازات خلال الفترة الماضية في مجالي السياحة والآثار. موضوعات مقترحة وخلال المؤتمر تناول الوزير تفاصيل الخطة الاستراتيجية للوزارة خلال العام الجاري، والجهود المبذولة لتعزيز الحركة السياحية الوافدة، وتطوير المواقع الأثرية والمتاحف، بما يتماشى مع رؤية الدولة المصرية لرفع كفاءة قطاع السياحة كأحد الركائز الأساسية للاقتصاد القومي. واكد ان التنوع السياحي هو الأهم لوقف التسويق السياحي الممل للمقصد السياحي النمطي الموجود، يأتي ذلك في إطار جهود الدولة لتنشيط قطاع السياحة. وأكد شريف فتحي، وزير السياحة والآثار، أن الوزارة تتبنى رؤية استراتيجية جديدة تهدف إلى ترسيخ ""صورة ذهنية"" قوية ومختلفة عن مصر في الخارج، تعتمد في المقام الأول على ما تمتلكه الدولة من ""تنوع سياحي لا يضاهى"". وأوضح الوزير، خلال المؤتمر الصحفي المنعقد اليوم بمتحف الحضارة، أن هذا التوجه يأتي للابتعاد عن نمط ""التسويق الممل"" الذي كان يحصر المقصد السياحي المصري في نقاط محددة مثل (شرم الشيخ، الغردقة، الأهرامات، والأقصر وأسوان)، مشيراً إلى أن التنوع هو السبيل لخلق ديناميكية أكبر في عملية الجذب السياحي. وأشار فتحي إلى أن الاستراتيجية الجديدة تهدف إلى جعل السائح يزور مصر عدة مرات، وذلك من خلال تعريف العالم بأن مصر قادرة على تقديم منتجات سياحية مختلفة في كل زيارة. وأضاف أن مصر تعد من الدول القليلة، إن لم تكن الوحيدة، التي تتيح للسائح الانتقال من نمط سياحي إلى آخر بسرعة كبيرة عبر الطيران الداخلي، مما يعزز من قيمة التجربة السياحية. وشدد وزير السياحة والآثار على أن عنوان التسويق المصري في المرحلة المقبلة سيكون ""تنوع سياحي لا يضاهى""، وهو الشعار الذي سيتم إدراجه في كافة الحملات الترويجية بمختلف اللغات. ولفت إلى أن هذا المفهوم سيشمل كافة الأنماط، سواء السياحة الثقافية، الشاطئية، أو غيرها، تحت مظلة واحدة تبرز حجم التعددية التي يتمتع بها المقصد المصري. واشار الوزير إلى أن تنفيذ هذه الرؤية يستند إلى ستة ركائز أساسية تعمل عليها الوزارة حالياً لضمان تقديم رسائل تسويقية قوية وفعالة تصل إلى الأسواق المستهدفة حول العالم.",2026-07-07T09:49:31.216403+00:00,
alahram,tier1,https://gate.ahram.org.eg/News/5746108.aspx,تحركات حكومية لدعم المصدرين وفتح أسواق ل 20 دولة - بوابة الأهرام,,2026-07-06 17:42:00+00:00,أعلن محمد فريد صالح وزير الاستثمار والتجارة الخارجية عن نهج جديد يقوم على الشراكة الكاملة مع القطاع الخاص وتذليل كافة العقبات أمام المنتج المصري,بوابة الأهرام,ar,115,أعلن محمد فريد صالح وزير الاستثمار والتجارة الخارجية عن نهج جديد يقوم على الشراكة الكاملة مع القطاع الخاص وتذليل كافة العقبات أمام المنتج المصري. موضوعات مقترحة جاء ذلك خلال افتتاح بعثة المشترين الدوليين التي تستضيف 45 مشترياً من 20 دولة، حيث وجّه الوزير القيادات التنفيذية بالدراسة الفورية لكافة ملاحظات الشركات، مشدداً على أن الأولوية القصوى حالياً هي تحويل الفرص البيعية في المعارض إلى نمو مستدام للصادرات. وأشار الدكتور محمد فريد إلى أن جميع الجهات التابعة لوزارة الاستثمار والتجارة الخارجية تعمل كمنظومة واحدة لخدمة المصدرين، وفي مقدمتها صندوق تنمية الصادرات، والهيئة المصرية العامة للمعارض والمؤتمرات، ومركز تدريب التجارة الخارجية، إلى جانب مختلف قطاعات الوزارة، بما يوفر للشركات الدعم الفني والترويجي والمؤسسي اللازم لتعزيز تنافسيتها وزيادة صادراتها.,2026-07-07T09:49:31.583358+00:00,
alahram,tier1,https://gate.ahram.org.eg/News/5745937.aspx,على رأسها صادرات الفراولة والعنب.. بحث زيادة الصادرات الزراعية المصرية إلى السوق البريطانية - بوابة الأهرام,,2026-07-06 13:05:00+00:00,استعرض الدكتور محمد فريد، وزير الاستثمار والتجارة الخارجية، والسفير مارك برايسون-ريتشاردسون، سفير المملكة المتحدة لدى جمهورية مصر العربية، ملف,بوابة الأهرام,ar,171,استعرض الدكتور محمد فريد، وزير الاستثمار والتجارة الخارجية، والسفير مارك برايسون-ريتشاردسون، سفير المملكة المتحدة لدى جمهورية مصر العربية، ملف زيادة نفاذ الصادرات الزراعية المصرية إلى السوق البريطانية، وعلى رأسها صادرات الفراولة والعنب، إلى جانب عدد من المقترحات الرامية إلى تنمية التجارة البينية وتحقيق التوازن في المصالح التجارية بين البلدين موضوعات مقترحة وتابع الجانبان كذلك تطورات عدد من الملفات التجارية ذات الاهتمام المشترك، وفي مقدمتها الإجراءات البريطانية المتعلقة بقطاع الصلب، حيث أكد الوزير أهمية استمرار التشاور والتنسيق في إطار اتفاقية الشراكة بين مصر والمملكة المتحدة، بما يحافظ على استقرار العلاقات التجارية ويراعي الالتزامات القائمة بين الجانبين وأكد الوزير أن مصر تتبنى نهجًا يقوم على الحوار والتنسيق المستمر لمعالجة مختلف القضايا الاقتصادية والتجارية، انطلاقًا من العلاقات التاريخية التي تجمع البلدين، وبما يسهم في تعزيز الاستثمارات، ودعم حركة التجارة، وتحقيق المصالح المشتركة وأشار الوزير إلى أن الوزارة تتبنى نهجًا قائمًا على المتابعة المباشرة لملفات المستثمرين، والعمل على سرعة التنسيق مع الجهات المعنية لمعالجة التحديات التي قد تواجههم، بما يعزز ثقة مجتمع الأعمال في مناخ الاستثمار المصري، ويدعم خطط الشركات القائمة للتوسع وجذب استثمارات جديدة,2026-07-07T09:49:32.010334+00:00,
alahram,tier1,https://gate.ahram.org.eg/News/5746139.aspx,&quot;المركزي&quot; يجمع 147 مليار جنيه من أذون الخزانة - بوابة الأهرام,,2026-07-06 17:32:00+00:00,جمع البنك المركزي المصري، بالنيابة عن وزارة المالية، نحو 1467 مليار جنيه من عطاء أذون الخزانة لأجلي 91 و273 يومًا، متجاوزًا المستهدف البالغ 95 مليار جنيه بنسبة 54 ، رغم الارتفاع الطفيف في أسعار الفائدة,بوابة الأهرام,ar,61,جمع البنك المركزي المصري، بالنيابة عن وزارة المالية، نحو 146.7 مليار جنيه من عطاء أذون الخزانة لأجلي 91 و273 يومًا، متجاوزًا المستهدف البالغ 95 مليار جنيه بنسبة 54%، رغم الارتفاع الطفيف في أسعار الفائدة. موضوعات مقترحة ارتفع متوسط العائد على أذون 3 أشهر إلى 24.23% مقابل 24.13% في العطاء السابق، فيما صعد عائد أذون 9 أشهر إلى 25.16% مقارنة ب25.1% سابقًا.,2026-07-07T09:49:32.606879+00:00,
alahram,tier1,https://gate.ahram.org.eg/News/5746140.aspx,ميناء دمياط يستقبل 17.3 ألف طن من الذرة خلال 24 ساعة - بوابة الأهرام,,2026-07-06 17:34:00+00:00,استقبلت هيئة ميناء دمياط 429 ألف طن من البضائع العامة، شملت 173 ألف طن من الذرة، و8492 طنًا من الخردة، و7130 طنًا من الحديد، و7233 طنًا من فول الصويا، و2801 طن من خشب الزان,بوابة الأهرام,ar,167,استقبلت هيئة ميناء دمياط 42.9 ألف طن من البضائع العامة، شملت 17.3 ألف طن من الذرة، و8492 طنًا من الخردة، و7130 طنًا من الحديد، و7233 طنًا من فول الصويا، و2801 طن من خشب الزان. موضوعات مقترحة وأصدر المركز الإعلامي لهيئة ميناء دمياط تقريرًا أوضح فيه أن الميناء استقبل، خلال ال24 ساعة الماضية، 7 سفن، بينما غادرت 11 سفينة، ليصل إجمالي عدد السفن الموجودة بالميناء إلى 23 سفينة. وأوضح التقرير أن حركة الصادرات من البضائع العامة سجلت نحو 27.2 ألف طن، شملت 12.8 ألف طن من اليوريا، و3550 طنًا من المولاس، و10.8 ألف طن من البضائع المتنوعة. فيما بلغت حركة الصادرات من الحاويات 531 حاوية مكافئة، وبلغ عدد الحاويات الواردة 291 حاوية مكافئة، في حين سجلت حاويات الترانزيت 888 حاوية مكافئة. ووصل رصيد صومعة الحبوب والغلال التابعة للقطاع العام بالميناء من القمح إلى 159.6 ألف طن، بينما بلغ رصيد مخازن القطاع الخاص 119.1 ألف طن. كما غادرت 3 قطارات، بحمولة إجمالية بلغت 3605 أطنان من القمح، متجهة إلى صوامع القليوبية، فيما بلغت حركة دخول وخروج الشاحنات 4588 حركة.,2026-07-07T09:49:32.499186+00:00,
alahram,tier1,https://gate.ahram.org.eg/News/5746155.aspx,سعر الذهب اليوم الثلاثاء في مصر.. تحديث فوري لجميع الأعيرة - بوابة الأهرام,,2026-07-07 04:34:00+00:00,شهد سعر الذهب اليوم الثلاثاء في مصر حالة من الثبات داخل محلات الصاغة، مع متابعة الأسواق المحلية لتطورات أسعار الأوقية عالميًا، وسط ترقب المستثمرين لأي إشارات جديدة بشأن التضخم الأمريكي واتجاه الفائدة خلال الفترة المقبلة,بوابة الأهرام,ar,233,شهد سعر الذهب، اليوم الثلاثاء في مصر حالة من الثبات داخل محلات الصاغة، مع متابعة الأسواق المحلية لتطورات أسعار الأوقية عالميًا، وسط ترقب المستثمرين لأي إشارات جديدة بشأن التضخم الأمريكي واتجاه الفائدة خلال الفترة المقبلة. موضوعات مقترحة وكانت أسعار الذهب قد سجلت تحركات وصلت لهبوط بنحو 95 جنيها خلال تعاملات أمس، بالتزامن مع استمرار التذبذب في البورصات العالمية نتيجة التوترات الجيوسياسية وتحركات الدولار. أسعار الذهب اليوم الثلاثاء في مصر (بيع وشراء) سعر جرام الذهب عيار 24 استقر سعر جرام الذهب عيار 24 عند 6651 جنيهًا للبيع، و6594 جنيهًا للشراء. ويستخدم بشكل رئيسي في السبائك الذهبية والاستثمار طويل المدى بسبب درجة نقائه المرتفعة. سعر جرام الذهب عيار 21 وصل سعر جرام الذهب عيار 21 إلى 5820 جنيهًا للبيع، و5770 جنيهًا للشراء. ويظل العيار الأكثر تداولًا في مصر والأكثر ارتباطًا بحركة البيع والشراء داخل الأسواق. سعر جرام الذهب عيار 18 بلغ سعر جرام الذهب عيار 18 نحو 4986 جنيهًا للبيع، و4935 جنيهًا للشراء. ويتميز بتصميماته الحديثة ويُستخدم بكثرة في المشغولات العصرية. سعر الجنيه الذهب اليوم الثلاثاء في مصر سجل سعر الجنيه الذهب اليوم الثلاثاء نحو 46560 جنيهًا للبيع، و46160 جنيهًا للشراء، دون احتساب المصنعية أو الضريبة أو الدمغة. ويواصل المواطنون متابعة أسعار الذهب يوميًا باعتباره من أهم وسائل الادخار والتحوط، خاصة مع استمرار التقلبات الاقتصادية العالمية وتحركات أسعار الدولار والفائدة الأمريكية. ويتوقع متعاملون بالسوق أن تشهد أسعار الذهب تحركات جديدة خلال الأيام المقبلة مع صدور بيانات اقتصادية أمريكية مؤثرة على حركة المعدن الأصفر عالميًا ومحليًا.,2026-07-07T09:49:32.938410+00:00,
alahram,tier1,https://gate.ahram.org.eg/News/5745800.aspx,أسعار الخضراوات والفاكهة في الأسواق والمنافذ التجارية اليوم الإثنين 6 يوليو 2026 - بوابة الأهرام,,2026-07-06 10:09:00+00:00,شهدت أسواق التجزئة ومنافذ البيع تبايناً في أسعار الخضروات والفاكهة الطازجة، وذلك تزامناً مع توافر معروض السلع الموسمية لتلبية احتياجات المستهلكين اليومية نستعرض معكم في هذا التقرير رصداً شاملاً لأحدث متوسطات الأسعار في الأسواق اليوم الإثنين 6 يوليو 2026,بوابة الأهرام,ar,169,شهدت أسواق التجزئة ومنافذ البيع تبايناً في أسعار الخضراوات والفاكهة الطازجة، وذلك تزامناً مع توافر معروض السلع الموسمية لتلبية احتياجات المستهلكين اليومية. نستعرض معكم في هذا التقرير رصداً شاملاً لأحدث متوسطات الأسعار في الأسواق اليوم الإثنين 6 يوليو 2026: موضوعات مقترحة أولاً: رصد أسعار الخضروات (للكيلو) توزعت أسعار الخضروات في الأسواق لتلبي الاحتياجات اليومية للمواطنين، وجاءت تفاصيلها على النحو التالي: السلع الأكثر طلباً: الطماطم: 22 جنيهاً. البطاطس: 18 جنيهاً. البصل: 14 جنيهاً. الخضروات الورقية والموسمية: الملوخية: 21 جنيهاً. السبانخ: 21 جنيهاً. أصناف أخرى: الليمون: 52 جنيهاً. الكوسة: 24 جنيهاً. الخيار (صوب): 23 جنيهاً. ثانياً: قائمة أسعار الفاكهة وفقاً لآخر التحديثات: الموز البلدي: سجل 37 جنيهاً. التفاح المحلي: سجل نحو 53 جنيهاً. الخوخ: بلغ سعر الكيلو 57 جنيهاً. البرقوق: سجل نحو 70 جنيهاً. الجوافة: استقرت عند 38 جنيهاً. الكنتالوب: بلغ سعره 23 جنيهاً. عنب مستورد: اقترب من 59 جنيهاً الكيوي: استقر عند 12 جنيهاً (للقطعة الواحدة). تنبيه مهم: الأسعار المذكورة تٌعبر عن متوسط السعر في الأسواق الشعبية، وقد تختلف بشكل طفيف في السلاسل التجارية الكبرى أو حسب جودة وتصنيف المنتج.,2026-07-07T09:49:33.253395+00:00,
alahram,tier1,https://gate.ahram.org.eg/News/5745802.aspx,أسعار الحديد ومواد البناء في السوق المحلية اليوم الإثنين 6 يوليو 2026 - بوابة الأهرام,,2026-07-06 10:16:00+00:00,تشهد أسواق مواد البناء في مصر حالة من التباين والتحركات السعرية الملحوظة، صعوداً وهبوطاً، تزامناً مع تغيرات حركة الطلب وتكاليف الإنتاج,بوابة الأهرام,ar,233,"تشهد أسواق مواد البناء في مصر حالة من التباين والتحركات السعرية الملحوظة، صعوداً وهبوطاً، تزامناً مع تغيرات حركة الطلب وتكاليف الإنتاج. وفي هذا التقرير، نستعرض خريطة الأسعار المحدثة لقطاعي الحديد والأسمنت، بَدءاً من قلاع الصلب المتكاملة والمصانع الاستراتيجية بمختلف فئاتها السعرية (العليا، المتوسطة، والاقتصادية)، وصولاً إلى قطاع الأسمنت بمختلف خياراته الجودية والسعرية التي تلبي احتياجات المشاريع الإنشائية المتنوعة اليوم الإثنين 6 يوليو 2026. موضوعات مقترحة تتنوع أسعار الحديد بناءً على العلامة التجارية وحجم الإنتاج، وقد جاءت كالتالي: الحديد الاستراتيجي والمصانع المتكاملة: حديد عز: سجل 40210 جنيهات للطن، بتراجع 34 جنيهاً. الحديد الاستثماري: بلغ متوسط سعره 38349 جنيهاً للطن، بتراجع 189 جنيهاً. مصانع الدرفلة: تبدأ أسعارها من 42,000 جنيه للطن. توزيع الفئات السعرية لشركات الحديد: الفئة العليا: تشمل مصانع (عطية وبشاي) وتصل أسعارها إلى 38,500 جنيه. الفئة المتوسطة: تشمل (المصريين، العتال، والمعادي) بمتوسط 38,000 جنيه. الفئة الاقتصادية: تشمل (الكومي والعشري) وتبدأ من 36,000 جنيه. ثانياً: قطاع الأسمنت (تحديثات الجودة والأسعار) تتنوع الخيارات في سوق الأسمنت لتلبي الاحتياجات الإنشائية المختلفة، وجاءت أسعار الطن كالتالي: الأسمنت الرمادي: سجل 4043 جنيهاً للطن. أسمنت السويدي: سجل 3,650 جنيهاً للطن. أسمنت السويس وحلوان: يتراوح ما بين 3,450 و3,460 جنيهاً. الأنواع الاقتصادية (الفهد / المعلم): تبدأ من 3,340 جنيهاً. تنبيه مهم للمستهلكين: جميع الأسعار الموضحة أعلاه هي أسعار أرض المصنع. عند الشراء من تجار التجزئة أو الموزعين، يتم إضافة مبلغ يتراوح ما بين 500 إلى 1,000 جنيه على سعر الطن الواحد، وذلك لتغطية: تكاليف الشحن والنقل. هامش ربح الموزع والتاجر.",2026-07-07T09:49:33.728424+00:00,
alahram,tier1,https://gate.ahram.org.eg/News/5745808.aspx,أسعار الأسمدة بالأسواق والجمعيات الزراعية اليوم الإثنين 6 يوليو 2026 - بوابة الأهرام,,2026-07-06 10:20:00+00:00,تشهد أسواق الأسمدة والمستلزمات الزراعية حالة من التباين في الأسعار بين القطاع المدعم والسوق الحر والتجزئة وفي إطار حرصنا على تقديم رؤية,بوابة الأهرام,ar,230,"تشهد أسواق الأسمدة والمستلزمات الزراعية حالة من التباين في الأسعار بين القطاع المدعم والسوق الحر والتجزئة. وفي إطار حرصنا على تقديم رؤية واضحة للمزارعين والمستثمرين في القطاع الزراعي، نستعرض في هذا التقرير الشامل أحدث مؤشرات أسعار الأسمدة بمختلف أنواعها، والتي تعكس حركة الطلب في السوق الحر، بجانب الأسعار الرسمية المعتمدة لحاملي الحيازات الزراعية اليوم الإثنين 6 يوليو 2026. موضوعات مقترحة أولاً: أسعار الأسمدة في السوق الحر (سعر الطن) تشهد حركة الأسعار في السوق الحر استقراراً في بعض الأنواع وتراجعاً في أنواع أخرى نتيجة الهدوء النسبي في الطلب: الأسمدة المتنوعة: سجلت 15433 جنيهاً للطن. سماد اليوريا: سجل 26568 جنيهاً للطن. نترات النشادر: سجلت 25718 جنيهاً للطن. سلفات النشادر: استقرت عند 21312 جنيهاً للطن. ثانياً: أسعار المنظومة المدعمة (حيازات الجمعيات الزراعية) هذه الأسعار الرسمية مخصصة للمزارعين أصحاب الحيازات المسجلة، وتهدف لتعزيز الإنتاج القومي: شيكارة اليوريا: 290 جنيهاً. شيكارة النترات: 285 جنيهاً. نترات الكالسيوم / سلفات البوتاسيوم: 21,000 جنيه للطن. حامض الفوسفوريك: 16,300 جنيه للطن. سماد النترات: 7,800 جنيه للطن. سلفات الماغنسيوم: 6,800 جنيه للطن. الفوسفات (خشن/ناعم): يتراوح ما بين 2,225 و2,275 جنيهاً للطن. ثالثاً: أسعار التجزئة (قطاع صغار المزارعين) توضح هذه القائمة أسعار الوحدات المعبأة (الشيكارة) المتداولة في الأسواق التجارية خارج المنظومة المدعمة: شيكارة السماد الكيماوي: 1,300 جنيه. شيكارة السماد العضوي: 270 جنيهاً. ملاحظة للمزارعين: تراجع أسعار سلفات النشادر والأسمدة المتنوعة في السوق الحر يعكس حالة من الهدوء النسبي في الطلب، بينما تظل أسعار الجمعيات الزراعية هي الأداة الرئيسية لاستقرار تكاليف الإنتاج.",2026-07-07T09:49:34.155817+00:00,
alahram,tier1,https://gate.ahram.org.eg/News/5745887.aspx,متحدث التموين: تنقية بطاقات التموين آلية مستمرة - بوابة الأهرام,,2026-07-06 12:06:00+00:00,قال المتحدث باسم وزارة التموين، أحمد كمال، تنقية بطاقات التموين آلية مستمرة لاستبعاد غير المستحقين للدعم، وخلال يونيو الماضي حذفنا 850 ألف مواطن من منظومة بطاقات التموين,بوابة الأهرام,ar,111,"قال المتحدث باسم وزارة التموين، أحمد كمال، ""تنقية بطاقات التموين آلية مستمرة لاستبعاد غير المستحقين للدعم، وخلال يونيو الماضي حذفنا 850 ألف مواطن من منظومة بطاقات التموين"". موضوعات مقترحة جاءت هذه التصريحات خلال مداخلة للمتحدث باسم وزارة التموين في برنامج ""الحكاية"" المذاع عبر قناة ""إم بي سي مصر"". أوضح كمال أن عملية استبعاد غير المستحقين من منظومة البطاقات تستند إلى عدة معايير تستخدم للاستدلال على القدرة المالية للمواطنين. تابع: ""من بين هذه المعايير امتلاك أكثر من سيارة أو امتلاك سيارة واحدة تتجاوز قيمتها السوقية مليون جنيه أو امتلاك حيازة زراعية تتجاوز 10 أفدنة"". أكد أن عملية تنقية البطاقات من غير المستحقين لا تستهدف تقليل عدد المستفيدين بل توجيه الدعم للمستحقين الحقيقيين.",2026-07-07T09:49:34.442196+00:00,
alahram,tier1,https://gate.ahram.org.eg/News/5746137.aspx,وزير البترول يبحث مع SLB توظيف الذكاء الاصطناعي لزيادة الإنتاج وتطوير بوابة مصر للاستكشاف - بوابة الأهرام,,2026-07-06 18:25:00+00:00,عقد المهندس كريم بدوي وزير البترول والثروة المعدنية اجتماعًا مع قيادات شركة SLB مصر ( شلمبرجير سابقا ) بمشاركة المهندس شريف بيومي مدير SLB مصر وشرق المتوسط، والمهندس باسل عبد الوهاب نائب رئيس قطاع الحلول الرقمية بالشركة ، لبحث توظيف أحدث تطبيقات الذكاء الاصطناعي في,بوابة الأهرام,ar,426,عقد المهندس كريم بدوي وزير البترول والثروة المعدنية اجتماعًا مع قيادات شركة SLB مصر ( شلمبرجير سابقا ) بمشاركة المهندس شريف بيومي مدير SLB مصر وشرق المتوسط، والمهندس باسل عبد الوهاب نائب رئيس قطاع الحلول الرقمية بالشركة، لبحث توظيف أحدث تطبيقات الذكاء الاصطناعي في أنشطة البحث والاستكشاف والإنتاج، وتطوير بوابة مصر للاستكشاف والإنتاج (EUG)، إلى جانب تعزيز كفاءة استهلاك الطاقة وخفض الانبعاثات الكربونية. موضوعات مقترحة وأكد الوزير أن الوزارة تمضي نحو التوسع في التطبيقات العملية للذكاء الاصطناعي في أنشطة صناعة البترول، باعتباره أحد أهم أدوات زيادة الإنتاج، ورفع كفاءة التشغيل، وخفض التكاليف، ودعم اتخاذ القرار اعتمادًا على البيانات والتحليلات الذكية. وأوضح أن بوابة مصر للاستكشاف والإنتاج تمثل ركيزة أساسية في هذا التوجه، حيث يجري العمل على تطويرها وربطها بأحدث تقنيات الذكاء الاصطناعي وتحليلات البيانات المتقدمة، بما يعزز تقييم الفرص الاستثمارية، ويخفض مخاطر الاستثمار، ويُسرّع عمليات اتخاذ القرار، ويمكّن الشركات من تحديد المناطق الواعدة بدقة وكفاءة أعلى. وأكد الوزير ضرورة إعطاء الأولوية في المرحلة الحالية للتطبيقات ذات الأثر المباشر والسريع في تعظيم إنتاج الحقول القائمة، مؤكدًا أهمية بناء منظومة رقمية متكاملة تربط البيانات الجيولوجية والجيوفيزيائية وبيانات الإنتاج ومراكز التحكم، بما يتيح المتابعة اللحظية للأداء، والتنبؤ بالمشكلات قبل وقوعها، وتحسين كفاءة إدارة الأصول بالتعاون مع شركاء التكنولوجيا العالميين. من جانبهم، استعرض مسؤولو شركة SLB أحدث الحلول الرقمية التي تطورها الشركة عالميًا، والتي تعتمد على الذكاء الاصطناعي في تحليل البيانات الجيولوجية والجيوفيزيائية، وتقييم الخزانات، وتحديد أفضل الفرص الاستكشافية، وتحسين إدارة الحقول وتعظيم الإنتاج ورفع كفاءة الأصول. كما أوضحوا أن هذه الحلول تتيح تحليل بيانات التشغيل بصورة مستمرة، بما يمكن من التنبؤ المبكر بأعطال المعدات، والتمييز بين تراجع الإنتاج الناتج عن المشكلات التشغيلية أو التغيرات الطبيعية في أداء الخزانات، الأمر الذي يساعد على سرعة اتخاذ الإجراءات التصحيحية وتحقيق أعلى كفاءة تشغيلية. وتناول الاجتماع كذلك دور الذكاء الاصطناعي في تحسين كفاءة الطاقة وخفض الانبعاثات، حيث استعرضت الشركة حلول المراقبة اللحظية لاستهلاك الطاقة، وتحسين أداء المعدات، والكشف المبكر عن انبعاثات الميثان، وتقليل حرق الغاز بالشعلة من خلال تحديد فرص استرجاع الغاز والاستفادة منه، إلى جانب رفع كفاءة الضواغط والمضخات وتقليل الفاقد، بما يدعم جهود القطاع في تحقيق الاستدامة البيئية وخفض البصمة الكربونية. وفي ختام الاجتماع، اتفق الجانبان على مواصلة التنسيق لتحديد أولويات تطبيقات الذكاء الاصطناعي ذات العائد السريع، بما يسهم في زيادة الإنتاج، وتعزيز كفاءة التشغيل. حضر اللقاء المهندس محمود ناجي رئيس الإدارة المركزية المشرف على السلامة والبيئة وكفاءة الطاقة والمناخ والمتحدث الرسمي للوزارة، والمهندس إسحاق سعد رئيس الإدارة المركزية لإنتاج الزيت الخام والمشرف على إنتاج الغاز، والدكتور محمد رضوان نائب رئيس شركة جنوب الوادي المصرية القابضة للبترول للاتفاقيات والاستكشاف ومدير بوابة مصر للاستكشاف والإنتاج. المهندس كريم بدوي وزير البترول والثروة المعدنية يعقد اجتماعًا مع قيادات شركة SLB مصر ( شلمبرجير سابق,2026-07-07T09:49:34.904762+00:00,
alahram,tier1,https://gate.ahram.org.eg/News/5746026.aspx,وزير الاستثمار والتجارة الخارجية يشارك في افتتاح فعاليات بعثة المشترين الدوليين EBS 2026 - بوابة الأهرام,,2026-07-06 14:58:00+00:00,شارك الدكتور محمد فريد، وزير الاستثمار والتجارة الخارجية، في افتتاح فعاليات بعثة المشترين الدوليين EBS 2026، التي ينظمها المجلس التصديري للصناعات الهندسية,بوابة الأهرام,ar,469,"شارك الدكتور محمد فريد، وزير الاستثمار والتجارة الخارجية، في افتتاح فعاليات بعثة المشترين الدوليين EBS 2026، التي ينظمها المجلس التصديري للصناعات الهندسية، بمشاركة المهندس خالد هاشم وزير الصناعة، ورؤساء عدة جهات تابعة للوزارة وهم المهندس عصام النجار رئيس الهيئة العامة للرقابة على الصادرات والواردات، والوزير المفوض التجاري علاء البيلي رئيس الهيئة المصرية العامة للمعارض والمؤتمرات، وحاتم النواوي، رئيس الجهاز التنفيذي لصندوق تنمية الصادرات وذلك بحضور ممثلي الشركات المصرية والمشترين الدوليين. موضوعات مقترحة وعقب الافتتاح، أجرى الوزير جولة موسعة داخل المعرض، تفقد خلالها أجنحة الشركات المشاركة، وحرص على التحاور المباشر مع ممثلي الشركات للتعرف على منتجاتهم، وحجم صادراتهم، والأسواق التي يستهدفونها، وخططهم للتوسع، والتحديات التي تواجههم، والفرص المتاحة لزيادة صادراتهم خلال المرحلة المقبلة. وتوقف الوزير أمام أجنحة الشركات المشاركة واحدًا تلو الآخر، مستمعًا إلى ممثليها ومناقشًا مستهدفاتهم التصديرية، حيث بدأ حواره مع معظم الشركات بالسؤال: ""بتصدروا بكام؟.. ومحتاجين مننا إيه عشان تزودوا صادراتكم؟""، في رسالة عكست نهج الوزارة القائم على التواصل المباشر مع المصدرين، وربط السياسات والبرامج الحكومية باحتياجاتهم الفعلية، بما يسهم في تحقيق نمو مستدام للصادرات المصرية. وأوضح الدكتور محمد فريد أن الوزارة تعمل وفق نهج يقوم على الشراكة مع القطاع الخاص، والاستماع إلى احتياجات المصدرين، وتحويل ما يطرحونه من تحديات إلى إجراءات تنفيذية بالتنسيق مع مختلف الجهات المعنية، بما يسهم في إزالة المعوقات أمام الشركات وتعزيز قدرتها على النفاذ إلى الأسواق الخارجية. كما وجه الوزير مسؤولي الجهات التابعة للوزارة بسرعة دراسة الملاحظات التي طرحها ممثلو الشركات خلال الجولة، والعمل على التنسيق مع الجهات المعنية لإزالة أي تحديات قد تحد من زيادة الصادرات أو التوسع في الأسواق الخارجية، مؤكدًا أن الهدف ليس فقط رصد التحديات، وإنما العمل على حلها بما ينعكس على زيادة تنافسية المنتج المصري. وأشار الدكتور محمد فريد إلى أن جميع الجهات التابعة لوزارة الاستثمار والتجارة الخارجية تعمل كمنظومة واحدة لخدمة المصدرين، وفي مقدمتها صندوق تنمية الصادرات، والهيئة المصرية العامة للمعارض والمؤتمرات، ومركز تدريب التجارة الخارجية، إلى جانب مختلف قطاعات الوزارة، بما يوفر للشركات الدعم الفني والترويجي والمؤسسي اللازم لتعزيز تنافسيتها وزيادة صادراتها. وأضاف الوزير مخاطبًا ممثلي الشركات: ""إحنا هنا عشان نساعدكم... وكل جهات الوزارة في ضهركم. هدفنا إن كل شركة تزود صادراتها، ونحول الفرص اللي بتوفرها المعارض وبعثات المشترين إلى تعاقدات حقيقية، ونمو مستدام للصادرات المصرية."" وأكد الدكتور محمد فريد أن بعثات المشترين الدوليين تمثل إحدى الأدوات العملية التي تعتمد عليها الوزارة لربط الشركات المصرية بالمشترين الدوليين، وإتاحة الفرصة للتعرف على القدرات الصناعية للمصانع المصرية على أرض الواقع، بما يسهم في بناء شراكات تجارية طويلة الأجل، وتحويل اللقاءات الثنائية إلى نتائج تصديرية ملموسة، في إطار جهود الدولة لزيادة الصادرات وتعزيز تنافسية الصناعة المصرية. ومن جانبه، أكد المهندس شريف الصياد، رئيس المجلس التصديري للصناعات الهندسية، أن بعثة المشترين الدوليين EBS 2026 تستضيف نحو 45 مشتريًا دوليًا يمثلون 20 دولة لعقد لقاءات أعمال مباشرة مع الشركات المصرية، في إطار خطة المجلس للتوسع في الأسواق الخارجية، وزيادة صادرات الصناعات الهندسية، واستهداف الوصول بها إلى 7.5 مليار دولار بنهاية عام 2026، من خلال فتح أسواق جديدة وتعزيز تنافسية المنتج المصري.",2026-07-07T09:49:35.115790+00:00,
alahram,tier1,https://gate.ahram.org.eg/News/5745965.aspx,ارتفاع تضخم أسعار المنتجين في منطقة اليورو خلال مايو - بوابة الأهرام,,2026-07-06 13:02:00+00:00,ارتفعت أسعار المنتجين في منطقة اليورو خلال مايو، وذلك نتيجة الضغوط التي فرضتها التوترات الجيوسياسية في الشرق الأوسط على تكاليف الطاقة، بحسب بيانات يوروستات الصادرة اليوم,بوابة الأهرام,ar,141,ارتفعت أسعار المنتجين في منطقة اليورو خلال مايو، وذلك نتيجة الضغوط التي فرضتها التوترات الجيوسياسية في الشرق الأوسط على تكاليف الطاقة، بحسب بيانات “يوروستات” الصادرة اليوم. موضوعات مقترحة ووفقًا للبيانات، جاءت الزيادة مدفوعة بارتفاع أسعار الطاقة بنسبة 14% على أساس سنوي في منطقة اليورو، بعدما صعدت بنسبة 12.5% في أبريل، إلى جانب صعود أسعار السلع الوسيطة بنسبة 5.5%. أظهرت بيانات مؤشر أسعار المنتجين في منطقة اليورو لشهر مايو 2026 تباينًا في معدلات النمو؛ حيث سجل المؤشر على المستوى السنوي نموًا بنسبة 5.9%، مقارنة بقراءة شهر أبريل السابقة التي بلغت 5.0%. أما على المستوى الشهري، فقد تباطأ معدل نمو المؤشر ليسجل 0.2% في مايو، وذلك بعد أن كان قد سجل 0.7% في شهر أبريل الماضي. تشير البيانات إلى استمرار الضغوط التضخمية في منطقة اليورو، إذ يؤدي ارتفاع تكاليف الإنتاج، وخاصة الناجمة عن الطاقة، إلى انتقال جزء من هذه الزيادات إلى أسعار المستهلكين.,2026-07-07T09:49:35.478304+00:00,
alahram,tier1,https://gate.ahram.org.eg/News/5745816.aspx,أسعار السلع الغذائية والبيض في الأسواق اليوم الإثنين 6 يوليو 2026 - بوابة الأهرام,,2026-07-06 10:27:00+00:00,تشهد أسواق السلع الغذائية والمنتجات الأساسية حالة من الاستقرار الملحوظ في متوسطات الأسعار، وذلك وفقاً لآخر التحديثات والرصد الميداني في منافذ البيع والسلاسل التجارية ومحلات التجزئة نستعرض معكم في هذا التقرير بيانًا تفصيليًا بالأسعار اليوم الإثنين 6 يوليو 2026,بوابة الأهرام,ar,169,"تشهد أسواق السلع الغذائية والمنتجات الأساسية حالة من الاستقرار الملحوظ في متوسطات الأسعار، وذلك وفقاً لآخر التحديثات والرصد الميداني في منافذ البيع والسلاسل التجارية ومحلات التجزئة. نستعرض معكم في هذا التقرير بيانًا تفصيليًا بالأسعار اليوم الإثنين 6 يوليو 2026: موضوعات مقترحة أولاً: أسعار السلع الغذائية الأساسية (للكيلو) تعتبر هذه الأسعار هي المتوسطات العامة للمنتجات المعبأة المتوفرة في منافذ البيع والسلاسل التجارية: الأرز المعبأ: سجل نحو 32 جنيهاً للكيلو. الفول المعبأ: بلغ سعر الكيلو للمستهلك حوالي 62 جنيهاً. الدقيق المعبأ: سجل ما يقارب 27 جنيهاً للكيلو. المكرونة المعبأة: استقر سعر الكيلو عند 16 جنيهاً. السكر الأبيض: اقترب سعر الكيلو من حاجز 36 جنيهاً. زيت عباد الشمس: استقر سعر اللتر عند 100 جنيه. ثانياً: بورصة البيض (سعر الجملة) البيض الأبيض (كرتونة): 95 جنيهاً. البيض البلدي (كرتونة): 126 جنيهاً. أسعار البيع للمستهلك (بالقطعة) تتفاوت الأسعار في محلات التجزئة والسوبر ماركت لتسجل المتوسطات التالية: البيضة البيضاء: 4,25 جنيه. البيضة الحمراء: 4.50 جنيه. البيضة البلدي: 5.25 جنيه. ملاحظة: قد تختلف هذه الأسعار بنسب طفيفة بين المحافظات المختلفة أو حسب العلامات التجارية المتوفرة في الأسواق.",2026-07-07T09:49:35.932794+00:00,
alahram,tier1,https://gate.ahram.org.eg/News/5745879.aspx,بعد موافقة النواب.. مصلحة الضرائب تعلن حوافز وتيسيرات جديدة في قانون القيمة المضافة - بوابة الأهرام,,2026-07-06 11:46:00+00:00,أكدت رشا عبد العال، رئيس مصلحة الضرائب، أن موافقة مجلس النواب على مشروع القانون بتعديل بعض أحكام قانون الضريبة على القيمة المضافة الصادر بالقانون رقم 67 لسنة 2016، تمثل خطوة جديدة في إطار استكمال جهود الدولة لتطوير المنظومة الضريبية، وتنفيذًا لتوجيهات أحمد كجوك وزير,بوابة الأهرام,ar,377,"أكدت رشا عبد العال، رئيس مصلحة الضرائب، أن موافقة مجلس النواب على مشروع القانون بتعديل بعض أحكام قانون الضريبة على القيمة المضافة الصادر بالقانون رقم 67 لسنة 2016، تمثل خطوة جديدة في إطار استكمال جهود الدولة لتطوير المنظومة الضريبية، وتنفيذًا لتوجيهات أحمد كجوك وزير المالية، الرامية إلى دعم الاستثمار والإنتاج وتبسيط الإجراءات وتحقيق التوازن بين تحفيز النشاط الاقتصادي والحفاظ على موارد الدولة. موضوعات مقترحة وأوضحت رئيس مصلحة الضرائب أن التعديلات تضمنت العديد من الحوافز الداعمة للقطاع الصناعي والقطاع الصحي، من بينها إخضاع الأجهزة الطبية والأجهزة المستخدمة في الأغراض الطبية لضريبة القيمة المضافة بفئة 5% أسوة بالآلات والمعدات، بدلًا من خضوعها للسعر العام، بما يسهم في تخفيف الأعباء عن القطاع الصحي وتشجيع التوسع في تصنيع وإنتاج الأجهزة الطبية محليًا. وأضافت أن التعديلات شملت أيضًا مد فترة تعليق أداء الضريبة المستحقة على الآلات والمعدات والأجهزة الطبية المستخدمة في الإنتاج الصناعي لمدة أربعة أعوام بدلاً من عامين ، مع إعفائها من الضريبة حال استخدامها فعليًا في العملية الإنتاجية، وهو ما يمثل حافزًا مهمًا لجذب الاستثمارات الصناعية ودعم التوسع في خطوط الإنتاج وزيادة تنافسية المنتج المحلي. وأشارت رشا عبد العال إلى أن التعديلات تضمنت تقليص مدة رد الرصيد الدائن للممولين لتصبح بعد مرور أكثر من أربع فترات ضريبية متتالية بدلًا من ست فترات، مع منح ميزة إضافية للمشروعات الخاضعة للقانون رقم 6 لسنة 2025 بشأن الحوافز والتيسيرات الضريبية، بحيث يتم رد الرصيد الدائن بعد ثلاثة أشهر فقط، بما يساهم في توفير السيولة النقدية للمشروعات الصغيرة وتحفيزها على النمو والتوسع. وأضافت أن القانون تضمن أيضًا عدم استحقاق الضريبة على الخدمات المؤداة على السلع العابرة ""الترانزيت""، في خطوة تستهدف دعم حركة التجارة الدولية وتعزيز جهود الدولة لتحويل مصر إلى مركز لوجستي إقليمي للسلع العابرة بين الموانئ المصرية. كما أشارت إلى أن التعديلات تضمنت إعفاء مدخلات تصنيع (أجزاء ولوازم وأجهزة ) الغسيل الكلوي كما تم إعفاء مدخلات الأجهزة التعويضية التي تلبس أو تحمل أو تزرع في جسم الإنسان من الضريبة، وتوحيد المعاملة الضريبية للخدمات المالية المقدمة من الهيئة القومية للبريد والبنوك والجهات الخاضعة لرقابة البنك المركزي والهيئة العامة للرقابة المالية، بما يحقق المزيد من العدالة والحياد الضريبي. وشددت رئيس مصلحة الضرائب المصرية على أن هذه التعديلات تؤكد استمرار الدولة في تبني سياسات ضريبية أكثر مرونة وكفاءة، تستجيب لمتطلبات مجتمع الأعمال وتدعم الصناعة والاستثمار، بما يسهم في تحقيق النمو الاقتصادي وزيادة معدلات الإنتاج والتشغيل، في إطار رؤية الدولة لبناء نظام ضريبي حديث وعادل ومحفز للتنمية.",2026-07-07T09:49:36.251313+00:00,
alahram,tier1,https://gate.ahram.org.eg/News/5745919.aspx,تراجع أسعار الغاز في أوروبا مع انحسار مخاطر الإمدادات رغم موجة الحر الصيفية - بوابة الأهرام,,2026-07-06 12:23:00+00:00,تراجعت أسعار الغاز الطبيعي بالجملة في أوروبا اليوم الاثنين حيث طغى انحسار التوترات الجيوسياسية وتحسن حركة الشحن في الشرق الأوسط على التوقعات بموجة حر صيفية مقبلة في شمال غرب القارة,بوابة الأهرام,ar,215,"تراجعت أسعار الغاز الطبيعي بالجملة في أوروبا، اليوم الإثنين، حيث طغى انحسار التوترات الجيوسياسية وتحسن حركة الشحن في الشرق الأوسط على التوقعات بموجة حر صيفية مقبلة في شمال غرب القارة. موضوعات مقترحة وانخفضت العقود الآجلة للهولندي القياسي (تسليم الشهر المقبل) إلى 44.45 يورو لكل ميجاوات/ساعة، ليعوض السوق بعض مكاسبه السابقة مع موازنة المتداولين بين مستويات المخزون الإقليمية القوية والقفزات المحتملة في الطلب على المدى القصير. وفي بريطانيا، انعكس هذا الاتجاه الهبوطي، حيث انخفض عقد الغاز القياسي للشهر المقبل بنسبة 1.9% ليصل إلى 105.60 بنس للثرم. وتُشير توقعات الطقس في أوروبا إلى موجة حر جديدة تستعد لاجتياح شمال غرب القارة، وهي درجات حرارة مرتفعة من شأنها أن ترفع مستويات تشغيل مكيفات الهواء والطلب على الطاقة بشكل ملحوظ. وفي هذا السياق، يراقب المتداولون عن كثب درجات حرارة الأنهار في فرنسا؛ حيث يعتمد أكثر من 30% من المفاعلات النووية الفرنسية على مياه الأنهار للتبريد .. وقد تؤدي موجة الحر المطولة إلى فرض قيود بيئية على الإنتاج، مما سيجبر شبكات الكهرباء على الاعتماد بشكل أكبر على محطات التوليد التي تعمل بالغاز. من جهة أخرى، بدأت تدفقات الناقلات عبر مضيق هرمز الحيوي في الاستقرار وسط محادثات دبلوماسية مستمرة، مما ساهم في تهدئة الأسواق، وإن كان الوضع المتقلب يبقي على ""علاوة المخاطر"" الأساسية قائمة، لا سيما وأن نحو 20% من حركة الغاز الطبيعي المسال العالمي تمر عبر هذا الممر المائي الاستراتيجي.",2026-07-07T09:49:36.813368+00:00,
alahram,tier1,https://gate.ahram.org.eg/News/5746149.aspx,&quot;المالية&quot;: طرح أذون خزانة بقيمة 95 مليار جنيه - بوابة الأهرام,,2026-07-06 18:15:00+00:00,أعلنت وزارة المالية طرحها لأذون الخزانة بقيمة إجمالية بلغت 95 مليار جنيه,بوابة الأهرام,ar,76,أعلنت وزارة المالية طرحها لأذون الخزانة بقيمة إجمالية بلغت 95 مليار جنيه. موضوعات مقترحة وأوضحت الوزارة، عبر موقعها الإلكتروني اليوم، أن متوسط عائد أذون الخزانة أجل 91 يوما بلغ 22ر24%، وسجل أعلى عائد 34ر24%، وسجل أقل عائد 5ر23%، كما بلغ متوسط عائد أذون الخزانة أجل 273 يوما 16ر25%، وبلغ أعلى عائد 25ر25%، وسجل أقل عائد 23%. وأشارت إلى أنها قد طرحت اليوم، أذون خزانة آجال 91 و273 يوما بقيم بلغت 35 و60 مليار جنيه على التوالي.,2026-07-07T09:49:36.660690+00:00,
alahram,tier1,https://gate.ahram.org.eg/News/5745811.aspx,أسعار الدواجن وسوق الكتاكيت والطيور في الأسواق اليوم الإثنين 6 يوليو 2026 - بوابة الأهرام,,2026-07-06 10:22:00+00:00,تشهد أسواق الدواجن واللحوم البيضاء حالة من الحركة والتباين في الأسعار بين بورصة التنفيذ (سعر المزرعة) وأسعار البيع للمستهلك النهائي، وذلك تزامناً مع تذبذب معدلات العرض والطلب نستعرض معكم في هذا التقرير رصداً شاملاً ومحدثاً لكافة الأسعار في الأسواق اليوم الإثنين 6 يو,بوابة الأهرام,ar,257,تشهد أسواق الدواجن واللحوم البيضاء حالة من الحركة والتباين في الأسعار بين بورصة التنفيذ (سعر المزرعة) وأسعار البيع للمستهلك النهائي، وذلك تزامناً مع تذبذب معدلات العرض والطلب. نستعرض معكم في هذا التقرير رصداً شاملاً ومحدثاً لكافة الأسعار في الأسواق اليوم الإثنين 6 يوليو 2026 موضوعات مقترحة أسعار الدواجن الحية اليوم: الفراخ البيضاء: التنفيذ 65 - 66 جنيهًا، وللمستهلك 75 - 80 جنيهاً. الفراخ الساسو (الحمراء): التنفيذ ب 77 - 78 جنيهاً، وللمستهلك 88 - 93 جنيهاً. الفراخ البلدي: التنفيذ ب 105 جنيهات، وللمستهلك 115 - 120 جنيهاً. لحم أمهات أبيض: التنفيذ ب 40 جنيهاً، وللمستهلك 50 - 55 جنيهاً. أسعار مشتقات الدواجن والأجزاء (حسب العرض والطلب) تختلف أسعار القطعيات جزئيًا بحسب المنطقة الحيوية، وجاءت كالآتي: البانيه يتصدر القائمة بأسعار تتراوح بين 200 - 240 جنيهاً للكيلو. الدبابيس: سجلت حوالي 100 جنيهًا للكيلو. الأوراك: تتراوح ما بين 100 - 120 جنيهًا للكيلو. الكبد والقوانص: تتراوح ما بين 90 - 110 جنيهًا للكيلو. الأجنحة: تتراوح ما بين 50 - 55 جنيهًا للكيلو. سوق الكتاكيت (تحديثات المُربين) كتكوت أبيض (شركات): 8 - 14 جنيهاً. كتكوت أبيض (قطعان): 4- 4.50 جنيه. كتكوت ساسو: 5 - 6 جنيهات. أسعار البط، الرومي، واللحوم البيضاء الأخرى: شهد هذا القطاع ثباتاً نسبياً في الأسعار وجاءت كالتالي: أنواع البط (سعر الكيلو): البط البلدي: 110 - 120 جنيهاً. البط المسكوفي: 90 - 100 جنيه. البط البغالي: 70 - 80 جنيهًا. البط الفرنساوي: 65 - 75 جنيهًا. الرومي والحمام والأرانب: الرومي الأبيض 120 جنيهاً للكيلو. الرومي الأسمر: 105 جنيهات للكيلو الأرانب: تتراوح ما بين 140 - 180 جنيهًا للكيلو. الحمام: يتراوح ما بين 170 - 200 جنيه للزوج.,2026-07-07T09:49:37.317880+00:00,
alahram,tier1,https://gate.ahram.org.eg/News/5745882.aspx,الرقابة المالية تحدد المقابل المالي لخدمات تسوية العقود الآجلة تنشيطًا لسوق المشتقات - بوابة الأهرام,,2026-07-06 11:46:00+00:00,أصدر مجلس إدارة الهيئة العامة للرقابة المالية برئاسة الدكتور إسلام عزام، قرارًا بتحديد مقابل خدمات التقاص والتسوية المقدمة في عمليات تسوية العقود الآجلة بالبورصة، وذلك في إطار استكمال الإطار التنظيمي لسوق المشتقات، بما يكفل تنشيطها وجاهزية جميع أطراف السوق، بالتعاون,بوابة الأهرام,ar,590,"أصدر مجلس إدارة الهيئة العامة للرقابة المالية برئاسة الدكتور إسلام عزام، قرارًا بتحديد مقابل خدمات التقاص والتسوية المقدمة في عمليات تسوية العقود الآجلة بالبورصة، وذلك في إطار استكمال الإطار التنظيمي لسوق المشتقات، بما يكفل تنشيطها وجاهزية جميع أطراف السوق، بالتعاون مع مجلس إدارة البورصة المصرية. موضوعات مقترحة وتقدَّم هذه الخدمات من خلال شركة ""تسويات لخدمات التقاص"" وهي الجهة المُرخص لها من الهيئة العامة للرقابة المالية بمزاولة نشاط المقاصة والتسوية للعقود التي يُجرى التعامل عليها في بورصات العقود الآجلة، حيث تلعب دورًا محوريًا في إدارة وتقييم المخاطر على مستوى حساب العميل لأعضاء تداول وتسوية المشتقات المالية، فضلًا عن إدارة مخاطر الطرف المقابل في عمليات التداول، بما يدعم سلامة واستقرار سوق المال. وينص القرار الذي يحمل رقم (110) لسنة 2026 ونُشر في ""الوقائع المصرية"" على إعفاء عدد من الخدمات من سداد المقابل المادي لمدة عام، بما يعكس التزام الهيئة والبورصة بتطوير البنية الإجرائية والفنية لسوق رأس المال، وتنويع الأدوات الاستثمارية، وتعزيز كفاءة إدارة المخاطر بما يتوافق مع أفضل المعايير والممارسات الدولية. وتشمل الخدمات التي تقرر إعفاؤها لمدة عام من تاريخ العمل بالقرار، كلًا من: تنفيذ العمليات بالإنابة والتسوية النهائية للعقود، وتحويل المراكز بين أعضاء التسوية، وإصدار كشوف الحساب، وإضافة مستخدمين للنظام، وخدمات الربط الآلي بنظام التسوية. كما يتضمن القرار ثلاث خدمات مجانية هي: فتح حساب للعميل، ومصاريف الإيداع النقدي، ومصاريف السحب النقدي. وأكد الدكتور إسلام عزام، رئيس الهيئة العامة للرقابة المالية، أن بدء تداول العقود المستقبلية بعد تدشين سوق المشتقات يمثل محطة مهمة في مسار تطوير البورصة المصرية، باعتبارها إحدى الأدوات الرئيسية لتطوير سوق رأس المال المصري، وأن الهيئة تستهدف تشجيع الاستثمار في هذه الأدوات لتصبح خيارًا استثماريًا حيويًا أمام مختلف شرائح المتعاملين يساعد على تنويع الفرص الاستثمارية المتاحة وتعميق السوق. وأضاف رئيس الهيئة أن القرار يحقق التوازن بين توفير مقابل مناسب للخدمات التي تقدمها شركة التسوية وبين تشجيع أعضاء السوق والمتعاملين على المشاركة في سوق العقود الآجلة في مرحلة الإطلاق، كما أن الإعفاء المؤقت لبعض الخدمات يمثل حافزًا عمليًا للمستثمرين وشركات الوساطة الحاصلة على ترخيص لمزاولة نشاطها في العقود الآجلة المشتقة من الأوراق والأدوات المالية، بما يساعد على توسيع النشاط وزيادة جاذبيته. وكانت البورصة المصرية قد دشنت سوق المشتقات المالية تزامنًا مع اندلاع حرب إيران الأخيرة، في خطوة أكدت ما تحظى به مصر من استقرار وفرص للازدهار على الرغم من التغيرات الجيوسياسية الحادة، وخلال شهر يونيو الماضي أطلقت البورصة المصرية عقودًا مستقبلية على اثنين من الأسهم القيادية بالسوق. كما أصدرت الهيئة العامة للرقابة المالية سلفًا قرار مجلس الإدارة رقم (7) لسنة 2026 بشأن متطلبات وشروط الترخيص بمزاولة نشاط الوساطة في العقود الآجلة، وأصدرت موافقتها بالفعل لعدد من الشركات بعد استيفاء الاشتراطات والمتطلبات المالية والفنية. - تفاصيل الخدمات والمقابل المالي المحدد: -مقابل العضوية لعضو التسوية: 20 ألف جنيه تُحصّل مرة واحدة. -الاشتراك السنوي لعضو التسوية: 10 آلاف جنيه سنويًا، ويشمل استخدام شاشة واحدة لنظام التسوية. -فتح حساب للعميل: مجانًا. -خدمات التسوية: واحد في العشرة آلاف من قيمة العملية، وبحد أقصى 5 آلاف جنيه أو ما يعادلها بعملة التداول أو التسوية. -مصاريف الإيداع النقدي: مجانًا. -مصاريف السحب النقدي: مجانًا. -تنفيذ العمليات بالإنابة: واحد في الألف من قيمة العملية، وبحد أقصى 5 آلاف جنيه أو ما يعادلها بعملة التداول أو التسوية. (إعفاء لمدة عام). -التسوية النهائية: واحد في العشرة آلاف من قيمة المراكز المفتوحة في تاريخ انتهاء العقد، وبحد أقصى 5 آلاف جنيه أو ما يعادلها بعملة التداول أو التسوية. (إعفاء لمدة عام). -تحويل مراكز عضو تسوية إلى عضو تسوية آخر: واحد في الألف من قيمة المراكز المفتوحة، وبحد أقصى 5 آلاف جنيه أو ما يعادلها بعملة التداول أو التسوية. (إعفاء لمدة عام). -إصدار كشف حساب: 100 جنيه لكل كشف. (إعفاء لمدة عام). -إضافة مستخدم للنظام: 5 آلاف جنيه سنويًا. (إعفاء لمدة عام). -الربط الآلي بنظام التسوية: 50 ألف جنيه سنويًا. (إعفاء لمدة عام).",2026-07-07T09:49:37.759995+00:00,
alahram,tier1,https://gate.ahram.org.eg/News/5745945.aspx,مد فترة تقديم الإقرارات الضريبية العقارية حتى 30 سبتمبر - بوابة الأهرام,,2026-07-06 13:02:00+00:00,قررت مصلحة الضرائب العقارية مد فترة تقديم الإقرارات الضريبية العقارية حتى 30 سبتمبر 2026، بدلًا من الموعد السابق الذي كان مقررًا في 30 يونيو، وذلك في إطار التيسير على المواطنين وإتاحة الفرصة أمام غير المتقدمين لاستيفاء إجراءات تقديم الإقرارات,بوابة الأهرام,ar,191,قررت مصلحة الضرائب العقارية مد فترة تقديم الإقرارات الضريبية العقارية حتى 30 سبتمبر 2026، بدلًا من الموعد السابق الذي كان مقررًا في 30 يونيو، وذلك في إطار التيسير على المواطنين وإتاحة الفرصة أمام غير المتقدمين لاستيفاء إجراءات تقديم الإقرارات. موضوعات مقترحة وأكدت المصلحة، عبر موقعها الإلكتروني، استمرار العمل بالحوافز المقررة للممولين، والتي تشمل خصمًا بنسبة 25% من الضريبة المستحقة على العقارات السكنية، و10% على العقارات غير السكنية، عند المبادرة بتقديم الإقرار وسداد الضريبة. وأضافت أن الممولين الذين يسددون الضريبة تحت الحساب سيحصلون على خصم إضافي بنسبة 5%، فضلًا عن التجاوز عن مقابل التأخير المستحق على الضريبة عن السنوات السابقة عند السداد إلكترونيًا عبر التطبيق المخصص لذلك. وأوضحت المصلحة أن مالكي الوحدات المستخدمة كسكن خاص، التي تقل قيمتها السوقية عن 8 ملايين جنيه، يمكنهم التقدم بطلب للحصول على الإعفاء الضريبي بالتزامن مع تقديم الإقرار، وذلك وفقًا لأحكام قانون الضريبة على العقارات المبنية، للاستفادة من الإعفاء المقرر قانونًا. وأكدت أن مد المهلة يستهدف منح المواطنين وقتًا إضافيًا لتقديم الإقرارات والاستفادة من التيسيرات والحوافز المقررة قبل انتهاء فترة التمديد. ويأتي قرار مد المهلة ضمن إجراءات التيسير التي تتبناها وزارة المالية لتعزيز الالتزام الطوعي، وتوسيع قاعدة الممولين، وتشجيع المواطنين على الاستفادة من الحوافز الضريبية المقررة.,2026-07-07T09:49:38.336627+00:00,
alahram,tier1,https://gate.ahram.org.eg/daily/News/205641/1175/1022566/%D9%85%D9%84%D9%81-%D8%AE%D8%A7%D8%B5/%D8%A7%D9%84%D8%BA%D8%B0%D8%A7%D8%A1-%D8%A3%D9%85%D9%86-%D9%82%D9%88%D9%85%D9%89%C2%AB%D9%85%D8%B3%D8%AA%D9%82%D8%A8%D9%84-%D9%85%D8%B5%D8%B1%C2%BB-%D8%B0%D8%B1%D8%A7%D8%B9-%D8%A7%D9%84%D8%AF%D9%88%D9%84%D8%A9-%D8%A7%D9%84%D8%A7%D8%B3%D8%AA%D8%B1%D8%A7%D8%AA.aspx,الغذاء أمن قومى.. «مستقبل مصر».. ذراع الدولة الاستراتيجية لتعزيز منظومة الأمن الغذائى - بوابة الأهرام,,2026-07-06 22:30:07+00:00,الغذاء أمن قومى.. «مستقبل مصر».. ذراع الدولة الاستراتيجية لتعزيز منظومة الأمن الغذائى&nbsp;&nbsp;بوابة الأهرام,بوابة الأهرام,ar,,,2026-07-07T09:49:38.340026+00:00,Extraction failed: Failed to fetch: 403 Client Error: Forbidden for url: https://gate.ahram.org.eg/daily/News/205641/1175/1022566/%D9%85%D9%84%D9%81-%D8%AE%D8%A7%D8%B5/%D8%A7%D9%84%D8%BA%D8%B0%D8%A7%D8%A1-%D8%A3%D9%85%D9%86-%D9%82%D9%88%D9%85%D9%89%C2%AB%D9%85%D8%B3%D8%AA%D9%82%D8%A8%D9%84-%D9%85%D8%B5%D8%B1%C2%BB-%D8%B0%D8%B1%D8%A7%D8%B9-%D8%A7%D9%84%D8%AF%D9%88%D9%84%D8%A9-%D8%A7%D9%84%D8%A7%D8%B3%D8%AA%D8%B1%D8%A7%D8%AA.aspx
alahram,tier1,https://gate.ahram.org.eg/News/5746105.aspx,خفض الأسعار وتقليل الوسطاء.. أبرز قرارات اجتماع اللجنة العليا لمشروع Carry On - بوابة الأهرام,,2026-07-06 16:45:00+00:00,عقد اليوم الإثنين، الاجتماع التنسيقي للجنة العليا للمشروع القومي Carry On ، بمشاركة ممثلي الجهات المعنية، لمتابعة الموقف التنفيذي للمشروع واستعراض الخطوات التنفيذية المقترحة للبرنامج الوطني,بوابة الأهرام,ar,673,عقد اليوم الإثنين، الاجتماع التنسيقي للجنة العليا للمشروع القومي “Carry On”، بمشاركة ممثلي الجهات المعنية، لمتابعة الموقف التنفيذي للمشروع واستعراض الخطوات التنفيذية المقترحة للبرنامج الوطني. موضوعات مقترحة وأكد المشاركون أن البرنامج الوطني يمثل إطارًا تنفيذيًا متكاملًا لتوحيد جهود مختلف الجهات المعنية، بما يضمن تعزيز الأمن الغذائي، وزيادة إتاحة السلع الأساسية، وتحقيق استقرار الأسواق، وخفض الأعباء المعيشية عن المواطنين، من خلال تطوير منظومة الإنتاج والتصنيع والتخزين والنقل وسلاسل الإمداد والتوزيع والتجارة الداخلية، بما يسهم في رفع كفاءة الأسواق وتعزيز استدامة توفير السلع. وأشاروا إلى أن المشروع القومي “Carry On” يمثل الذراع التنفيذية الرئيسية للبرنامج الوطني، باعتباره منصة وطنية متكاملة لتطوير المنافذ التموينية والتجارية وفق أحدث النظم، والتوسع في إنشاء الأسواق الدائمة، وربط المنتج بالمستهلك مباشرة، وتقليل حلقات التداول والوساطة، ورفع كفاءة منظومة التوزيع، بما يسهم في استقرار الأسعار، وتحسين جودة الخدمات، وضمان وصول السلع الأساسية للمواطنين بصورة منتظمة وعادلة. وشهد الاجتماع مناقشة استكمال الإجراءات التنفيذية لتأسيس شركة وطنية مشتركة تضم جهاز مستقبل مصر للتنمية المستدامة، ووزارة التموين والتجارة الداخلية ممثلة في الشركة القابضة للصناعات الغذائية، ووزارة الزراعة واستصلاح الأراضي، لتكون الذراع التنفيذية للمشروع القومي “Carry On”، وتتولى إدارة وتشغيل شبكة المنافذ والأسواق الثابتة والمتحركة، والتوسع في إنشاء الأسواق الدائمة، وتطبيق نموذج الامتياز التجاري (Franchise)، وتطوير المنافذ التموينية، وتعزيز كفاءة سلاسل الإمداد، وذلك تمهيدًا لاستكمال الإجراءات القانونية والإدارية اللازمة والعرض على الجهات المختصة. كما ناقش الاجتماع إعداد خطة تنفيذية متكاملة للتوسع في إنشاء الأسواق الدائمة بالمحافظات بالتنسيق مع وزارة التنمية المحلية، إلى جانب وضع تصور موحد لإدارة المنافذ المتنقلة التابعة للجهات المشاركة، بما يتيح سرعة التدخل في المناطق الأكثر احتياجًا، وزيادة المعروض من السلع الأساسية، ودعم استقرار الأسواق. وتناول الاجتماع كذلك الموقف التنفيذي للمشروع، والجدول الزمني لمراحل التنفيذ، وآليات التنسيق بين الجهات المشاركة، وخطط التوسع الجغرافي، والتصورات الخاصة بالهوية البصرية والنموذج التشغيلي، بما يضمن سرعة التنفيذ وفق أعلى معايير الكفاءة والحوكمة. وحضر الاجتماع المهندس مصطفى الصياد نائب وزير الزراعة واستصلاح الأراضي، وأيمن إسماعيل رئيس مجلس إدارة الشركة القابضة للصناعات الغذائية، والعميد طيار محمد المصري ممثل جهاز مستقبل مصر للتنمية المستدامة، والدكتور علاء ناجي العضو المنتدب والرئيس التنفيذي للشركة القابضة للصناعات الغذائية، والمهندس مجدي عبدالله المستشار الفني لوزير الزراعة، والمستشار احمد جلال المستشار القانوني لوزارة الزراعة، والدكتور خالد سري صيام، وأحمد عبدالله عضو عضو اللجنة، والمهندس منتصر عبدالمنعم مستشار الهوية البصرية والتصميم للمشروع، وأحمد سعد أمين سر اللجنة وممثل شركة NI Consultant. كما شارك من وزارة التموين والتجارة الداخلية أحمد كمال مساعد الوزير للمشروعات والمتحدث الرسمي للوزارة، وسارة العزازي رئيس الإدارة المركزية لشؤون مكتب الوزير، ومخلوف شعبان مدير عام الشؤون القانونية، وأحمد طه مدير التواصل والتنسيق للمشروع. وأكد أيمن إسماعيل، رئيس مجلس إدارة الشركة القابضة للصناعات الغذائية، أن الشركة القابضة تنفذ توجيهات الدكتور شريف فاروق وزير التموين والتجارة الداخلية، بالعمل في تنسيق كامل مع جهاز مستقبل مصر ووزارة الزراعة وكافة الجهات المعنية، للإسراع في تنفيذ مستهدفات البرنامج الوطني، بما يسهم في زيادة إتاحة السلع الأساسية، ورفع كفاءة منظومة التجارة الداخلية، وتعزيز كفاءة سلاسل الإمداد، والتوسع في المنافذ والأسواق الدائمة، وتحقيق مستهدفات الدولة في تخفيف الأعباء المعيشية عن المواطنين. ومن جانبه، أكد المهندس مصطفى الصياد، نائب وزير الزراعة واستصلاح الأراضي، أن الوزارة، تنفيذًا لتوجيهات السيد علاء فاروق وزير الزراعة واستصلاح الأراضي، تواصل التنسيق الكامل مع جهاز مستقبل مصر ووزارة التموين لتعزيز منظومة الإنتاج الزراعي والإمداد المستدام للسلع الاستراتيجية، والتوسع في الإنتاج المحلي، ودعم الزراعة التعاقدية، بما يضمن استقرار إمدادات السلع الأساسية، وتعزيز الأمن الغذائي. كما أكد العميد طيار محمد المصري، ممثل جهاز مستقبل مصر للتنمية المستدامة، أن الجهاز، تنفيذًا لتوجيهات الدكتور بهاء الغنام مدير الجهاز، يواصل التنسيق مع مختلف الجهات المشاركة لوضع الآليات التنفيذية للبرنامج الوطني، بما يحقق التكامل بين الإنتاج والإمداد والتوزيع، ويُسرّع تنفيذ شبكة الأسواق الدائمة والمنافذ الثابتة والمتحركة، بما يدعم التدخل الإيجابي في الأسواق، ويعزز توافر السلع الأساسية للمواطنين بمختلف المحافظات. وفي ختام الاجتماع، أكد المشاركون استمرار اجتماعات اللجنة العليا بصورة دورية لمتابعة تنفيذ البرنامج الوطني، واستكمال الإجراءات الخاصة بتأسيس الشركة الوطنية المشتركة، والانتهاء من إعداد الخطة التنفيذية والجدول الزمني لمراحل التنفيذ، تمهيدًا لعرضها على الجهات المختصة. وأكدوا أن هذا التحرك يعكس سرعة استجابة أجهزة الدولة للتوجيهات الرئاسية، من خلال العمل المشترك بين مختلف الجهات المعنية، وتحويل الرؤى الاستراتيجية إلى برامج تنفيذية ومشروعات على أرض الواقع، بما يسهم في استقرار الأسواق، وتعزيز الأمن الغذائي، ورفع كفاءة منظومة التجارة الداخلية، وتخفيف الأعباء المعيشية عن المواطنين.,2026-07-07T09:49:38.900960+00:00,
alahram,tier1,https://gate.ahram.org.eg/News/5746119.aspx,المجلس التصديري للصناعات الهندسية: نستهدف 7.5 مليار دولار بنهاية 2026 - بوابة الأهرام,,2026-07-06 16:47:00+00:00,كشف المهندس شريف الصياد، رئيس المجلس التصديري للصناعات الهندسية، عن خطة طموحة للتوسع خارجيًا؛ حيث يستهدف المجلس الوصول بصادرات القطاع إلى 75 مليار دولار بنهاية عام 2026، مستفيدًا من الشراكات التجارية طويلة الأجل التي يتم بناؤها خلال اللقاءات الثنائية الحالية,بوابة الأهرام,ar,78,كشف المهندس شريف الصياد، رئيس المجلس التصديري للصناعات الهندسية، عن خطة طموحة للتوسع خارجيًا؛ حيث يستهدف المجلس الوصول بصادرات القطاع إلى 7.5 مليار دولار بنهاية عام 2026، مستفيدًا من الشراكات التجارية طويلة الأجل التي يتم بناؤها خلال اللقاءات الثنائية الحالية.​ موضوعات مقترحة جاء ذلك خلال افتتاح بعثة المشترين الدوليين التي تستضيف 45 مشترياً من 20 دولة. أوضح أن بعثة المشترين الدوليين EBS 2026 تستضيف نحو 45 مشتريًا دوليًا يمثلون 20 دولة لعقد لقاءات أعمال مباشرة مع الشركات المصرية.,2026-07-07T09:49:39.192034+00:00,
alahram,tier1,https://gate.ahram.org.eg/News/5745969.aspx,تفاصيل الخدمات المجانية للعقود الآجلة بالبورصة - بوابة الأهرام,,2026-07-06 13:13:00+00:00,أصدر مجلس إدارة الهيئة العامة للرقابة المالية، قرارًا بتحديد مقابل خدمات التقاص والتسوية المقدمة في عمليات تسوية العقود الآجلة بالبورصة، وذلك في إطار استكمال الإطار التنظيمي لسوق المشتقات، بما يكفل تنشيطها وجاهزية جميع أطراف السوق,بوابة الأهرام,ar,213,أصدر مجلس إدارة الهيئة العامة للرقابة المالية، قرارًا بتحديد مقابل خدمات التقاص والتسوية المقدمة في عمليات تسوية العقود الآجلة بالبورصة، وذلك في إطار استكمال الإطار التنظيمي لسوق المشتقات، بما يكفل تنشيطها وجاهزية جميع أطراف السوق. موضوعات مقترحة تفاصيل الخدمات والمقابل المالي المحدد -مقابل العضوية لعضو التسوية: 20 ألف جنيه تُحصّل مرة واحدة. -الاشتراك السنوي لعضو التسوية: 10 آلاف جنيه سنويًا، ويشمل استخدام شاشة واحدة لنظام التسوية. -فتح حساب للعميل: مجانًا. -خدمات التسوية: واحد في العشرة آلاف من قيمة العملية، وبحد أقصى 5 آلاف جنيه أو ما يعادلها بعملة التداول أو التسوية. -مصاريف الإيداع النقدي: مجانًا. -مصاريف السحب النقدي: مجانًا. -تنفيذ العمليات بالإنابة: واحد في الألف من قيمة العملية، وبحد أقصى 5 آلاف جنيه أو ما يعادلها بعملة التداول أو التسوية. (إعفاء لمدة عام). -التسوية النهائية: واحد في العشرة آلاف من قيمة المراكز المفتوحة في تاريخ انتهاء العقد، وبحد أقصى 5 آلاف جنيه أو ما يعادلها بعملة التداول أو التسوية. (إعفاء لمدة عام). -تحويل مراكز عضو تسوية إلى عضو تسوية آخر: واحد في الألف من قيمة المراكز المفتوحة، وبحد أقصى 5 آلاف جنيه أو ما يعادلها بعملة التداول أو التسوية. (إعفاء لمدة عام). -إصدار كشف حساب: 100 جنيه لكل كشف. (إعفاء لمدة عام). -إضافة مستخدم للنظام: 5 آلاف جنيه سنويًا. (إعفاء لمدة عام). -الربط الآلي بنظام التسوية: 50 ألف جنيه سنويًا. (إعفاء لمدة عام).,2026-07-07T09:49:39.466156+00:00,
alahram,tier1,https://gate.ahram.org.eg/Massai/News/5746031.aspx,محمد سعد شداد يحقق إنجازًا دوليًا غير مسبوق ويؤكد ريادة الشباب المصري في قضايا المناخ العالمية - بوابة الأهرام,,2026-07-06 14:57:00+00:00,محمد سعد شداد يحقق إنجازًا دوليًا غير مسبوق ويؤكد ريادة الشباب المصري في قضايا المناخ العالمية&nbsp;&nbsp;بوابة الأهرام,بوابة الأهرام,ar,,,2026-07-07T09:49:40.993068+00:00,Extraction failed: Failed to fetch: 403 Client Error: Forbidden for url: https://gate.ahram.org.eg/Massai/News/5746031.aspx
alahram,tier1,https://gate.ahram.org.eg/News/5746020.aspx,النحاس يواصل مكاسبه والألومنيوم يتعافى مع انحسار مخاوف الفائدة الأمريكية - بوابة الأهرام,,2026-07-06 14:54:00+00:00,ارتفعت أسعار النحاس للجلسة الثالثة على التوالي، فيما واصل الألومنيوم التعافي من أدنى مستوياته في أربعة أشهر، بدعم من تراجع التوقعات بشأن,بوابة الأهرام,ar,188,"ارتفعت أسعار النحاس للجلسة الثالثة على التوالي، فيما واصل الألومنيوم التعافي من أدنى مستوياته في أربعة أشهر، بدعم من تراجع التوقعات بشأن إقدام مجلس الاحتياطي الفيدرالي على رفع أسعار الفائدة، ما عزز شهية المستثمرين تجاه المعادن الصناعية. موضوعات مقترحة وتقول بلومبرج، ارتفع سعر النحاس لأجل ثلاثة أشهر في بورصة لندن للمعادن بشكل طفيف، مواصلًا مكاسبه بعد صعوده بنسبة 0.3% في الجلسة السابقة، وهو ما ساعده على إنهاء موجة خسائر استمرت أسبوعين. وارتفع سعر النحاس بنسبة تصل إلى 0.7% قبل أن يتراجع قليلا ليسجل 13,402.50 دولارا أمريكيا للطن، بزيادة قدرها 0.3%، وارتفع سعر الألومنيوم بنسبة 0.5% ليصل إلى 3,107 دولارات أمريكية للطن، مسجلاً ارتفاعا طفيفا بعد انخفاضه نتيجة توقعات عودة الإمدادات من الشرق الأوسط. كما جاء هذا الارتفاع بعدما قلص المستثمرون رهاناتهم على تشديد السياسة النقدية الأمريكية، عقب تصريحات رئيس مجلس الاحتياطي الفيدرالي، كيفن وارش، التي أشار فيها إلى تراجع مخاطر التضخم، مما عزز التوقعات بتحسن الطلب على المعادن الصناعية. وتلقت المعادن الأساسية دعما اليوم الإثنين حيث اتجهت بعض الصناديق الصينية إلى أسهم المعادن والعقود الآجلة تحسبا لأرباح قوية للمنتجين في النصف الأول من العام، وفقا لما ذكره وو كونجين، رئيس قسم أبحاث المعادن الأساسية في شركة مينميتالز فيوتشرز.",2026-07-07T09:49:41.202731+00:00,
alahram,tier1,https://gate.ahram.org.eg/News/5746022.aspx,خام الحديد يرتفع مع تشديد الصين القيود على شركة تعدين أسترالية - بوابة الأهرام,,2026-07-06 14:48:00+00:00,ارتفعت أسعار خام الحديد اليوم الاثنين بدعم من تشديد الصين القيود على شركة التعدين الأسترالية فورتسكيو من خلال الجهة الحكومية المعنية بشراء الخام، إلى جانب إقبال المشترين على الشراء بعد انخفاض الأسعار خلال الشهرين الماضيين ،وفق وكالة بلومبرج,بوابة الأهرام,ar,227,ارتفعت أسعار خام الحديد اليوم الاثنين بدعم من تشديد الصين القيود على شركة التعدين الأسترالية فورتسكيو من خلال الجهة الحكومية المعنية بشراء الخام، إلى جانب إقبال المشترين على الشراء بعد انخفاض الأسعار خلال الشهرين الماضيين ،وفق وكالة بلومبرج. موضوعات مقترحة وزادت العقود الآجلة للمادة الخام المستخدمة في صناعة الصلب بنسبة وصلت إلى 1.2% لتلامس 99 دولاراً للطن، قبل أن تقلص جزءاً من مكاسبها، بعد أن طلبت مجموعة الصين للموارد المعدنية China Mineral Resources Group المدعومة من الدولة، من عدد من مصانع الصلب والتجار المحليين عدم شراء أي شحنات جديدة مقومة بالدولار من خام Super Special Fines التابع لشركة التعدين Fortescue، في خطوة تعكس تصاعد الخلاف بين الجانبين. كما تلقت السوق دعما إضافيا من عودة عمليات الشراء بعد تراجع أسعار خام الحديد بنحو 12% منذ منتصف مايو، نتيجة تباطؤ الطلب الموسمي في الصين وارتفاع الإمدادات البحرية، في وقت يراهن فيه المستثمرون على إجراءات تحفيز اقتصادي صينية وتراجع احتمالات رفع أسعار الفائدة الأمريكية. ورغم هذا التعافي، لا تزال أفاق السوق تواجه ضغوطاً، إذ تتراجع أرباح شركات الصلب الصينية مع توقعات بانخفاض الطلب على خام الحديد والفحم المعدني، بينما توقعت الحكومة الأسترالية أن يبلغ متوسط سعر الخام 91 دولاراً للطن خلال العام الجاري قبل أن يتراجع إلى 64 دولاراً للطن بحلول عام 2031. كما ارتفع خام الحديد في بورصة سنغافورة بنسبة 0.4% إلى 98.20 دولاراً للطن، فيما صعدت العقود الآجلة في بورصة داليان الصينية بنسبة 0.9% إلى 740.5 يوان للطن.,2026-07-07T09:49:41.798753+00:00,
alahram,tier1,https://gate.ahram.org.eg/News/5746017.aspx,نائب رئيس الوزراء للشؤون الاقتصادية يبحث مع &#171;إرنست آند يونغ&#187; خطط توسع الشركة في مصر بمجال الاستشارات - بوابة الأهرام,,2026-07-06 14:53:00+00:00,التقى الدكتور حسين عيسى، نائب رئيس مجلس الوزراء للشؤون الاقتصادية، بمقر الحكومة بالعاصمة الجديدة، وفدًا من قيادات شركة إرنست آند يونغ EY) ) بمنطقة الشرق الأوسط وشمال أفريقيا؛ وذلك لبحث خطط الشركة للتوسع في السوق المصرية، وتعزيز نشاطها في مجال الخدمات الاستشارية,بوابة الأهرام,ar,372,"التقى الدكتور حسين عيسى، نائب رئيس مجلس الوزراء للشؤون الاقتصادية، بمقر الحكومة بالعاصمة الجديدة، وفدًا من قيادات شركة «إرنست آند يونغ EY» بمنطقة الشرق الأوسط وشمال أفريقيا؛ وذلك لبحث خطط الشركة للتوسع في السوق المصرية، وتعزيز نشاطها في مجال الخدمات الاستشارية. موضوعات مقترحة واستعرض الاجتماع، خطة الشركة لتقديم مجموعة متكاملة من الخدمات انطلاقًا من مصر، تشمل: استشارات الأعمال، الاستشارات المالية، استشارات المخاطر، استشارات الموارد البشرية والتحول المؤسسي، إلى جانب الخدمات التكنولوجية المتقدمة في مجالات: الأمن السيبراني، الهندسة الرقمية، تحليلات البيانات، الذكاء الاصطناعي، استشارات منصات الأعمال، واستراتيجيات التحول الرقمي. وضم وفد الشركة: عمر عودة، رئيس قسم الاستشارات بشركة إرنست آند يونغ في منطقة الشرق الأوسط وشمال أفريقيا، والمهندس تامر أبو العزم، رئيس قسم الاستشارات بالشركة في مصر. وخلال اللقاء، أكد الدكتور حسين عيسى حرص الحكومة المصرية على تعزيز التعاون مع كبرى الشركات العالمية وجذب مزيد من الاستثمارات، بما يدعم جهود الدولة في تحقيق التنمية الاقتصادية المستدامة، مشيرًا إلى أن الحكومة تعمل على تعزيز تنافسية بيئة الأعمال وتحفيز الاستثمار المحلي والأجنبي، وتوسيع مشاركة القطاع الخاص باعتباره شريكًا رئيسيًا في تحقيق النمو الاقتصادي. وأوضح نائب رئيس مجلس الوزراء للشؤون الاقتصادية أن الدولة تمضي قدمًا في تنفيذ برنامج متكامل لإعادة هيكلة وتطوير أداء الهيئات الاقتصادية والشركات المملوكة للدولة، إلى جانب تطوير أداء وحدات الجهاز الإداري للدولة، بما يسهم في تعزيز الفاعلية والكفاءة التشغيلية، وترسيخ مبادئ الحوكمة والشفافية، وتعظيم الاستفادة من الأصول والموارد المتاحة، بما يواكب مستهدفات الإصلاح الاقتصادي ويعزز كفاءة الأداء الحكومي. كما أشار إلى الجهود الجارية لتطبيق موازنة البرامج والأداء، وربط الاعتمادات المالية ببرامج محددة للوصول إلى الأهداف والنتائج المطلوب تحقيقها، بما يسهم في رفع كفاءة الإنفاق العام، وتعزيز الرقابة والفاعلية والشفافية، وتحقيق الاستخدام الأمثل لموارد الدولة، في إطار رؤية مصر 2030 للتنمية المستدامة، وبما ينعكس إيجابًا على جودة الخدمات المقدمة للمواطنين وتحسين مستوى معيشتهم. من جانبه، أكد عمر عودة أن مصر تمثل وجهة استراتيجية لشركة ""إرنست آند يونغ""، في ضوء ما تتمتع به من كوادر شابة مؤهلة، وبنية تحتية رقمية متطورة، وموقع جغرافي متميز متميز يربط بين الأسواق الإقليمية والدولية. يشار إلى أن شركة EY"" تعد من الشركات الرائدة عالميا في مجال الخدمات المتخصصة، وبدأت العمل في منطقة الشرق الأوسط وشمال أفريقيا عام 1923. وعلى مدار أكثر من 100 عام، واصلت EY MENA النمو حتى وصل عدد موظفيها إلى أكثر من 8,500 موظف في 27 مكتباً و14 دولة. جانب من اللقاء جانب من اللقاء",2026-07-07T09:49:41.493409+00:00,
alahram,tier1,https://gate.ahram.org.eg/News/5725776.aspx,بأيدٍ مصرية.. 5 أصناف زراعية جديدة من الشعير والخضر تقلل الاستيراد وتدعم الأمن الغذائي - بوابة الأهرام,,2026-07-06 10:27:00+00:00,أكد علاء فاروق، وزير الزراعة واستصلاح الأراضي، أن الدولة المصرية تضع البحث العلمي الزراعي في مقدمة أولوياتها لتحقيق الأمن الغذائي وتقليل الفجوة,بوابة الأهرام,ar,364,"أكد علاء فاروق، وزير الزراعة واستصلاح الأراضي، أن الدولة المصرية تضع البحث العلمي الزراعي في مقدمة أولوياتها لتحقيق الأمن الغذائي وتقليل الفجوة الاستيرادية، مشدداً على أن الابتكار الزراعي واستنباط الهجن الوطنية هما الركيزة الأساسية لمواجهة التحديات المناخية والبيئية الحالية، بما يضمن تعظيم العائد الاقتصادي للفلاح المصري وتوفير منتجات زراعية آمنة وبأسعار مناسبة للمواطنين. موضوعات مقترحة وكشف فاروق عن نجاح وزارة الزراعة، ممثلة في مركز البحوث الزراعية، في تسجيل خمسة أصناف مصرية جديدة من محاصيل الحبوب والخضر، والتي تم استنباطها عبر المعاهد البحثية المتخصصة، في خطوة تعكس توجه الدولة نحو تعظيم دور البحث العلمي التطبيقي لزيادة الإنتاجية الزراعية وتلبية احتياجات السوق المحلي والتصديري. وأكد وزير الزراعة أن تسجيل هذه الأصناف يمثل إضافة نوعية حقيقية للقطاع الزراعي تعزز تنافسية مصر إقليمياً ودولياً، مؤكداً استمرار الوزارة في تقديم الدعم الكامل لعلمائها وباحثيها لتقديم حلول تطبيقية مبتكرة تخدم خطط التنمية الزراعية المستدامة وتدعم فرص التوسع الأفقي والرأسي في رقعة مصر الزراعية. وقال الدكتور عادل عبد العظيم رئيس مركز البحوث الزراعية، إن المركز قد نجح في تسجيل خمسة أصناف وهجن جديدة جرى استنباطها بأيدي باحثين مصريين، بهدف سد الفجوة الاستيرادية وتوفير تقاوي محلية عالية الجودة تضمن أعلى إنتاجية وأقل استهلاك للموارد المائية، لافتا الى أن هذه الأصناف، تشمل: تسجيل صنفين جديدين من الشعير هما (جيزة 201 وجيزة 202)، واللذين يمثلان حلولاً عملية للزراعة في الأراضي المستصلحة والحديثة، بإنتاجية فائقة، إضافة إلى تسجيل ثلاثة أصناف متميزة من الخضر تشمل صفي الفلفل الحلو (سويت ماجيك الأحمر وسويت ماجيك الأصفر)، بالإضافة إلى صنف الفاصوليا الجافة (ياقوت)، وكلها أصناف تمتاز بمواصفات تسويقية وتصديرية وتتحمل عمليات النقل والتخزين لمسافات طويلة. ومن جهته، أوضح الدكتور مجاهد عمار، مدير معهد المحاصيل الحقلية، أن الأصناف الجديدة شملت صنفي شعير هما ""جيزة 201"" و""جيزة 202""، واللذين يتميزان بإنتاجية مرتفعة وقدرة عالية على التأقلم مع ظروف الأراضي الجديدة خاصة في مناطق الوادي الجديد وشرق العوينات، فضلاً عن نضجهما خلال 125 يوماً، ومقاومتهما للأمراض الفطرية وكبر حجم الحبوب، مما يسهم في زيادة إنتاجية الفدان. ومن جانبه، أشار الدكتور أحمد حلمي، مدير معهد بحوث البساتين، إلى تسجيل ثلاثة أصناف متميزة من الخضر تجمع بين الإنتاجية العالية والجودة التسويقية، وتضم صنفي الفلفل الحلو ""سويت ماجيك الأحمر"" و""سويت ماجيك الأصفر"" اللذين يتميزان بالتبكير في الإنتاج وقوة النمو وتحمل النقل والتخزين، إلى جانب صنف الفاصوليا الجافة ""ياقوت"" الذي يتميز بإنتاجية مرتفعة وبذوره الحمراء الفريدة.",2026-07-07T09:49:41.889484+00:00,
alahram,tier1,https://gate.ahram.org.eg/Massai/News/5746046.aspx,وزير التعليم العالي: تطوير المهارات وربط التعليم بسوق العمل ضمن أولويات المرحلة المقبلة - بوابة الأهرام,,2026-07-06 14:57:00+00:00,وزير التعليم العالي: تطوير المهارات وربط التعليم بسوق العمل ضمن أولويات المرحلة المقبلة&nbsp;&nbsp;بوابة الأهرام,بوابة الأهرام,ar,,,2026-07-07T09:49:42.501899+00:00,Extraction failed: Failed to fetch: 403 Client Error: Forbidden for url: https://gate.ahram.org.eg/Massai/News/5746046.aspx
alahram,tier1,https://gate.ahram.org.eg/Massai/News/5746055.aspx,"""مرغم 3"" .. يعزز التنمية الصناعية بالإسكندرية - بوابة الأهرام",,2026-07-06 14:58:00+00:00,"""مرغم 3"" .. يعزز التنمية الصناعية بالإسكندرية&nbsp;&nbsp;بوابة الأهرام",بوابة الأهرام,ar,,,2026-07-07T09:49:42.740814+00:00,Extraction failed: Failed to fetch: 403 Client Error: Forbidden for url: https://gate.ahram.org.eg/Massai/News/5746055.aspx
google_news,general,https://www.youm7.com/story/2026/7/7/%D8%B4%D9%8A%D9%83%D8%A7%D8%AA-%D8%A8%D8%A7%D9%84%D8%AA%D9%82%D8%B3%D9%8A%D8%B7-%D9%88%D9%85%D9%84%D8%A7%D9%8A%D9%8A%D9%86-%D9%84%D9%84%D8%B9%D9%85%D8%A7%D9%84-%D8%AD%D9%83%D8%A7%D9%8A%D8%A9-%D8%B1%D8%AF-%D9%82%D8%B1%D8%A9-%D9%84%D9%84%D8%B7%D8%A7%D9%82%D8%A9-%D8%B9%D9%84%D9%89-%D8%AA%D8%B3%D8%A7%D8%A4%D9%84%D8%A7%D8%AA/7473581,"شيكات بالتقسيط وملايين للعمال.. حكاية رد ""قرة للطاقة"" على تساؤلات البورصة - اليوم السابع",كتب هانى الحوتى,2026-07-07 07:16:00+00:00,أرسلت شركة قرة لمشروعات الطاقة والاستثمار، ردها إلى قطاع الإفصاح بالبورصة المصرية بشأن الاستفسارات المتعلقة بالقوائم المالية المجمعة عن الفترة المالية المنتهية في 31 مارس 2026، مؤكدة استعدادها لتقديم أي إيضاحات إضافية.,اليوم السابع,ar,837,"أرسلت شركة قرة لمشروعات الطاقة والاستثمار، ردها إلى قطاع الإفصاح بالبورصة المصرية بشأن الاستفسارات المتعلقة بالقوائم المالية المجمعة عن الفترة المالية المنتهية في 31 مارس 2026، مؤكدة استعدادها لتقديم أي إيضاحات إضافية، وكاشفة عن تفاصيل عدد من البنود المالية التي أثارت استفسارات البورصة، وفي مقدمتها المصروفات العمومية والإدارية، والإيرادات الأخرى، وأعمال تحت التنفيذ، وأوراق الدفع طويلة الأجل، والمدينون والدائنون المتنوعون. وأوضحت الشركة أن إجمالي المصروفات العمومية والإدارية ارتفع إلى 115.28 مليون جنيه خلال الربع الأول من عام 2026، مقابل 83.36 مليون جنيه خلال الفترة المقارنة من عام 2025، بزيادة بلغت 31.92 مليون جنيه، تعادل نمواً بنسبة 28%. مصروفات الأجور وأرجعت الشركة هذه الزيادة إلى النمو الطبيعي في حجم النشاط التشغيلي ومتطلبات التشغيل والدعم الإداري، مشيرة إلى أن مصروفات الأجور والمرتبات ارتفعت إلى 79.25 مليون جنيه مقابل 61.16 مليون جنيه خلال الفترة المقارنة، بزيادة بلغت 18.09 مليون جنيه تمثل نمواً بنسبة 23%، نتيجة الزيادات السنوية الدورية في الأجور، وزيادة أعداد العاملين، وإعادة هيكلة منظومة الأجور بما يتوافق مع متطلبات التشغيل. وأضافت أن مصروفات تكنولوجيا المعلومات والاتصالات سجلت 5.48 مليون جنيه مقابل 2.16 مليون جنيه خلال الفترة المقارنة، بزيادة بلغت 3.32 مليون جنيه تعادل 61%، نتيجة زيادة عدد حسابات المستخدمين على نظام SAP والبرامج الأخرى، وارتفاع تكاليف الدعم الفني والبرمجيات والاشتراكات وخدمات الاتصالات والصيانة. أتعاب الخدمات الاستشارية كما ارتفعت أتعاب الخدمات المهنية والاستشارية إلى 3.89 مليون جنيه مقابل 1.27 مليون جنيه، بزيادة بلغت 2.61 مليون جنيه بنسبة 67%، فيما ارتفعت مصروفات الإهلاك إلى 2.61 مليون جنيه مقارنة بنحو 2.16 مليون جنيه، بزيادة قدرها 447.27 ألف جنيه بنسبة 17%. وسجلت المصروفات الإدارية الأخرى 24.05 مليون جنيه مقابل 16.60 مليون جنيه خلال الفترة المقارنة، بزيادة بلغت 7.45 مليون جنيه بنسبة 31%، وأوضحت الشركة أن هذه الزيادة ترجع إلى الارتفاع الطبيعي في المصروفات الإدارية الداعمة للنشاط، والتي تضمنت مساهمة تكافلية بقيمة 5.04 مليون جنيه حتى 31 مارس 2026، مؤكدة أنها ستراعي الإفصاح عن بند المصروفات العمومية والإدارية ضمن الإيضاحات المتممة للقوائم المالية خلال الفترات المقبلة. وفيما يتعلق ببند الإيرادات البالغ نحو 10 ملايين جنيه والمدرج ضمن الإيرادات بالقوائم المالية المجمعة، أوضحت الشركة أنه يمثل إيرادات النشاط الخاصة بالشركة التابعة ""القاهرة للزيوت والصابون""، والناتجة عن تأجير المساحات التخزينية بمحطة التخزين في ميناء الأدبية بالسويس، وفق عقد انتفاع مع الهيئة الاقتصادية لقناة السويس يمتد لمدة عشر سنوات وينتهي في عام 2030. وأكدت الشركة أن هذا النشاط يندرج ضمن الأنشطة الأساسية للشركة التابعة، وفقاً لما هو مثبت بالسجل التجاري وصحيفة الاستثمار الخاصة بها، كما أشارت إلى أن إيرادات التأجير لم يكن لها تأثير على نسبة صافي الربح نظراً لثبات هذا الإيراد، حيث سجل خلال الفترة المقارنة نحو 10 ملايين جنيه أيضاً. وفي ردها على استفسارات البورصة بشأن البنود التي لم يرد بشأنها إيضاح متمم، أوضحت الشركة أن بند ""أعمال تحت التنفيذ"" يمثل تكاليف مشروعات قصيرة الأجل لا يتم إصدار فواتير عنها إلا بعد الانتهاء من تنفيذها وتسليمها للعملاء. مشروعات الطاقة وبحسب البيان، بلغت قيمة أعمال تحت التنفيذ بقطاع مشروعات الطاقة والتشييد وأنظمة الطاقة نحو 88.54 مليون جنيه في 31 مارس 2026، مقارنة مع 177.93 مليون جنيه في 31 ديسمبر 2025، فيما سجل قطاع التصدير الزراعي 109.34 مليون جنيه مقابل 138.99 مليون جنيه، ليبلغ إجمالي أعمال تحت التنفيذ 197.88 مليون جنيه مقارنة مع 316.91 مليون جنيه بنهاية عام 2025، مع تعهد الشركة بإدراج هذه البيانات ضمن الإيضاحات المتممة في الفترات المقبلة. وفيما يتعلق بأوراق الدفع طويلة الأجل، أوضحت الشركة أنها تمثل الجزء غير المتداول من الشيكات الصادرة لصالح شركة أوفيرسيز للغاز الطبيعي، مقابل استهلاك الغاز الطبيعي المستخدم في تشغيل مشروع النصر للطاقة الثلاثية عن الفترة من يوليو 2025 وحتى يناير 2026. وأضافت أن هذه الالتزامات يتم سدادها على أقساط تمتد لمدة 36 شهراً، تبدأ في 25 مارس 2026 وتنتهي في 25 فبراير 2029، وأن الأقساط المستحقة بعد أكثر من اثني عشر شهراً من تاريخ القوائم المالية تم تبويبها ضمن أوراق الدفع طويلة الأجل، مع الالتزام بالإفصاح عنها مستقبلاً. وفي بند العملاء ""الأرصدة الدائنة""، أوضحت الشركة أن هذه الأرصدة تمثل في الأساس دفعات مقدمة من العملاء مقابل مشروعات لا تزال قيد التنفيذ، بالإضافة إلى أرصدة مرتبطة بعقود إنشائية قائمة. وكشفت الشركة تفاصيل بند المدينين المتنوعين، الذي ارتفع إلى 177.81 مليون جنيه في 31 مارس 2026، مقابل 66.37 مليون جنيه بنهاية ديسمبر 2025، بزيادة بلغت 111.44 مليون جنيه. وأرجعت الشركة هذه الزيادة إلى ارتفاع الإيرادات المستحقة الخاصة بمحطة الطاقة الثلاثية ومحطة أشبينكو إلى 63.14 مليون جنيه مقارنة مع 27.16 مليون جنيه، وارتفاع بند مصروف الفوائد المقدمة إلى 52.09 مليون جنيه مقابل 2.71 مليون جنيه، إضافة إلى زيادة مديني توزيعات الأرباح إلى 28.67 مليون جنيه مقارنة مع 5.30 مليون جنيه لحين اعتماد التوزيعات واستكمال إجراءات صرفها. كما بلغ رصيد سلف العاملين 729.17 ألف جنيه مقارنة مع 745.74 ألف جنيه، بينما سجلت البنود الأخرى 33.18 مليون جنيه مقابل 30.47 مليون جنيه بنهاية عام 2025. وفيما يتعلق بالدائنين المتنوعين، أوضحت الشركة أن إجمالي الرصيد بلغ 578.71 مليون جنيه في نهاية مارس 2026، مقارنة مع 492.36 مليون جنيه بنهاية ديسمبر 2025. وتوزع هذا الرصيد بواقع 397.82 مليون جنيه لضريبة القيمة المضافة مقابل 343.06 مليون جنيه، و14.52 مليون جنيه لضريبة الخصم من المنبع مقابل 9.14 مليون جنيه، و111.22 ألف جنيه لضريبة الدمغة مقابل 65.37 ألف جنيه، و163.27 مليون جنيه لمصلحة الضرائب ""كسب العمل"" مقابل 134.85 مليون جنيه، إضافة إلى أرصدة دائنة أخرى بقيمة 2.98 مليون جنيه مقابل 5.24 مليون جنيه بنهاية عام 2025.",2026-07-07T09:49:43.384646+00:00,
google_news,general,https://gate.ahram.org.eg/News/5745807.aspx,البورصة المصرية تشارك في مؤتمر &quot;بناء البورصات الإفريقية&quot; بتنزانيا - بوابة الأهرام,,2026-07-06 10:40:00+00:00,شاركت البورصة المصرية في جلسة نقاشية حول التكنولوجيا المالية وسهولة الوصول إلى الأسواق ضمن فعاليات مؤتمر بناء البورصات الإفريقية,بوابة الأهرام,ar,367,"شاركت البورصة المصرية في جلسة نقاشية حول ""التكنولوجيا المالية وسهولة الوصول إلى الأسواق"" ضمن فعاليات مؤتمر ""بناء البورصات الإفريقية"" الذي استضافته بورصة دار السلام بجمهورية تنزانيا المتحدة خلال الفترة من 1 إلى 2 يوليو، بمشاركة عدد كبير من رؤساء وممثلي البورصات وأسواق المال والمؤسسات المالية الإفريقية والدولية في اجتماعات مجلس إدارة اتحاد البورصات الإفريقية موضوعات مقترحة وأكد الأستاذ عمر رضوان رئيس مجلس إدارة البورصة المصرية ضرورة تعزيز مكانة سوق المال المصري ضمن منظومة أسواق المال الإقليمية والدولية، مشددًا على أهمية الدور الذي تضطلع به مصر داخل القارة الإفريقية مشيرا إلى أن المرحلة المقبلة ستشهد حراكًا دوليًا بالتعاون مع مختلف أطراف سوق المال، بما يدعم جهود تطوير السوق ويعزز تنافسيته وجاذبيته الاستثمارية وخلال الجلسة النقاشية، استعرضت رحاب سلام مدير عام العلاقات الدولية بالبورصة المصرية تجربة توظيف التكنولوجيا المالية لتوسيع قاعدة المستثمرين في مصر وتعزيز سهولة الوصول إلى السوق، مؤكدة أن السوق المصري شهد خلال الفترة الماضية نموًا ملحوظًا وتضاعفًا في أعداد المستثمرين الجدد خاصة من فئة الشباب، وذلك في ظل الدعم الذي تم توجيهه لملف التطورات التشريعية والتنظيمية، وفي مقدمتها قانون التكنولوجيا المالية وتطبيقات التحقق الإلكتروني من الهوية (eKYC). كما استعرضت سلام عددًا من المشروعات التي تعمل البورصة المصرية على تنفيذها، من بينها تطبيقات الذكاء الاصطناعي، ومشروع الإفصاح الرقمي باستخدام لغة XBRL ، والتوسع في التطبيقات الذكية للمستثمرين، إلى جانب أحدث التطورات في سوق المشتقات المالية. كما سلطت مدير عام العلاقات الدولية بالبورصة المصرية الضوء على أداء المؤشرات في السوق المصري، وما تمثله تلك الأدوات من أهمية في تعزيز كفاءة السوق وزيادة تنافسيته وجاذبيته أمام المستثمرين وأكدت رحاب سلام أن البورصة المصرية تواصل تبني المبادرات التكنولوجية والابتكارات التي تسهم في تحسين تجربة المستثمرين المحليين والأجانب، وفقًا لأفضل الممارسات العالمية، بما يدعم كفاءة السوق ويعزز مستويات الشفافية والإفصاح تأتي هذه المشاركة في إطار استراتيجية البورصة المصرية الهادفة إلى تعزيز انفتاحها على الأسواق الإقليمية والدولية خاصة الإفريقية ودعم جهود تطوير سهولة وصول المستثمرين إلى سوق المال المصري وإبراز التطورات التي يشهدها، إلى جانب تبادل الخبرات وأفضل الممارسات مع مختلف أسواق المال وعلى هامش المؤتمر، عقدت سلسلة من اللقاءات مع الرئيس التنفيذي للاتحاد العالمي للبورصات، بحضور مستشارين من الاتحاد، لبحث عدد من الموضوعات ذات الاهتمام المشترك وسبل تعزيز التعاون بين الجانبين كما تم عقد عدد من اللقاءات الثنائية مع بعض ممثلي أسواق المال ورجال الأعمال المصريين في تنزانيا، بهدف تعزيز التواصل.",2026-07-07T09:49:43.567329+00:00,
google_news,general,https://www.masrawy.com/news/news_economy/details/2026/7/6/3013561/%D8%B3%D8%B9%D8%B1-%D8%A7%D9%84%D8%B0%D9%87%D8%A8-%D8%A7%D9%84%D9%85%D8%B9%D9%84%D9%86-%D8%A8%D9%85%D9%88%D9%82%D8%B9-%D8%A7%D9%84%D8%A8%D9%88%D8%B1%D8%B5%D8%A9-%D8%A7%D9%84%D9%85%D8%B5%D8%B1%D9%8A%D8%A9-6-%D9%8A%D9%88%D9%84%D9%8A%D9%88-2026,سعر الذهب المعلن بموقع البورصة المصرية 6 يوليو 2026 | مصراوي,https://www.masrawy.com/writer/116/ميريت-نادي,2026-07-06 12:27:00+00:00,أسعار صناديق الذهب المنشورة على موقع البورصة المصرية تعرف على سعر عيار 21 وعيار 18 وسعر جنيه الذهب | مصراوي,مصراوي.كوم,ar,110,سعر الذهب المعلن بموقع البورصة المصرية 6 يوليو 2026 كتب : ميريت نادي 03:27 م 06/07/2026 تعديل في 04:40 م يختلف السعر الاسترشادي للذهب المنشور على موقع البورصة المصرية يوميًا بحسب سعر أوقية الذهب بالبورصات العالمية، حيث وصل سعر العرض لعيار 24 (أي الشراء من المستهلك) اليوم الاثنين إلى نحو 6650 جنيهًا، وسجل سعر الطلب (البيع للمستهلك) نحو 6710 جنيهًا. الذهب اليوم.. سعر عياري 21 و18 للمستهلك وفق البورصة وبناءً على هذا السعر، فإن سعر جرام الذهب عيار 21 في حالة البيع للمستهلك يصل إلى نحو 5871 جنيهًا، والجرام عيار 18 إلى نحو 5032 جنيهًا. سعر جنيه الذهب اليوم وسجل سعر الجنيه الذهب بذلك 46968 جنيهًا، بناءً على المستويات المذكورة.,2026-07-07T09:49:44.015475+00:00,
google_news,general,https://almalnews.com/2123274/%D8%A7%D9%84%D8%A8%D9%88%D8%B1%D8%B5%D8%A9-%D8%AA%D9%88%D8%A7%D9%81%D9%82-%D8%B9%D9%84%D9%89-%D8%B2%D9%8A%D8%A7%D8%AF%D8%A9-%D8%B1%D8%A3%D8%B3%D9%85%D8%A7%D9%84-%C2%AB%D8%A7%D9%84%D8%AF%D9%84%D8%AA%D8%A7-%D9%84%D9%84%D8%AA%D8%A3%D9%85%D9%8A%D9%86%C2%BB/,البورصة توافق على زيادة رأسمال «الدلتا للتأمين» وتوزيع أسهم مجانية للمساهمين -جريدة المال,,2026-07-07 08:56:42+00:00,وافقت لجنة قيد الأوراق المالية بالبورصة المصرية على قيد أسهم زيادة رأس المال المصدر والمدفوع لشركة الدلتا للتأمين,جريدة المال,ar,152,وافقت لجنة قيد الأوراق المالية بالبورصة المصرية على قيد أسهم زيادة رأس المال المصدر والمدفوع لشركة الدلتا للتأمين من 500 مليون جنيه إلى 550 مليون جنيه بزيادة قدرها 50 مليون جنيه موزعة على 12.5 مليون سهم بقيمة اسمية 4 جنيهات للسهم الواحد وبواقع 0.1 سهم مجاني لكل سهم أصلي قبل الزيادة على أن تمول هذه الزيادة من الأرباح المرحلة وفقاً للقوائم المالية المنتهية في ديسمبر 2024. وسيكون الحق في التوزيع المجاني لمشتري السهم حتى نهاية جلسة تداول اليوم الثلاثاء الموافق 7 يوليو 2026 لتصل إجمالي أسهم الشركة المقيدة بعد الزيادة إلى 137.5 مليون سهم على أن تدرج هذه الأسهم ويحدد السعر المرجعي الجديد اعتباراً من بداية جلسة تداول غد الأربعاء الموافق 8 يوليو 2026. وفي سياق منفصل قررت اللجنة توقيع التزام مالي على الشركة بقيمة 10 آلاف جنيه لمخالفتها أحكام المادة 26 من قواعد قيد وشطب الأوراق المالية بالبورصة المصرية مع منحها مهلة سداد مدتها 15 يوماً تبدأ من تاريخ إخطارها بالقرار.,2026-07-07T09:49:44.416765+00:00,
google_news,general,https://www.bankygate.com/74722/%D9%82%D8%B7%D8%A7%D8%B9-%D8%A7%D9%84%D8%A8%D9%86%D9%88%D9%83-%D9%8A%D8%B3%D8%AA%D8%AD%D9%88%D8%B0-%D8%B9%D9%84%D9%89--730-%D9%85%D9%86-%D8%B3%D9%8A%D9%88%D9%84%D8%A9-%D8%A7%D9%84%D8%A8%D9%88%D8%B1%D8%B5%D8%A9-%D8%A7%D9%84%D9%85%D8%B5%D8%B1%D9%8A%D8%A9-%D8%A8%D8%AC%D9%84%D8%B3%D8%A9-%D8%A7%D9%84%D8%A5%D8%AB%D9%86%D9%8A%D9%86-%D8%AA%D8%AF%D8%A7%D9%88%D9%84%D8%A7%D8%AA-%D8%AA%D8%AA%D8%AC%D8%A7%D9%88%D8%B2-892-%D9%85%D9%84%D9%8A%D9%88%D9%86-%D8%AC%D9%86%D9%8A%D9%87,بنكي | قطاع البنوك يستحوذ على 7.30% من سيولة البورصة المصرية بجلسة الإثنين.. تداولات تتجاوز 892 مليون جنيه,,2026-07-06 15:09:39+00:00,شهد قطاع البنوك أداء قويا خلال تعاملات جلسة الإثنين بعدما استحوذ على 7.30% من إجمالي قيم التداول بالبورصة ا,بنكي,ar-eg,279,04:55 م - الإثنين 6 يوليو 2026 شهد قطاع البنوك أداءً قويًا خلال تعاملات جلسة الإثنين، بعدما استحوذ على 7.30% من إجمالي قيم التداول بالبورصة المصرية، مدعومًا بتداولات بلغت نحو 892.49 مليون جنيه، وسط استمرار اهتمام المستثمرين بأسهم القطاع المصرفي. أداء قطاع البنوك بجلسة اليوم: قيمة التداولات: 892.49 مليون جنيه. النسبة من إجمالي السوق (قيمة التداول): 7.30%. الكمية المتداولة: 9.98 مليون ورقة مالية. النسبة من إجمالي السوق (الكمية): 0.20%. رأس المال السوقي: 896.49 مليار جنيه. النسبة من إجمالي القيمة السوقية للبورصة: 24.51 قراءة في الأرقام: أظهرت بيانات جلسة اليوم ارتفاعًا ملحوظًا في نشاط قطاع البنوك، بعدما سجل تداولات بقيمة 892.49 مليون جنيه، ليستحوذ على 7.30 % من إجمالي قيم التداول بالسوق، وهو ما يعكس استمرار اهتمام المستثمرين بأسهم البنوك. كما بلغ حجم التداول على أسهم القطاع نحو 9.98 مليون ورقة مالية، بما يمثل 0.20% من إجمالي الكميات المتداولة، في دلالة على استمرار النشاط الملحوظ على الأسهم البنكية. وعلى مستوى القيمة السوقية، سجل قطاع البنوك نحو 896.49 مليار جنيه، ليستحوذ على 24.51 % من إجمالي القيمة السوقية للبورصة المصرية، بما يؤكد استمرار القطاع بين أكبر القطاعات المدرجة وأكثرها تأثيرًا في السوق. تحليل «بنكي»: واصل قطاع البنوك الحفاظ على مكانته بين أبرز القطاعات القيادية في البورصة المصرية، وارتفعت حصته من إجمالي قيم التداول إلى 7.30% خلال جلسة اليوم، وهو ما يعكس استمرار اهتمام المستثمرين بأسهم البنوك باعتبارها من الأسهم الدفاعية التي تتمتع بملاءة مالية قوية وقدرة على تحقيق نتائج أعمال مستقرة. كما يؤكد استحواذ القطاع على أكثر من 24% من إجمالي القيمة السوقية للبورصة المصرية استمرار ثقله النسبي داخل السوق، بما يدعم جاذبيته لدى المستثمرين والمؤسسات، خاصة مع التوقعات باستمرار الأداء التشغيلي القوي للبنوك المدرجة، وهو ما يعزز فرص القطاع في الحفاظ على دوره المحوري في حركة التداولات خلال الفترة المقبلة.,2026-07-07T09:49:45.085420+00:00,
google_news,general,https://hapijournal.com/2026/07/06/%D8%A7%D9%84%D8%A8%D9%88%D8%B1%D8%B5%D8%A9-%D8%AA%D8%B5%D8%B9%D8%AF-2-68-%D9%88%D8%B3%D8%B7-%D8%AA%D8%AF%D8%A7%D9%88%D9%84%D8%A7%D8%AA-%D8%A8%D9%82%D9%8A%D9%85%D8%A9-12-%D9%85%D9%84%D9%8A%D8%A7%D8%B1/,البورصة تصعد 2.68% وسط تداولات بقيمة 12 مليار جنيه - جريدة حابي,,2026-07-06 12:39:03+00:00,البورصة تصعد 2.68% وسط تداولات بقيمة 12 مليار جنيه&nbsp;&nbsp;جريدة حابي,جريدة حابي,ar,,,2026-07-07T09:49:45.087865+00:00,Extraction failed: Failed to fetch: 403 Client Error: Forbidden for url: https://hapijournal.com/2026/07/06/%D8%A7%D9%84%D8%A8%D9%88%D8%B1%D8%B5%D8%A9-%D8%AA%D8%B5%D8%B9%D8%AF-2-68-%D9%88%D8%B3%D8%B7-%D8%AA%D8%AF%D8%A7%D9%88%D9%84%D8%A7%D8%AA-%D8%A8%D9%82%D9%8A%D9%85%D8%A9-12-%D9%85%D9%84%D9%8A%D8%A7%D8%B1/
google_news,general,https://amwalalghad.com/2026/07/07/%D8%A7%D9%84%D8%A8%D9%88%D8%B1%D8%B5%D8%A9-%D8%A7%D9%84%D9%85%D8%B5%D8%B1%D9%8A%D8%A9-%D8%AA%D9%82%D8%B1-%D9%82%D9%8A%D8%AF-%D8%A3%D8%B3%D9%87%D9%85-%D8%B2%D9%8A%D8%A7%D8%AF%D8%A9-%D8%B1%D8%A3%D8%B3-3/,البورصة المصرية تقر قيد أسهم زيادة رأسمال «الدلتا للتأمين» إلى 550 مليون جنيه | أموال الغد,إسلام عبد الحميد,2026-07-07 07:06:31+00:00,وافقت لجنة قيد الأوراق المالية بالبورصة المصرية، على قيد أسهم زيادة رأس المال المصدر والمدفوع لشركة الدلتا للتأمين,أموال الغد,ar,168,وافقت لجنة قيد الأوراق المالية بالبورصة المصرية، على قيد أسهم زيادة رأس المال المصدر والمدفوع لشركة الدلتا للتأمين من 500 مليون جنيه إلى 550 مليون جنيه، بزيادة قدرها 50 مليون جنيه. وتتضمن الزيادة إصدار 12.5 مليون سهم مجاني بقيمة اسمية 4 جنيهات للسهم، بواقع 0.1 سهم مجاني لكل سهم أصلي، وذلك تمويلًا من الأرباح المرحلة وفقًا للقوائم المالية السنوية المنتهية في 31 ديسمبر 2024، وتمثل هذه الزيادة الإصدار العشرين للشركة. وأوضحت البورصة أن الحق في التوزيع المجاني لمشتري السهم سيكون حتى نهاية جلسة تداول اليوم الثلاثاء 7 يوليو 2026. وأضافت أنه سيتم إدراج أسهم الشركة بعد الزيادة المجانية على قاعدة بيانات البورصة اعتبارًا من بداية جلسة تداول غدٍ الأربعاء، مع تحديد سعر مرجعي للسهم، ليصبح إجمالي عدد الأسهم المقيدة 137.5 مليون سهم. وفي السياق ذاته، قررت لجنة القيد توقيع التزام مالي على الشركة بقيمة 10 آلاف جنيه، لمخالفتها أحكام المادة (26) من قواعد قيد وشطب الأوراق المالية والمادة (26) من الإجراءات التنفيذية لها، مع منح الشركة مهلة 15 يومًا من تاريخ إخطارها بقرار اللجنة لسداد قيمة الالتزام المالي.,2026-07-07T09:49:49.079510+00:00,
google_news,general,https://hapijournal.com/2026/07/07/%D9%85%D8%A4%D8%B4%D8%B1-%D8%A7%D9%84%D8%A8%D9%88%D8%B1%D8%B5%D8%A9-%D8%A7%D9%84%D8%B1%D8%A6%D9%8A%D8%B3%D9%8A-%D9%8A%D8%AA%D8%B1%D8%A7%D8%AC%D8%B9-0-19-%D9%88%D8%A7%D9%84%D8%B3%D8%A8%D8%B9%D9%8A/,مؤشر البورصة الرئيسي يتراجع 0.19% والسبعيني يرتفع 0.13% - جريدة حابي,,2026-07-07 07:52:10+00:00,مؤشر البورصة الرئيسي يتراجع 0.19% والسبعيني يرتفع 0.13%&nbsp;&nbsp;جريدة حابي,جريدة حابي,ar,,,2026-07-07T09:49:47.692581+00:00,Extraction failed: Failed to fetch: 403 Client Error: Forbidden for url: https://hapijournal.com/2026/07/07/%D9%85%D8%A4%D8%B4%D8%B1-%D8%A7%D9%84%D8%A8%D9%88%D8%B1%D8%B5%D8%A9-%D8%A7%D9%84%D8%B1%D8%A6%D9%8A%D8%B3%D9%8A-%D9%8A%D8%AA%D8%B1%D8%A7%D8%AC%D8%B9-0-19-%D9%88%D8%A7%D9%84%D8%B3%D8%A8%D8%B9%D9%8A/
google_news,general,https://www.youm7.com/story/2026/7/7/%D8%A7%D8%B1%D8%AA%D9%81%D8%A7%D8%B9-%D8%A7%D9%84%D8%A8%D9%88%D8%B1%D8%B5%D8%A9-%D8%A8%D9%85%D8%B3%D8%AA%D9%87%D9%84-%D8%AA%D8%B9%D8%A7%D9%85%D9%84%D8%A7%D8%AA-%D8%AC%D9%84%D8%B3%D8%A9-%D9%85%D9%86%D8%AA%D8%B5%D9%81-%D8%A7%D9%84%D8%A3%D8%B3%D8%A8%D9%88%D8%B9/7473629,ارتفاع البورصة بمستهل تعاملات جلسة منتصف الأسبوع - اليوم السابع,كتب هانى الحوتى,2026-07-07 07:47:00+00:00,استهلت البورصة المصرية، تعاملات جلسة اليوم الثلاثاء، منتصف جلسات الأسبوع، بارتفاع جماعي للمؤشرات، وسط تداولات تجاوزت نصف مليار جنيه خلال نصف ساعة.,اليوم السابع,ar,381,"استهلت البورصة المصرية ، تعاملات جلسة اليوم الثلاثاء، منتصف جلسات الأسبوع، بارتفاع جماعي للمؤشرات، وسط تداولات تجاوزت نصف مليار جنيه خلال نصف ساعة. أداء المؤشرات ارتفع مؤشر ""إيجي إكس 30"" بنسبة 0.12% ليصل إلى 52566 نقطة، وصعد مؤشر ""إيجي إكس 30 محدد الأوزان"" بنسبة 0.1% ليصل إلى مستوى 64561 نقطة، وقفز مؤشر ""إيجي إكس 30 للعائد الكلي"" بنسبة 0.07% ليصل إلى مستوى 24511 نقطة، وزاد مؤشر ""EGX35-LV"" بنسبة 0.43% ليصل إلى مستوى 6148 نقطة. كما ارتفع مؤشر الشركات المتوسطة والصغيرة ""إيجي إكس 70 متساوي الأوزان"" بنسبة 0.42% ليصل إلى مستوى 16201 نقطة، وصعد ""إيجي إكس 100 متساوي الأوزان""، بنسبة 0.34% ليصل إلى مستوى 22000 نقطة، وقفز مؤشر الشريعة الإسلامية بنسبة 0.03% ليصل إلى مستوى 5912 نقطة، فيما تراجع مؤشر تميز بنسبة 0.55% ليصل إلى مستوى 28996 نقطة. في سياق متصل أعلنت إدارة البورصة المصرية ، إيقاف التداول على سهمين لمدة 10 دقائق لتجاوزها نسبة ال5% صعودًا أو هبوطًا خلال جلسة تداول اليوم الثلاثاء، وهما: بي أي جي للتجارة والاستثمار، والمتحدة للإسكان والتعمير. كما أعلنت إدارة البورصة، عن تسوية (إصدار) عدد 15 ألف وثيقة، أمس الإثنين، ليصبح عدد الوثائق القائمة عدد 5.58 مليون وثيقة بدلًا من 5.565 مليون وثيقة. تعاملات الداخليين في السياق ذاته تباينت تعاملات الداخليين والمساهمين الرئيسيين والمجموعات المرتبطة بهم، خلال جلسة تداول أمس الأحد، إذ اشترى داخليين بشركات المشروعات الصناعية والهندسية، والشرقية الوطنية للأمن الغذائي، وجهينة للصناعات الغذائية، ومصر الجديدة للإسكان والتعمير، وبالم هيلز للتعمير، وجي بي كوربوريشن، وبي انفستمنتس القابضة عدد 2 مليون سهم، 2000 سهم، 2000 سهم، 30 ألف سهم، 160 ألف سهم، 1000 سهم، على الترتيب. كما اشترت مجموعة مرتبطة بداخليين بشركات المشروعات الصناعية والهندسية، والمطورون العرب القابضة، وفوري لتكنولوجيا البنوك والمدفوعات الإلكترونية عدد 1.6 مليون سهم، 3.5 مليون سهم، 400 ألف سهم. فيما باع داخليين بشركات المنصورة للدواجن، ولوتس للتنمية والاستثمار الزراعي، والمشروعات الصناعية والهندسية، وجهينة للصناعات الغذائية، والنصر للملابس والمنسوجات-كابو، والمالية والصناعية المصرية، وبالم هيلز للتعمير، ومجموعة أي أف جي القابضة، ومجموعة طلعت مصطفى القابضة عدد 6 ملايين سهم، 10.5 مليون سهم، 5 ملايين سهم، 4500 سهم، 15 ألف سهم، 2286 سهمًا، 174.8 ألف سهم، 100 ألف سهم، 210 ألف سهم، على الترتيب. في شأن منفصل أعلنت شركة اكت فاينانشال للاستشارات، عن موافقة مجلس الإدارة بالإجماع على شراء أسهم خزينة بنسبة لا تتجاوز 1% من رأس مال الشركة من خلال السوق المفتوح، وفقًا لنص المادة 51 من قواعد قيد وشطب الأوراق المالية بالبورصة المصرية.",2026-07-07T09:49:45.876826+00:00,
google_news,general,https://almalnews.com/2123267/%D8%B5%D8%B9%D9%88%D8%AF-%D9%85%D8%A4%D8%B4%D8%B1%D8%A7%D8%AA-%D8%A7%D9%84%D8%A8%D9%88%D8%B1%D8%B5%D8%A9-%D8%A7%D9%84%D9%85%D8%B5%D8%B1%D9%8A%D8%A9-%D9%88%C2%ABEGX30%C2%BB-%D9%8A%D8%B1%D8%AA%D9%81%D8%B9-%D8%A8%D9%86%D8%B3%D8%A8%D8%A9/,صعود مؤشرات البورصة المصرية.. و«EGX30» يرتفع بنسبة 0.10% -جريدة المال,,2026-07-07 07:51:07+00:00,استهلت البورصة المصرية تعاملات جلسة اليوم الثلاثاء على ارتفاع جماعي لمعظم المؤشرات الرئيسية بدعم من مشتريات المستثمرين المصريين والعرب,جريدة المال,ar,115,استهلت البورصة المصرية تعاملات جلسة اليوم الثلاثاء، على ارتفاع جماعي لمعظم المؤشرات الرئيسية بدعم من مشتريات المستثمرين المصريين والعرب، فيما اتجه الأجانب نحو البيع. وصعد المؤشر الرئيسي EGX30 بنسبة 0.10% ليصل إلى مستوى 52554 نقطة، كما ارتفع مؤشر EGX70 EWI بنسبة 0.41% ليسجل 16198 نقطة، وصعد مؤشر EGX100 EWI بنسبة 0.36% إلى 22003 نقطة. وعلى صعيد التداولات، بلغت قيمة التعاملات على الأسهم نحو 1.6 مليار جنيه، من خلال تداول 680.9 مليون ورقة مالية، عبر تنفيذ 39.897 ألف عملية على أسهم 211 شركة مقيدة، ما يعكس نشاطًا متوسطًا في السيولة مع بداية الجلسة. وسجل رأس المال السوقي 3.806 تريليون جنيه، حيث ارتفعت أسعار 96 سهمًا، مقابل تراجع 55 سهمًا، فيما استقرت أسعار 60 سهمًا دون تغيير.,2026-07-07T09:49:47.068163+00:00,
google_news,general,https://www.almasdar.com/171936,البورصة المصرية تُقر قيد زيادة رأسمال «الدلتا للتأمين» إلى 550 مليون جنيه - المصدر,,2026-07-07 08:00:44+00:00,البورصة المصرية تُقر قيد زيادة رأسمال «الدلتا للتأمين» إلى 550 مليون جنيه&nbsp;&nbsp;المصدر,المصدر,ar,,,2026-07-07T09:49:46.439380+00:00,Extraction failed: Failed to fetch: 403 Client Error: Forbidden for url: https://www.almasdar.com/171936
google_news,general,https://akhbarelyom.com/news/newdetails/4846740/1/%D8%A7%D9%84%D8%A8%D9%88%D8%B1%D8%B5%D8%A9-%D8%AA%D8%B3%D8%AA%D9%87%D9%84-%D8%AA%D8%B9%D8%A7%D9%85%D9%84%D8%A7%D8%AA%D9%87%D8%A7-%D8%A7%D9%84%D9%8A%D9%88%D9%85-%D8%A7%D9%84%D8%AB%D9%84%D8%A7%D8%AB%D8%A7%D8%A1-%D8%A8,البورصة تستهل تعاملاتها اليوم الثلاثاء بارتفاع جماعي للمؤشرات,akhbarelyom,2026-07-07 08:22:31+00:00,بوابة أخبار اليوم الإلكترونية,بوابة اخبار اليوم,,184,"ارتفعت كافة مؤشرات البورصة المصرية ، بمستهل تعاملات جلسة اليوم الثلاثاء، منتصف جلسات الأسبوع. ارتفع مؤشر ""EGX 30"" بنسبة 0.12% ليصل إلى 52566 نقطة، وارتفع مؤشر الشركات المتوسطة والصغيرة ""EGX 70 متساوي الأوزان"" بنسبة 0.42% ليصل إلى مستوى 16201 نقطة، وصعد ""EGX 100 متساوي الأوزان""، بنسبة 0.34% ليصل إلى مستوى 22000 نقطة، وقفز مؤشر الشريعة الإسلامية بنسبة 0.03% ليصل إلى مستوى 5912 نقطة، فيما تراجع مؤشر تميز بنسبة 0.55% ليصل إلى مستوى 28996 نقطة. اقرأ أيضا | قفزة تاريخية.. البورصة المصرية تربح 57 مليار جنيه بدعم من مشتريات المصريين وصعد مؤشر ""EGX 30 محدد الأوزان"" بنسبة 0.1% ليصل إلى مستوى 64561 نقطة، وقفز مؤشر ""EGX 30 للعائد الكلي"" بنسبة 0.07% ليصل إلى مستوى 24511 نقطة، وزاد مؤشر ""EGX35-LV"" بنسبة 0.43% ليصل إلى مستوى 6148 نقطة. تعريف البورصة البورصة سوق لها قواعد قانونية وفنية تحكم أدائها وتحكم كيفية اختيار ورقة مالية معينة وتوقيت التصرف فيها وقد يتعرض المستثمر غير الرشيد أو غير المؤهل لخسارة كبرى في حال قيامه بشراء أو بيع الأوراق المالية في البورصة لأنه استند في استنتاجاته في البيع أو الشراء على بيانات خاطئة أو غير دقيقة أو أنه أساء تقدير تلك البيانات.",2026-07-07T09:49:47.661005+00:00,
google_news,general,https://www.maspero.eg/economy/2026/07/06/969285/%D8%A7%D8%B1%D8%AA%D9%81%D8%A7%D8%B9-%D9%85%D8%A4%D8%B4%D8%B1%D8%A7%D8%AA-%D8%A7%D9%84%D8%A8%D9%88%D8%B1%D8%B5%D8%A9-%D8%A7%D9%84%D9%85%D8%B5%D8%B1%D9%8A%D8%A9-%D8%B9%D9%86%D8%AF-%D8%A7%D9%84%D8%A5%D8%BA%D9%84%D8%A7%D9%82,ارتفاع مؤشرات البورصة المصرية عند الإغلاق,الهيئة الوطنية للإعلام,2026-07-06 13:08:00+00:00,ماسبيرو - ارتفع أداء مؤشرات البورصة المصرية لدى إغلاق تعاملات اليوم / الاثنين / مدفوعة بعمليات شراء من قبل المؤسسات وصناديق الاستثمار المحلية والمستثمرين الأفراد العرب،فيما مالت تعاملات المؤسسات العربية والأجنبية والمستثمرين الأفراد الأجانب والمصريين نحو البيع.,ماسبيرو - الهيئة الوطنية للإعلام,ar-EG,127,ارتفع أداء مؤشرات البورصة المصرية لدى إغلاق تعاملات اليوم / الاثنين / مدفوعة بعمليات شراء من قبل المؤسسات وصناديق الاستثمار المحلية والمستثمرين الأفراد العرب،فيما مالت تعاملات المؤسسات العربية والأجنبية والمستثمرين الأفراد الأجانب والمصريين نحو البيع. وربح رأسمال السوقي لأسهم الشركات المقيدة بالبورصة بنهاية التعاملات نحو 36 مليار جنيه ليبلغ مستوى 3.807 تريليون جنيه ،وسط تعاملات كلية بلغت نحو 57 مليار جنيه تضمن تعاملات سندات/أذون و فقات نقل الملكية، فيما بلغت تعاملات سوق الأسهم نحو 11.7 مليار جنيه. وارتفع المؤشر الرئيسي للبورصة المصرية /إيجي اكس 30 / بنسبة 2.68 في المائة ليصل إلى مستوى 52502.74 نقطة، كما زاد مؤشر الأسهم الصغيرة والمتوسطة /إيجي اكس70 / بنسبة 1.12 في المائة ليبلغ 16132.98 نقطة، شملت الارتفاعات مؤشر /إيجي إكس100 /الأوسع نطاقا والذي زاد بنحو 1.25 % ليبلغ مستوى 21925.59 نقطة.,2026-07-07T09:49:49.758308+00:00,
google_news,general,https://www.bankygate.com/74731/%D8%A7%D9%84%D8%A8%D9%88%D8%B1%D8%B5%D8%A9-%D8%AA%D9%88%D8%A7%D9%81%D9%82-%D8%B9%D9%84%D9%89-%D9%82%D9%8A%D8%AF-%D8%B2%D9%8A%D8%A7%D8%AF%D8%A9-%D8%B1%D8%A3%D8%B3-%D8%A7%D9%84%D9%85%D8%A7%D9%84-%D8%A7%D9%84%D9%85%D8%B1%D8%AE%D8%B5-%D9%88%D8%A7%D9%84%D9%85%D8%B5%D8%AF%D8%B1-%D9%88%D8%A7%D9%84%D9%85%D8%AF%D9%81%D9%88%D8%B9-%D9%84%D8%A8%D9%86%D9%83-%D8%A7%D9%84%D8%AA%D8%B9%D9%85%D9%8A%D8%B1-%D9%88%D8%A7%D9%84%D8%A5%D8%B3%D9%83%D8%A7%D9%86,بنكي | البورصة توافق على قيد زيادة رأس المال المرخص والمصدر والمدفوع لبنك التعمير والإسكان,,2026-07-07 06:30:20+00:00,قررت لجنة قيد الاوراق المالية بجلستها المنعقدة بتاريخ 23/06/2026 الموافقة على قيد زيادة رأس المال المرخص به لب,بنكي,ar-eg,255,"09:29 ص - الثلاثاء 7 يوليو 2026 قررت لجنة قيد الاوراق المالية بجلستها المنعقدة بتاريخ 23/06/2026 الموافقة على قيد زيادة رأس المال المرخص به لبنك التعمير والاسكان ، من 10 مليار جنيه مصري إلي 30 مليار جنيه مصري ، بجدول قيد الاوراق المالية المصرية "" أسهم"". وبحسب افصاح للبورصة المصرية قررت اللجنة أيضا قيد أسهم زيادة راس المال المصدر والمدفوع لبنك التعمير والاسكان ، من 5.313 مليار جنيه مصرى الى 10.626 مليار جنيه مصري بزيادة قدرها 5.313 مليار جنيه مصري بإصدار عدد 531.300.000 سهم بقيمة اسمية و قدرها 10 جنيه مصري للسهم ، (بواقع 1 سهم مجانى لكل سهم اصلى قبل الزيادة) تمويلا من رصيد الاحتياطي العام والظاهرة بالقوائم المالية المنتهية في 31-12-2024 ،( الإصدار الحادى عشر) ، بجدول قيد الاوراق المالية المصرية "" أسهم"". واشار البيان إلى أن الحق في التوزيع المجاني (بواقع 1 سهم مجانى لكل واحد سهم اصلى) لمشترى السهم حتى نهاية جلسة تداول يوم الثلاثاء الموافق 07/07/2026. على أن تدرج اسهم الشركة بعد الزيادة المجانية على قاعدة البيانات مع تحديد سعر مرجعى على اسهم الشركة اعتبارا من بداية جلسة تداول يوم الاربعاء الموافق 08/07/2026 كما يلي:- ( ص 1 : ص 11 ) 1.062.600.000 سهم . وقررت لجنة القيد توقيع التزام مالي على البنك قدره 10 الاف جنيه مصري ، نظرا لمخالفته لأحكام المادة (26) من قواعد قيد وشطب الاوراق المالية بالبورصة المصرية والمادة (26) من الإجراءات التنفيذية لها ، طبقا لعقد تنظيم قيد الاوراق المالية بجداول البورصة المصرية و المبرم مع البنك ، مع منح البنك مهلة لسداد الالتزام المالي مدتها 15 يوم تبدأ من تاريخ اخطارها بقرار لجنة القيد.",2026-07-07T09:49:49.598341+00:00,
google_news,general,https://alboslanews.com/%D8%A3%D8%B3%D9%88%D8%A7%D9%82-%D9%85%D8%A7%D9%84/%D8%A7%D9%84%D8%A8%D9%88%D8%B1%D8%B5%D8%A9-%D8%A7%D9%84%D9%85%D8%B5%D8%B1%D9%8A%D8%A9-%D8%AA%D9%82%D9%81%D8%B2-%D8%A8%D9%80-268-%D9%81%D9%8A-%D8%AE%D8%AA%D8%A7%D9%85-%D8%AC%D9%84%D8%B3%D8%A9-%D8%A7%D9%84%D9%8A%D9%88%D9%85-%D9%85%D8%AF%D9%81%D9%88%D8%B9%D8%A9-%D8%A8%D9%85%D8%B4%D8%AA%D8%B1%D9%8A%D8%A7%D8%AA-%D9%85%D8%AD%D9%84%D9%8A%D8%A9-422953,البورصة المصرية تقفز ب 2.68% في ختام جلسة اليوم مدفوعة بمشتريات محلية,,2026-07-06 11:56:45+00:00,البورصة المصرية تقفز ب 2.68% في ختام جلسة اليوم مدفوعة بمشتريات محلية,,,12,البورصة المصرية تقفز ب 2.68% في ختام جلسة اليوم مدفوعة بمشتريات محلية,2026-07-07T09:49:50.803386+00:00,
google_news,general,https://www.youm7.com/story/2026/7/7/%D8%A7%D9%84%D8%A8%D9%88%D8%B1%D8%B5%D8%A9-%D8%AA%D9%88%D8%A7%D8%B5%D9%84-%D8%A7%D8%B1%D8%AA%D9%81%D8%A7%D8%B9%D9%87%D8%A7-%D8%A8%D9%85%D9%86%D8%AA%D8%B5%D9%81-%D8%A7%D9%84%D8%AA%D8%B9%D8%A7%D9%85%D9%84%D8%A7%D8%AA-%D8%A8%D8%AA%D8%AF%D8%A7%D9%88%D9%84%D8%A7%D8%AA-%D8%AA%D9%84%D8%A7%D9%85%D8%B3-6-%D9%85%D9%84%D9%8A%D8%A7%D8%B1%D8%A7%D8%AA-%D8%AC%D9%86%D9%8A%D9%87/7473800,البورصة تواصل ارتفاعها بمنتصف التعاملات بتداولات تلامس 6 مليارات جنيه - اليوم السابع,كتب هانى الحوتى,2026-07-07 09:28:00+00:00,واصلت مؤشرات البورصة المصرية، ارتفاعها بمنتصف تعاملات جلسة اليوم الثلاثاء، منتصف جلسات الأسبوع، مدفوعة بعمليات شراء من المتعاملين العرب والأجانب فيما مالت تعاملات المصريين للبيع.,اليوم السابع,ar,408,"واصلت مؤشرات البورصة المصرية، ارتفاعها بمنتصف تعاملات جلسة اليوم الثلاثاء، منتصف جلسات الأسبوع، مدفوعة بعمليات شراء من المتعاملين العرب والأجانب فيما مالت تعاملات المصريين للبيع، وسط تداولات بلغت 5.9 مليار جنيه خلال ساعتين. أداء المؤشرات ارتفع مؤشر "" إيجي إكس 30 "" بنسبة 0.93% ليصل إلى 52992 نقطة، وصعد مؤشر ""إيجي إكس 30 محدد الأوزان"" بنسبة 0.8% ليصل إلى مستوى 65015 نقطة، وقفز مؤشر ""إيجي إكس 30 للعائد الكلي"" بنسبة 0.86% ليصل إلى مستوى 24704 نقطة، وزاد مؤشر ""EGX35-LV"" بنسبة 0.59% ليصل إلى مستوى 6158 نقطة. كما ارتفع مؤشر الشركات المتوسطة والصغيرة ""إيجي إكس 70 متساوي الأوزان"" بنسبة 0.55% ليصل إلى مستوى 16222 نقطة، وصعد ""إيجي إكس 100 متساوي الأوزان""، بنسبة 0.59% ليصل إلى مستوى 22054 نقطة، وقفز مؤشر الشريعة الإسلامية بنسبة 0.85% ليصل إلى مستوى 5961 نقطة، وزاد مؤشر تميز بنسبة 0.36% ليصل إلى مستوى 29262 نقطة. في سياق متصل أعلنت إدارة البورصة المصرية، إيقاف التداول على 6 أسهم لمدة 10 دقائق لتجاوزها نسبة ال5% صعودًا أو هبوطًا خلال جلسة تداول اليوم الثلاثاء، وهم: بي أي جي للتجارة والاستثمار، والمتحدة للإسكان والتعمير، ومجموعة النعيم العقارية القابضة، والسعودية المصرية للاستثمار والتمويل، والعربية لاستصلاح الأراضي، والعامة لاستصلاح الأراضي والتنمية والتعمير. كما أعلنت إدارة البورصة، عن تسوية (إصدار) عدد 15 ألف وثيقة، أمس الإثنين، ليصبح عدد الوثائق القائمة عدد 5.58 مليون وثيقة بدلًا من 5.565 مليون وثيقة. تعاملات الداخليين في السياق ذاته تباينت تعاملات الداخليين والمساهمين الرئيسيين والمجموعات المرتبطة بهم، خلال جلسة تداول أمس الأحد، إذ اشترى داخليين بشركات المشروعات الصناعية والهندسية، والشرقية الوطنية للأمن الغذائي، وجهينة للصناعات الغذائية، ومصر الجديدة للإسكان والتعمير، وبالم هيلز للتعمير، وجي بي كوربوريشن، وبي انفستمنتس القابضة عدد 2 مليون سهم، 2000 سهم، 2000 سهم، 30 ألف سهم، 160 ألف سهم، 1000 سهم، على الترتيب. كما اشترت مجموعة مرتبطة بداخليين بشركات المشروعات الصناعية والهندسية، والمطورون العرب القابضة، وفوري لتكنولوجيا البنوك والمدفوعات الإلكترونية عدد 1.6 مليون سهم، 3.5 مليون سهم، 400 ألف سهم. فيما باع داخليين بشركات المنصورة للدواجن، ولوتس للتنمية والاستثمار الزراعي، والمشروعات الصناعية والهندسية، وجهينة للصناعات الغذائية، والنصر للملابس والمنسوجات-كابو، والمالية والصناعية المصرية، وبالم هيلز للتعمير، ومجموعة أي أف جي القابضة، ومجموعة طلعت مصطفى القابضة عدد 6 ملايين سهم، 10.5 مليون سهم، 5 ملايين سهم، 4500 سهم، 15 ألف سهم، 2286 سهمًا، 174.8 ألف سهم، 100 ألف سهم، 210 ألف سهم، على الترتيب. في شأن منفصل أعلنت شركة اكت فاينانشال للاستشارات، عن موافقة مجلس الإدارة بالإجماع على شراء أسهم خزينة بنسبة لا تتجاوز 1% من رأس مال الشركة من خلال السوق المفتوح، وفقًا لنص المادة 51 من قواعد قيد وشطب الأوراق المالية بالبورصة المصرية.",2026-07-07T09:49:49.724816+00:00,
google_news,general,https://www.mubasher.info/news/4637479/%D8%A7%D9%84%D8%A8%D9%88%D8%B1%D8%B5%D8%A9-%D8%AA%D8%B9%D9%84%D9%86-%D8%A5%D8%B5%D8%AF%D8%A7%D8%B1-15-%D8%A3%D9%84%D9%81-%D9%88%D8%AB%D9%8A%D9%82%D8%A9-%D8%AC%D8%AF%D9%8A%D8%AF%D8%A9-%D9%84%D8%B5%D9%86%D8%AF%D9%88%D9%82-%D8%A7%D9%84%D9%85%D8%A4%D8%B4%D8%B1-EGX30/,البورصة تعلن إصدار 15 ألف وثيقة جديدة لصندوق المؤشر EGX30,,2026-07-07 08:16:30+00:00,مباشر_ أفادت إدارة البورصة المصرية بورود بيان من شركة مصر للمقاصة والإيداع والقيد المركزي يتضمن تسوية إصدار 15 ألف وثيقة من وثائق استثمار شركة صناديق المؤشرات – EGX 30 INDEX ETF. وبحسب البيان، تم تنفيذ عملية التسوية يوم الاثنين 6 يوليو 2026، …,,ar,76,مباشر_ أفادت إدارة البورصة المصرية بورود بيان من شركة مصر للمقاصة والإيداع والقيد المركزي يتضمن تسوية إصدار 15 ألف وثيقة من وثائق استثمار شركة صناديق المؤشرات – EGX 30 INDEX ETF. وبحسب البيان، تم تنفيذ عملية التسوية يوم الاثنين 6 يوليو 2026، ليرتفع بذلك عدد الوثائق القائمة إلى 5.58 مليون وثيقة بدلًا من 5.565 مليون وثيقة قبل التسوية. وأشارت شركة مصر للمقاصة إلى التزامها بإبلاغ البورصة المصرية فور حدوث أي تعديل في عدد الوثائق القائمة للصندوق.,2026-07-07T09:49:51.112200+00:00,
google_news,general,https://hapijournal.com/2026/07/07/%D8%A3%D9%83%D8%AA-%D9%81%D8%A7%D9%8A%D9%86%D8%A7%D9%86%D8%B4%D8%A7%D9%84-%D8%AA%D9%88%D8%A7%D9%81%D9%82-%D8%B9%D9%84%D9%89-%D8%B4%D8%B1%D8%A7%D8%A1-%D8%A3%D8%B3%D9%87%D9%85-%D8%AE%D8%B2%D9%8A%D9%86/,أكت فاينانشال توافق على شراء أسهم خزينة بنسبة لا تتجاوز 1% من رأس المال - جريدة حابي,,2026-07-07 08:45:14+00:00,أكت فاينانشال توافق على شراء أسهم خزينة بنسبة لا تتجاوز 1% من رأس المال&nbsp;&nbsp;جريدة حابي,جريدة حابي,ar,,,2026-07-07T09:49:51.922350+00:00,Extraction failed: Failed to fetch: 403 Client Error: Forbidden for url: https://hapijournal.com/2026/07/07/%D8%A3%D9%83%D8%AA-%D9%81%D8%A7%D9%8A%D9%86%D8%A7%D9%86%D8%B4%D8%A7%D9%84-%D8%AA%D9%88%D8%A7%D9%81%D9%82-%D8%B9%D9%84%D9%89-%D8%B4%D8%B1%D8%A7%D8%A1-%D8%A3%D8%B3%D9%87%D9%85-%D8%AE%D8%B2%D9%8A%D9%86/
google_news,general,https://www.almasdar.com/171942,البورصة تُقر قيد زيادة رأسمال بنك التعمير والإسكان إلى 10.6 مليار جنيه - المصدر,,2026-07-07 09:12:23+00:00,البورصة تُقر قيد زيادة رأسمال بنك التعمير والإسكان إلى 10.6 مليار جنيه&nbsp;&nbsp;المصدر,المصدر,ar,,,2026-07-07T09:49:51.249492+00:00,Extraction failed: Failed to fetch: 403 Client Error: Forbidden for url: https://www.almasdar.com/171942
google_news,general,https://almalnews.com/2123272/%D8%A7%D9%84%D8%A8%D9%88%D8%B1%D8%B5%D8%A9-%D8%AA%D9%82%D8%B1-%D8%B2%D9%8A%D8%A7%D8%AF%D8%A9-%D8%B1%D8%A3%D8%B3%D9%85%D8%A7%D9%84-%D8%A8%D9%86%D9%83-%D8%A7%D9%84%D8%AA%D8%B9%D9%85%D9%8A%D8%B1-%D9%88%D8%A7%D9%84%D8%A5%D8%B3%D9%83%D8%A7%D9%86/,البورصة تقر زيادة رأسمال بنك التعمير والإسكان وتوزيع سهم مجاني للمساهمين -جريدة المال,,2026-07-07 09:42:03+00:00,وافقت لجنة قيد الأوراق المالية بالبورصة المصرية على قيد زيادة رأس المال المرخص به لبنك التعمير والإسكان,جريدة المال,ar,162,وافقت لجنة قيد الأوراق المالية بالبورصة المصرية على قيد زيادة رأس المال المرخص به لبنك التعمير والإسكان من 10 مليارات جنيه إلى 30 مليار جنيه بجدول قيد الأوراق المالية المصرية. كما أقرت اللجنة قيد أسهم زيادة رأس المال المصدر والمدفوع للبنك من نحو 5.31 مليار جنيه إلى 10.62 مليار جنيه بزيادة قدرها 5.31 مليار جنيه موزعة على 531.3 مليون سهم بقيمة اسمية 10 جنيهات للسهم الواحد وبواقع سهم مجاني لكل سهم أصلي على أن تمول هذه الزيادة من رصيد الاحتياطي العام الظاهر بالقوائم المالية المنتهية في ديسمبر 2024. وسيكون الحق في التوزيع المجاني لمشتري السهم حتى نهاية جلسة تداول اليوم الثلاثاء الموافق 7 يوليو 2026 على أن تدرج أسهم الزيادة ويحدد السعر المرجعي الجديد مع بداية جلسة تداول غد الأربعاء الموافق 8 يوليو 2026. وفي سياق متصل قررت اللجنة توقيع التزام مالي على البنك بقيمة 10 آلاف جنيه لمخالفته أحكام المادة 26 من قواعد قيد وشطب الأوراق المالية بالبورصة المصرية مع منحه مهلة سداد مدتها 15 يوما تبدأ من تاريخ إخطاره بالقرار.,2026-07-07T09:49:51.615317+00:00,
google_news,general,https://www.youm7.com/story/2026/7/6/%D8%A3%D8%AE%D8%A8%D8%A7%D8%B1-%D8%A7%D9%84%D8%A8%D9%88%D8%B1%D8%B5%D8%A9-%D8%A7%D9%84%D9%8A%D9%88%D9%85-%D8%A7%D9%84%D8%A5%D8%AB%D9%86%D9%8A%D9%86-6-7-2026/7473061,أخبار البورصة اليوم الإثنين 6- 7- 2026 - اليوم السابع,كتب هانى الحوتى,2026-07-06 15:34:00+00:00,تنوعت أخبار البورصة المصرية خلال جلسة تداول اليوم الإثنين 6-7-2026، وجاءت أبرزها إنهاء البورصة المصرية، تعاملات جلسة اليوم الإثنين، بارتفاع جماعي للمؤشرات، للجلسة الرابعة على التوالي.,اليوم السابع,ar,669,"تنوعت أخبار البورصة المصرية خلال جلسة تداول اليوم الإثنين 6-7-2026، وجاءت أبرزها إنهاء البورصة المصرية، تعاملات جلسة اليوم الإثنين، بارتفاع جماعي للمؤشرات، للجلسة الرابعة على التوالي، مدفوعة بعمليات شراء من المتعاملين المصريين فيما مالت تعاملات العرب والأجانب للبيع، وربح رأس المال السوقي 57 مليار جنيه ليغلق عند مستوى 3.807 تريليون جنيه. إيقاف تداول 13 سهمًا أعلنت إدارة البورصة المصرية ، إيقاف التداول على 13 سهمًا لمدة 10 دقائق لتجاوزها نسبة ال5% صعودًا أو هبوطًا خلال جلسة تداول اليوم الإثنين، وهم: بي أي جي للتجارة والاستثمار، وآراب للتنمية والاستثمار العقاري، والاتحاد الصيدلي للخدمات الطبية والاستثمار، والعالمية للاستثمار والتنمية، والمتحدة للإسكان والتعمير، وجورميه إيجيبت دوت كوم للأغذية، ومجموعة النعيم العقارية القابضة، والنصر للملابس والمنسوجات-كابو، والوطنية للإسكان للنقابات المهنية، وهيبكو للاستثمارات التجارية والتنمية العقارية، وتايكون انفستمنتس هولدنج، وبايونيرز بروبرتيز للتنمية العمرانية بي ار اي جروب، ومينا للاستثمار السياحي والعقاري. البورصة تربح 57 مليار جنيه أنهت البورصة المصرية ، تعاملات جلسة اليوم الإثنين، بارتفاع جماعي للمؤشرات، للجلسة الرابعة على التوالي، مدفوعة بعمليات شراء من المتعاملين المصريين فيما مالت تعاملات العرب والأجانب للبيع، وربح رأس المال السوقي 57 مليار جنيه ليغلق عند مستوى 3.807 تريليون جنيه. وبلغ حجم التداول على الأسهم 4.9 مليار ورقة مالية بقيمة 12.2 مليار جنيه، عبر تنفيذ 225.5 ألف عملية لعدد 222 شركة، وسجلت تعاملات المصريين 89.72% من إجمالي التعاملات، بينما استحوذ الأجانب على نسبة 6.36%، والعرب على 3.92%، واستحوذت المؤسسات على 24.63% من المعاملات في البورصة، وكانت باقي المعاملات من نصيب الأفراد بنسبة 75.36%. ومالت صافي تعاملات الأفراد المصريين والأجانب والمؤسسات العربية والأجنبية للبيع بقيمة 259.1 مليون جنيه، 13 مليون جنيه، 108.3 مليون جنيه، 149.5 مليون جنيه، على الترتيب، فيما مالت تعاملات الأفراد العرب والمؤسسات المصرية للشراء بقيمة 71.3 مليون جنيه، 458.6 مليون جنيه، على الترتيب. ارتفع مؤشر ""إيجي إكس 30"" بنسبة 2.68% ليغلق عند مستوى 52502 نقطة، وصعد مؤشر ""إيجى إكس 30 محدد الأوزان"" بنسبة 2.43% ليغلق عند مستوى 64499 نقطة، وقفز مؤشر ""إيجي إكس 30 للعائد الكلى"" بنسبة 2.69% ليغلق عند مستوى 24493 نقطة، وزاد مؤشر الأسهم منخفضة التقلبات السعرية ""EGX35-LV"" بنسبة 1.31% ليغلق عند مستوى 6122 نقطة. كما ارتفع مؤشر الشركات المتوسطة والصغيرة ""إيجي إكس 70 متساوي الأوزان"" بنسبة 1.12% ليغلق عند مستوى 16132 نقطة، وصعد مؤشر ""إيجى إكس 100 متساوى الأوزان"" بنسبة 1.25% ليغلق عند مستوى 21925 نقطة، وقفز مؤشر الشريعة الإسلامية بنسبة 2.45% ليغلق عند مستوى 5910 نقطة، وزاد مؤشر تميز بنسبة 1.91% ليغلق عند مستوى 29157 نقطة، فيما تراجع مؤشر سندات الخزانة بنسبة 0.02% ليغلق عند مستوى 2548 نقطة. وصعدت أسهم 147 شركة مقيدة بالبورصة في ختام التعاملات، وانخفضت أسهم 57 شركة، ولم تتغير مستويات 19 شركة. تعاملات الداخليين في السياق ذاته تباينت تعاملات الداخليين والمساهمين الرئيسيين والمجموعات المرتبطة بهم، خلال جلسة تداول أمس الأحد، إذ اشترى داخليين بشركات دلتا للطباعة والتغليف، وبالم هيلز للتعمير، وفيوتشر كير للصناعات الطبية عدد 1659 سهمًا، 242.8 ألف سهم، 189.5 ألف سهم، على الترتيب، واشترت مجموعة مرتبطة بالمساهم الرئيسي بالشركة الشرقية-إيسترن كومباني عدد 6100 سهم. فيما باع داخليين بشركات المشروعات الصناعية والهندسية، ودلتا للطباعة والتغليف، والمالية والصناعية المصرية، والعبور للاستثمار العقاري، وبالم هيلز للتعمير، وفيوتشر كير للصناعات الطبية عدد 201 سهم، 1659 سهمًا، 3359 سهمًا، 2000 سهم، 100 ألف سهم، 189.5 ألف سهم، على الترتيب، وباع مساهم رئيسي بشركة ام ام جروب للصناعة والتجارة العالمية عدد 55 ألف سهم، وباعت مجموعة مرتبطة بداخليين بشركتي المشروعات الصناعية والهندسية، وجولدن تكس للأصواف عدد 4.4 مليون سهم، 15 ألف سهم، على الترتيب., نتائج الأعمال أعلنت عدد من الشركات المقيدة بالبورصة المصرية، نتائج الأعمال عن الفترة الماضية، ففي قطاع الاتصالات وتكنولوجيا المعلومات، حققت شركة نوفيدا للاستثمار والتكنولوجيا، إيرادات نشاط بلغت 275.6 ألف جنيه خلال الفترة المنتهية في 31 مارس عام 2026 مقابل 2.1 مليون جنيه خلال الفترة المماثلة من عام 2025، وبلغت صافي خسائر الفترة 1.6 مليون جنيه مقارنة مع خسائر بقيمة 1.1 مليون جنيه. وفي قطاع الخدمات والمنتجات الزراعية، حققت الشركة العربية لاستصلاح الأراضي، إيرادات بلغت 16.8 مليون جنيه خلال الفترة المنتهية في 30 سبتمبر عام 2025 مقابل 15.6 مليون جنيه خلال الفترة المماثلة من عام 2024، وبلغت صافي ربح الفترة 490.8 ألف جنيه مقارنة مع أرباح بقيمة 1.7 مليون جنيه. أسهم خزينة أعلنت شركة مدينة مصر للإسكان والتعمير، شراء الشركة عدد 1.25 مليون سهم خزينة خلال جلسة أمس الأحد.",2026-07-07T09:49:53.291142+00:00,
google_news,general,https://www.youm7.com/story/2026/7/7/%D8%A7%D8%B1%D8%A7%D8%A8%D9%8A%D8%A7-%D8%A7%D9%86%D9%81%D8%B3%D8%AA%D9%85%D9%86%D8%AA%D8%B3-%D8%AA%D8%B3%D8%AA%D8%B1%D8%AF-%D9%85%D9%84%D8%A7%D9%8A%D9%8A%D9%86-%D9%86%D9%87%D8%B6%D8%A9-%D9%84%D9%84%D8%A8%D8%AA%D8%B1%D9%88%D9%84-%D9%88%D8%AA%D8%BA%D9%84%D9%82-%D8%A7%D9%84%D9%85%D9%84%D9%81-%D9%86%D9%87%D8%A7%D8%A6%D9%8A/7473585,"""ارابيا انفستمنتس"" تسترد ملايين ""نهضة للبترول"" وتغلق الملف نهائي - اليوم السابع",كتب هانى الحوتى,2026-07-07 07:17:00+00:00,أعلنت شركة ارابيا انفستمنتس هولدنج، انتهاء إجراءات التصالح في القضية الخاصة بشركة نهضة للبترول والغاز أمام الأمانة الفنية للجنة الخبراء بوزارة العدل المختصة بالنظر في طلبات التصالح .,اليوم السابع,ar,311,أعلنت شركة ارابيا انفستمنتس هولدنج، انتهاء إجراءات التصالح في القضية الخاصة بشركة نهضة للبترول والغاز أمام الأمانة الفنية للجنة الخبراء بوزارة العدل المختصة بالنظر في طلبات التصالح والتسويات في جرائم العدوان على المال العام، مؤكدة سداد كامل المبلغ المستحق وفقًا لإجراءات التصالح. قيمة التسوية وأوضحت الشركة، في إفصاح للبورصة المصرية، أن إجمالي قيمة التسوية بلغ نحو 6.6 مليون جنيه، منها 3.5 مليون جنيه تمثل قيمة المبلغ الملزم برده، بالإضافة إلى 3 ملايين جنيه فوائد تأخير. وأشارت الشركة إلى أن ذلك يأتي استكمالًا لما سبق الإفصاح عنه في تقرير مجلس الإدارة السنوي المنشور في مايو الماضي، والذي تضمن صدور حكم من محكمة الاستئناف في ديسمبر 2025 بإلزام المستأنف ضده برد نحو 3.5 مليون جنيه في القضية الخاصة بشركة نهضة للبترول والغاز. وأضافت أن مجلس إدارة ارابيا انفستمنتس هولدنج، بصفتها الشركة القاسمة والصادر لصالحها الحكم، كان قد وجه باستمرار متابعة إجراءات التصالح أمام لجنة الخبراء بوزارة العدل، مع إحاطة المجلس بأي مستجدات، موضحة أن شركة نهضة للبترول والغاز أصبحت ضمن استثمارات شركة ارابيا للاستثمار والتنمية عقب تنفيذ عملية الانقسام. تحويل مبلغ التسوية وأكدت الشركة أن كامل مبلغ التسوية تم تحويله إلى الحساب البنكي الخاص بشركة ارابيا انفستمنتس هولدنج، باعتبارها الجهة الصادر لصالحها الحكم، حيث أقيمت الدعوى وصدر الحكم قبل تنفيذ عملية الانقسام. وفيما يتعلق بالمعالجة المحاسبية، أوضحت الشركة أن شركة ارابيا للاستثمار والتنمية مدينة لشركة ارابيا انفستمنتس هولدنج بمبلغ يقارب 17 مليون جنيه، ونظرًا لانتقال شركة نهضة للبترول والغاز إلى الشركة المنقسمة، فسيتم إجراء تسوية محاسبية لمبلغ التصالح البالغ 6.6 مليون جنيه من خلال خصمه من رصيد الحساب الجاري المتبادل بين الشركتين، وذلك وفقًا لتقريري الأداء الاقتصادي الصادرين عن اللجنتين المشكلتين من الهيئة العامة للاستثمار والمناطق الحرة بشأن عملية الانقسام. كما أشارت الشركة إلى أن لجنة المراجعة والحوكمة، في اجتماعها المنعقد في 30 أبريل 2026 والمعتمد من مجلس الإدارة في التاريخ ذاته، وجهت بالعمل على تسوية الحساب الجاري بين الشركتين تدريجيًا خلال الفترة المقبلة، بما يتوافق مع الإجراءات المحاسبية والتنظيمية المرتبطة بعملية الانقسام.,2026-07-07T09:49:53.412900+00:00,
google_news,general,https://www.alborsaanews.com/2026/07/06/1978235,السيولة تعيد تشكيل اتجاه السوق.. و«EGX70» يسجل قممًا تاريخية,سعد صلاح,2026-07-06 15:14:14+00:00,عززت عودة السيولة المؤسسية إلى البورصة المصرية من فرص خروج السوق من الحركة العرضية التي سيطرت على أدائها خلال الأسابيع الماضية،,جريدة البورصة,ar,745,"عززت عودة السيولة المؤسسية إلى البورصة المصرية من فرص خروج السوق من الحركة العرضية التي سيطرت على أدائها خلال الأسابيع الماضية، بعدما قفزت قيم التداول إلى 12.2 مليار جنيه، بالتزامن مع صافي شراء قوي للمؤسسات المصرية. وشهدت جلسة الأثنين أداءً قويًا للمؤشرات الرئيسية، حيث ارتفع مؤشر EGX30 بنسبة 2.68% ليغلق عند مستوى 52,502.74 نقطة، فيما صعد مؤشر EGX70 EWI للشركات الصغيرة والمتوسطة بنسبة 1.12% مسجلًا 16,132.9 نقطة، وارتفع مؤشر EGX100 بنسبة 1.25% ليصل إلى 21,925 نقطة. ويرى مصطفى رأفت، رئيس قسم التحليل الفني بشركة أسطول لتداول الأوراق المالية، إن أداء البورصة خلال جلسة اليوم جاء قويًا ومدعومًا بعودة السيولة والقوة الشرائية، ما يعزز فرص استمرار الاتجاه الصاعد خلال الفترة المقبلة. وأضاف أن المؤشر الرئيسي سجل ارتفاعًا بنحو 1370 نقطة بالتزامن مع تداولات قاربت 12 مليار جنيه، وهو ما يعكس تحسنًا واضحًا في نشاط السوق وعودة الزخم الشرائي بعد فترة من الترقب. وأوضح أن استقرار المؤشر أعلى مستويات الدعم الرئيسية والفرعية يعد إشارة فنية إيجابية، متوقعًا استهداف مستوى 53.2 ألف نقطة خلال المدى القصير، مشيرًا إلى أن اختراق هذا المستوى سيدفع المؤشر للخروج من الحركة العرضية التي تحكمت في أدائه خلال الفترة الماضية والتحول إلى اتجاه صاعد واضح، مع استهداف مستوى 55 ألف نقطة خلال المرحلة التالية. وأشار رأفت إلى أن ارتفاع قيم وأحجام التداول يمثل أحد أهم المؤشرات الداعمة لاستمرار الصعود، خاصة مع تحسن مؤشرات الزخم والقوة النسبية، وهو ما يمنح السوق قدرة أكبر على استكمال الحركة الإيجابية. وفيما يتعلق بمؤشر الشركات الصغيرة والمتوسطة، أوضح أن EGX70 واصل تسجيل قمم تاريخية جديدة، بعدما أغلق عند مستوى 16132 نقطة عقب تسجيل أعلى مستوى له عند 16148 نقطة خلال الجلسة، بما يعكس استمرار قوة الأسهم المتوسطة والصغيرة. وأضاف أن المؤشر السبعيني يتحرك في اتجاه صاعد على مختلف الآجال الزمنية، مع رفع مستويات حماية الأرباح ووقف الخسائر إلى نطاق يتراوح بين 14950 و15000 نقطة، واستمرار استهداف مستوى 17 ألف نقطة خلال الأجلين القصير والمتوسط. ونصح المستثمرين بالبدء في تكوين مراكز شرائية تدريجيًا، معتبرًا أن أي تراجعات قد تشهدها السوق خلال الفترة المقبلة تمثل فرصًا لإعادة بناء المراكز الاستثمارية، في ظل استمرار المؤشرات الفنية الإيجابية. وسجلت قيم التداول نحو 12.2 مليار جنيه عبر تنفيذ أكثر من 225 ألف عملية على نحو 4.9 مليار سهم، توزعت على 223 شركة، ارتفعت أسهم 147 شركة منها، مقابل تراجع 57 سهمًا واستقرار 19 سهمًا. كما بلغ رأس المال السوقي للأسهم المقيدة نحو 3.8 تريليون جنيه، فيما استحوذ المستثمرون الأفراد على 75.36% من إجمالي التعاملات مقابل 24.63% للمؤسسات. وعلى صعيد جنسيات المستثمرين، هيمن المصريون على 89.72% من التعاملات، تلاهم الأجانب بنسبة 6.36% ثم العرب بنسبة 3.92%. من جانبه، قال أحمد عبدالفتاح، مدير العمليات بشركة إيجي تريند لتداول الأوراق المالية، إن عودة السيولة إلى مستويات تتجاوز 9 مليارات جنيه كانت العامل الرئيسي وراء الأداء القوي للسوق خلال الجلسة، حيث ساعدت على اختراق المؤشر الرئيسي عدة مستويات مقاومة متتالية واقترابه من منطقة المقاومة الرئيسية عند 52.8 ألف نقطة. وأضاف أن المؤشر أغلق بالقرب من مستوى 52.5 ألف نقطة، متوقعًا أن تمثل منطقة 52.8 ألف نقطة نهاية الموجة الارتدادية الحالية، يعقبها جني أرباح محدود يمنح السوق الزخم اللازم لاختراقها واستكمال الاتجاه الصاعد. وأوضح أن استمرار التداولات عند مستوياتها الحالية فوق 9 مليارات جنيه سيظل العامل الحاسم في دعم الصعود خلال الفترة المقبلة، خاصة أن السوق كانت تتحرك عند هذه المستويات قبل موجة التوترات الأخيرة. وأشار إلى أن الأداء القوي للمؤشر الرئيسي جاء بدعم من عدد من الأسهم القيادية، وفي مقدمتها البنك التجاري الدولي ومجموعة طلعت مصطفى، إلى جانب أسهم الاتصالات والتكنولوجيا، وهو ما دفع المؤشر للارتفاع بأكثر من 1300 نقطة خلال الجلسة. وأضاف أن المؤشر السبعيني واصل أداءه القوي مدعومًا باستمرار هيمنة المستثمرين الأفراد على التداولات، حيث ساعد ذلك في تجاوز مستوى 16060 نقطة والاقتراب من مستهدفه التالي عند 16400 نقطة. وتوقع عبدالفتاح أن تشهد السوق عمليات جني أرباح محدودة خلال جلستين فقط، بهدف إعادة ترتيب المراكز واستعادة الزخم قبل استكمال موجة الصعود التالية، مشيرًا إلى أن أهم منطقة مقاومة للمؤشر الرئيسي تقع عند 52.8 ألف نقطة مع إمكانية امتداد الحركة نحو 53.1 ألف نقطة قبل بدء التصحيح. وأشار إلى أن نطاق جني الأرباح المتوقع قد يتراوح بين 52.2 و52.3 ألف نقطة، مع الحفاظ على مستوى 52 ألف نقطة كدعم رئيسي طالما استمرت السيولة المرتفعة داخل السوق. ونصح المستثمرين بعدم مطاردة الأسهم التي حققت ارتفاعات كبيرة خلال الفترة الأخيرة، والتركيز على الأسهم التي لم تبدأ موجتها الصاعدة بعد، متوقعًا انتقال جزء من السيولة إليها خلال المرحلة المقبلة. واتجه الأفراد العرب إلى الشراء بصافي 71 مليون جنيه، بينما اتجه المصريون والأجانب إلى البيع بصافي 259 مليون جنيه و13 مليون جنيه على التوالي. وفي المقابل، سجلت المؤسسات المصرية صافي شراء بلغ 458 مليون جنيه، فيما اتجهت المؤسسات العربية والأجنبية للبيع بصافي 108 ملايين جنيه و149 مليون جنيه على الترتيب.",2026-07-07T09:49:53.736243+00:00,
google_news,general,https://almalnews.com/2123284/%D8%AA%D8%BA%D8%B7%D9%8A%D8%A9-%D8%A7%D9%84%D9%85%D8%B1%D8%AD%D9%84%D8%A9-%D8%A7%D9%84%D8%AB%D8%A7%D9%86%D9%8A%D8%A9-%D9%84%D8%A7%D9%83%D8%AA%D8%AA%D8%A7%D8%A8-%D8%A7%D9%84%D9%85%D8%B1%D9%83%D8%B2-%D8%A7%D9%84%D8%B7%D8%A8%D9%8A-%D8%A7%D9%84%D8%AC%D8%AF%D9%8A%D8%AF/,تغطية المرحلة الثانية لاكتتاب المركز الطبي الجديد ب 476.9 مرة -جريدة المال,,2026-07-07 09:42:03+00:00,أعلنت شركة الإسكندرية للخدمات الطبية - المركز الطبي الجديد - الإسكندرية، النتائج النهائية للاكتتاب في زيادة رأس مالها المصدر، التي تمت على مرحلتين.,جريدة المال,ar,70,"أعلنت شركة الإسكندرية للخدمات الطبية - المركز الطبي الجديد - الإسكندرية، النتائج النهائية للاكتتاب في زيادة رأس مالها المصدر، التي تمت على مرحلتين. وبحسب إفصاح الشركة لبورصة مصر اليوم بلغت نسبة التغطية في المرحلة الأولى 97.42%، وذلك بعد فتح باب الاكتتاب لقدامى المساهمين في 120 مليون سهم. ​بينما بلغت نسبة التغطية في الأسهم المتبقية (3,019,984 سهماً) نحو 476.93 مرة، وذلك بعد طرحها للاكتتاب بناءً على موافقة الهيئة العامة للرقابة المالية.",2026-07-07T09:49:53.359936+00:00,
google_news,general,https://www.almasdar.com/171919,البورصة المصرية تربح 57.3 مليار جنيه بختام تعاملات الاثنين 6 يوليو 2026 - المصدر,,2026-07-06 12:50:00+00:00,البورصة المصرية تربح 57.3 مليار جنيه بختام تعاملات الاثنين 6 يوليو 2026&nbsp;&nbsp;المصدر,المصدر,ar,,,2026-07-07T09:49:53.415023+00:00,Extraction failed: Failed to fetch: 403 Client Error: Forbidden for url: https://www.almasdar.com/171919
google_news,general,https://egyptbanks.info/11677/article/%D8%A7%D9%84%D8%A8%D9%88%D8%B1%D8%B5%D8%A9-%D8%AA%D9%82%D9%8A%D8%AF-%D8%B2%D9%8A%D8%A7%D8%AF%D8%A9-%D8%B1%D8%A3%D8%B3-%D9%85%D8%A7%D9%84-%D8%A8%D9%86%D9%83-%D8%A7%D9%84%D8%AA%D8%B9%D9%85%D9%8A%D8%B1-%D9%88%D8%A7%D9%84%D8%A5%D8%B3%D9%83%D8%A7%D9%86,البورصة تقيد زيادة رأس مال بنك التعمير والإسكان,,2026-07-07 08:23:37+00:00,يقدم أخبار البنوك وسعر الصرف والعملات ومنتجات البنوك من قروض وشهادات استثمار وتمويل العقارات والمشروعات والاستثمار في الصناديق وأذون الخزانة وطرق الادخار,مباشر بنوك مصر,ar,234,"البورصة تقيد زيادة رأس مال بنك التعمير والإسكان البورصة تقيد زيادة رأس مال بنك التعمير والإسكان محمد جمعة الثلاثاء ٠٧ / يوليو / ٢٠٢٦ منذ ساعة بنك التعمير والإسكان أعلنت البورصة المصرية عن قيد زيادة رأس المال المرخص به لبنك التعمير والإسكان، والذي ارتفع من 10 مليارات جنيه إلى 30 مليار جنيه. وقيدت البورصة أسهم زيادة رأس المال المُصدر والمدفوع للبنك من 5.313 مليار جنيه إلى 10.626 مليار جنيه، بحسب إعلان للبورصة المصرية اليوم. وتبلغ قيمة الزيادة 5.313 جنيه مليار جنيه عبر إصدار 531.300 مليون سهم بقيمة اسمية 10 جنيهات للسهم، بواقع 1 سهم مجانى لكل سهم أصلى قبل الزيادة، وسيكون الحق في التوزيع المجاني حتى نهاية جلسة تداول اليوم الثلاثاء. وتمول الزيادة من رصيد الاحتياطي العام والظاهرة بالقوائم المالية المنتهية في 31 ديسمبر 2024، الإصدار الحادى عشر، بجدول قيد الأوراق المالية المصرية ""أسهم"". وستدرج أسهم الشركة بعد الزيادة المجانية على قاعدة البيانات مع تحديد سعر مرجعى على اسهم الشركة اعتبارا من بداية جلسة تداول غدًا الأربعاء. حمل تطبيق معلومات مباشر الآن ليصلك كل جديد من خلال آبل ستور جوجل بلاي للتداول والاستثمار في البورصة المصرية اضغط هنا لمتابعة آخر أخبار البورصة المصرية.. تابع موقع معلومات مباشر تابعوا آخر أخبار البورصة والاقتصاد عبر قناتنا على تليجرام لمتابعة قناتنا الرسمية على يوتيوب اضغط هنا لمتابعة آخر أخبار البنوك السعودية.. تابع مباشر بنوك السعودية.. اضغط هنا تنبيه ! - تم التسجيل بنجاح لم يتم التحقق من هذا البريد الإلكتروني ، يرجى التحقق من بريدك لتأكيد حسابك",2026-07-07T09:49:56.249670+00:00,
google_news,general,https://almalnews.com/2123249/%C2%AB%D8%A3%D8%B5%D9%88%D9%84-%D8%B9%D8%B1%D8%A8%D9%8A%D8%A9%C2%BB-%D8%A7%D9%84%D9%82%D9%8A%D9%85%D8%A9-%D8%A7%D9%84%D8%B9%D8%A7%D8%AF%D9%84%D8%A9-%D9%84%D8%B3%D9%87%D9%85-%C2%AB%D8%AA%D8%A7%D9%8A%D9%83%D9%88%D9%86-%D8%A5%D9%86%D9%81%D8%B3%D8%AA%D9%85%D9%86%D8%AA%D8%B3%C2%BB/,«أصول عربية»: القيمة العادلة لسهم «تايكون إنفستمنتس» أقل بنحو %98 عن سعره السوقي بالبورصة!! -جريدة المال,,2026-07-07 06:45:32+00:00,أظهرت دراسة القيمة العادلة المستقلة، التي أعدّتها شركة أصول عربية للاستثمار والاستشارات المالية، أن القيمة العادلة لسهم شركة «إنفستمنتس هولدينج»,جريدة المال,ar,57,أظهرت دراسة القيمة العادلة المستقلة، التي أعدّتها شركة أصول عربية للاستثمار والاستشارات المالية، أن القيمة العادلة لسهم شركة «إنفستمنتس هولدينج» بلغت نحو 34 قرشًا، مقارنة بالسعر السوقي المتداول البالغ نحو 26.50 جنيه، بما يعني انخفاضاً بنحو %98.7 عن سعر التداول بالبورصة. محتوى للمشتركين فقط اشترك الآن للحصول علي كافة الأخبار الحصرية بالإضافة لإشتراك النسخة الرقمية اشترك الآن,2026-07-07T09:49:55.496473+00:00,
google_news,general,https://almalnews.com/2123277/%D8%A7%D9%84%D8%A8%D9%88%D8%B1%D8%B5%D8%A9-%D8%AA%D9%82%D8%B1-%D9%85%D8%B6%D8%A7%D8%B9%D9%81%D8%A9-%D8%B1%D8%A3%D8%B3-%D9%85%D8%A7%D9%84-%D9%85%D8%B5%D8%B1-%D9%84%D9%84%D9%81%D9%86%D8%A7%D8%AF%D9%82/,"البورصة تقر مضاعفة رأس مال ""مصر للفنادق"" وتوزع أسهماً مجانية للمشترين اليوم -جريدة المال",,2026-07-07 08:32:25+00:00,وافقت لجنة قيد الأوراق المالية بالبورصة على قيد زيادة رأس المال المرخص به لشركة مصر للفنادق,جريدة المال,ar,137,وافقت لجنة قيد الأوراق المالية بالبورصة على قيد زيادة رأس المال المرخص به لشركة مصر للفنادق من 400 مليون جنيه إلى 1.6 مليار جنيه بجدول قيد الأوراق المالية. كما أقرت اللجنة قيد أسهم زيادة رأس المال المصدر والمدفوع للشركة من 396 مليون جنيه إلى 792 مليون جنيه بزيادة قدرها 396 مليون جنيه مصري موزعة على 396 مليون سهم بقيمة اسمية قدرها جنيه واحد للسهم الواحد وبواقع سهم مجاني لكل سهم أصلي على أن تمول هذه الزيادة من الأرباح المرحلة وأرباح العام وفقاً للقوائم المالية المنتهية في يونيو 2025. وسيكون الحق في التوزيع المجاني لمشتري السهم حتى نهاية جلسة تداول اليوم الثلاثاء الموافق 7 يوليو 2026 لتصل إجمالي أسهم الشركة المقيدة بقاعدة البيانات بعد الزيادة إلى 792 مليون سهم على أن تدرج هذه الأسهم ويحدد السعر المرجعي الجديد مع بداية جلسة تداول غد الأربعاء الموافق 8 يوليو 2026.,2026-07-07T09:49:55.112945+00:00,
google_news,general,https://www.masrawy.com/news/news_economy/details/2026/7/6/3013592/%D8%A7%D9%84%D9%85%D8%A4%D8%B4%D8%B1-%D8%A7%D9%84%D8%B1%D8%A6%D9%8A%D8%B3%D9%8A-%D9%84%D9%84%D8%A8%D9%88%D8%B1%D8%B5%D8%A9-%D9%8A%D8%B1%D8%AA%D9%81%D8%B9-2-68-%D9%81%D9%89-%D8%AE%D8%AA%D8%A7%D9%85-%D8%AC%D9%84%D8%B3%D8%A9-%D8%A7%D9%84%D9%8A%D9%88%D9%85-%D9%85%D8%A7-%D9%87%D9%89-%D8%A7%D9%84%D8%A3%D8%B3%D9%87%D9%85-%D8%A7%D9%84%D8%A3%D9%83%D8%AB%D8%B1-%D8%A7%D8%B1%D8%AA%D9%81%D8%A7%D8%B9-%D8%A7-,المؤشر الرئيسي للبورصة يرتفع 2.68% في ختام جلسة اليوم 6-7-2026 | مصراوي,https://www.masrawy.com/writer/116/ميريت-نادي,2026-07-06 13:17:45+00:00,المؤشر الرئيسي للبورصة المصرية egx 30 يرتفع بنسبة 2 68 عند مستوى 52502 نقطة في ختام جلسة اليوم الاثنين | مصراوي,مصراوي.كوم,ar,316,ارتفع المؤشر الرئيسي للبورصة المصرية EGX 30 بنسبة 2.68% عند مستوى 52502 نقطة، فى ختام جلسة اليوم الاثنين. وارتفع مؤشر EGX 70 للأسهم الصغيرة والمتوسطة بنسبة 1.12%، وصعد مؤشر EGX 100 الأوسع نطاقا بنسبة 1.25%. تعاملات المصريين والأجانب والعرب على شراء الأسهم وسجلت تعاملات المستثمرين المصريين صافي شراء من الأسهم بقيمة 4.3 مليار جنيه، بينما سجلت تعاملات الأجانب صافي شراء من الأسهم بقيمة 2.1 مليار جنيه، فيما سجلت تعاملات المستثمرين العرب صافي شراء من الأسهم بقيمة 2.1 مليار جنيه. وكان المؤشر الرئيسي للبورصة المصرية EGX 30 ارتفع بنسبة 1.18%، عند مستوى 51130 نقطة، بختام جلسة أمس الأحد. الأسهم الأكثر ارتفاعًا في جلسة البورصة اليوم ارتفع سهم المتحدة للاسكان والتعمير بنسبة 19.99%، ليغلق على سعر 16.09 جنيه للسهم الواحد، بعدما كان سعر الفتح 13.41 جنيه. وصعد سهم مجموعة النعيم العقارية القابضة بنسبة 11.72%، ليغلق على سعر 15.44 جنيه للسهم الواحد، بعدما كان سعر الفتح 13.82 جنيه. وزاد سهم مينا للاستثمار السياحي والعقاري بنسبة 10.16%، ليغلق على سعر 7.59 جنيه للسهم الواحد، بعدما كان سعر الفتح 6.89 جنيه. وارتفع سهم المشروعات الصناعية والهندسية بنسبة 9.59%، ليغلق على سعر 53 قرشًا للسهم الواحد، بعدما كان سعر الفتح 49 قرشًا. وصعد سهم جورميه ايجيبت دوت كوم للاغذية بنسبة 9.53%، ليغلق على سعر 14.59 جنيه للسهم الواحد، بعدما كان سعر الفتح 13.32 جنيه. الأسهم الأكثر انخفاضا في جلسة البورصة اليوم انخفض سهم تايكون انفستمنتس هولدنج بنسبة 4.68%، ليغلق على سعر 26.5 جنيه للسهم الواحد، بعدما كان سعر الفتح 27.8 جنيه. وتراجع سهم كرستمارك للمقاولات والتطوير العقاري بنسبة 4.41%، ليغلق على سعر 1.3 جنيه للسهم الواحد، بعدما كان سعر الفتح 1.36 جنيه. وانخفض سهم جولدن تكس للاصواف بنسبة 4.22%، ليغلق على سعر 85.5 جنيه للسهم الواحد، بعدما كان سعر الفتح 89.27 جنيه. وتراجع سهم مصر للأسواق الحرة بنسبة 3.26%، ليغلق على سعر 48.08 جنيه للسهم الواحد، بعدما كان سعر الفتح 49.7 جنيه. وهبط سهم المصرية للمنتجعات السياحية بنسبة 3.07%، ليغلق على سعر 18.62 جنيه للسهم الواحد، بعدما كان سعر الفتح 19.21 جنيه.,2026-07-07T09:49:55.418010+00:00,
google_news,general,https://www.youm7.com/story/2026/7/6/%D9%82%D8%B7%D8%A7%D8%B1-%D8%A7%D9%84%D8%A7%D8%AA%D8%B5%D8%A7%D9%84%D8%A7%D8%AA-%D9%8A%D9%83%D8%AA%D8%B3%D8%AD-%D8%A7%D9%84%D8%A8%D9%88%D8%B1%D8%B5%D8%A9-%D8%A8%D8%AC%D9%84%D8%B3%D8%A9-%D8%A7%D9%84%D8%A5%D8%AB%D9%86%D9%8A%D9%86-%D9%88%D8%A7%D9%84%D8%B3%D9%8A%D8%A7%D8%AD%D8%A9-%D9%81%D9%8A-%D9%82%D8%A7%D8%A6%D9%85%D8%A9-%D8%A7%D9%84%D8%AE%D8%A7%D8%B3%D8%B1%D9%8A%D9%86/7473073,"قطار ""الاتصالات"" يكتسح البورصة بجلسة الإثنين.. والسياحة في قائمة الخاسرين - اليوم السابع",كتب هانى الحوتى,2026-07-06 13:37:00+00:00,تباين أداء مؤشرات قطاعات البورصة المصرية خلال ختام تعاملات جلسة اليوم الإثنين، وسط سيطرة الأداء الإيجابي على غالبية القطاعات، بعدما أنهت 12 قطاعًا تعاملاتها على ارتفاع، مقابل تراجع 4 قطاعات.,اليوم السابع,ar,210,تباين أداء مؤشرات قطاعات البورصة المصرية خلال ختام تعاملات جلسة اليوم الإثنين، وسط سيطرة الأداء الإيجابي على غالبية القطاعات، بعدما أنهت 12 قطاعًا تعاملاتها على ارتفاع، مقابل تراجع 4 قطاعات. وتصدر قطاع الاتصالات والإعلام وتكنولوجيا المعلومات قائمة القطاعات الرابحة بعدما ارتفع بنسبة 5.4%، محققًا أكبر مكاسب خلال الجلسة، تلاه قطاع خدمات النقل والشحن بنسبة 2.5%، ثم قطاع العقارات الذي صعد بنسبة 2.4%. كما ارتفع قطاع المنسوجات والسلع المعمرة بنسبة 1.9%، وسجل قطاع الأغذية والمشروبات والتبغ مكاسب بلغت 1.4%، فيما صعد قطاع الخدمات المالية غير المصرفية بنسبة 1.3%. وشملت قائمة القطاعات المرتفعة أيضًا قطاع البنوك بنسبة 0.8%، وقطاع مواد البناء بنسبة 0.7%، بينما ارتفع كل من قطاعي الرعاية الصحية والأدوية، والمقاولات والإنشاءات الهندسية بنسبة 0.6% لكل منهما. كما صعد قطاع الخدمات التعليمية بنسبة 0.5%، وارتفع قطاع الخدمات والمنتجات الصناعية والسيارات بالنسبة نفسها، ليختتم قائمة القطاعات الصاعدة خلال تعاملات اليوم. وعلى الجانب الآخر، تصدر قطاع السياحة والترفيه قائمة القطاعات المتراجعة بعدما انخفض بنسبة 1.2%، تلاه قطاع الموارد الأساسية بنسبة 0.3%، ثم قطاع الطاقة والخدمات المساندة بنسبة 0.2%، وسجل قطاع التجارة والموزعون تراجعًا طفيفًا بنسبة 0.1%، ليختتم قائمة القطاعات الخاسرة خلال جلسة الإثنين. ويعكس أداء القطاعات خلال تعاملات اليوم استمرار التباين بين الأسهم المقيدة، مع توجه السيولة نحو قطاعات الاتصالات والعقارات والنقل، في مقابل ضغوط بيعية محدودة على أسهم السياحة والموارد الأساسية والطاقة.,2026-07-07T09:49:55.769550+00:00,
google_news,general,https://www.alborsaanews.com/2026/07/06/1978153,"البورصة تستعرض تجربة التكنولوجيا المالية بمؤتمر ""بناء البورصات الإفريقية""",البورصة خاص,2026-07-06 10:12:49+00:00,شاركت البورصة المصرية في فعاليات مؤتمر “بناء البورصات الإفريقية” الذي استضافته بورصة دار السلام في جمهورية تنزانيا المتحدة خلال الفترة من,جريدة البورصة,ar,339,شاركت البورصة المصرية في فعاليات مؤتمر “بناء البورصات الإفريقية” الذي استضافته بورصة دار السلام في جمهورية تنزانيا المتحدة خلال الفترة من 1 إلى 2 يوليو 2026. واستعرضت البورصة المصرية تجربتها في توظيف التكنولوجيا المالية لتسهيل وصول المستثمرين إلى سوق المال المصري، وذلك بمشاركة رؤساء وممثلي البورصات وأسواق المال والمؤسسات المالية من مختلف الدول الإفريقية، ضمن اجتماعات مجلس إدارة اتحاد البورصات الإفريقية. وأكد عمر رضوان، رئيس مجلس إدارة البورصة المصرية، أهمية تعزيز مكانة سوق المال المصري على المستويين الإقليمي والدولي، مشيراً إلى الدور المحوري الذي تلعبه مصر داخل القارة الإفريقية. وأشار إلى أن المرحلة المقبلة ستشهد توسيع التعاون مع مختلف الأطراف الفاعلة في أسواق المال العالمية، بما يسهم في دعم جهود تطوير السوق المصري وتعزيز تنافسيته وجاذبيته أمام المستثمرين. وخلال جلسة نقاشية بعنوان “التكنولوجيا المالية وسهولة الوصول إلى الأسواق”، استعرضت رحاب سلام، مدير عام العلاقات الدولية بالبورصة المصرية، أبرز التطورات التي شهدها السوق المصري في مجال التكنولوجيا المالية، موضحة أن تطبيقات التحول الرقمي أسهمت في توسيع قاعدة المستثمرين، خاصة بين فئة الشباب، في ظل التطورات التشريعية والتنظيمية، وعلى رأسها قانون التكنولوجيا المالية، وتطبيقات التحقق الإلكتروني من الهوية (eKYC). كما تناولت عدداً من المشروعات التي تعمل البورصة المصرية على تنفيذها، من بينها تطبيقات الذكاء الاصطناعي، ومشروع الإفصاح الرقمي باستخدام لغة XBRL، والتوسع في الخدمات والتطبيقات الذكية الموجهة للمستثمرين، إلى جانب استعراض أحدث المستجدات المتعلقة بسوق المشتقات المالية. وأشارت إلى أن هذه المبادرات تعكس التزام البورصة المصرية بتبني أحدث الحلول الرقمية والابتكارات التي تواكب أفضل الممارسات العالمية، بما يسهم في تحسين تجربة المستثمرين، ورفع كفاءة السوق، وتعزيز مستويات الشفافية والإفصاح. وتأتي مشاركة البورصة المصرية في المؤتمر ضمن استراتيجيتها الرامية إلى توسيع التعاون مع الأسواق الإقليمية والدولية، لا سيما داخل القارة الإفريقية، وتعزيز فرص وصول المستثمرين إلى سوق المال المصري، إلى جانب تبادل الخبرات وأفضل الممارسات مع مختلف البورصات والمؤسسات المالية. وعلى هامش المؤتمر، عقد وفد البورصة المصرية سلسلة من اللقاءات مع الرئيس التنفيذي للاتحاد العالمي للبورصات، بحضور عدد من مستشاري الاتحاد، لبحث آفاق التعاون المشترك ومناقشة القضايا ذات الاهتمام المتبادل. كما أجرى لقاءات ثنائية مع ممثلي أسواق المال وعدد من رجال الأعمال المصريين في تنزانيا، بهدف تعزيز التواصل واستكشاف فرص التعاون المستقبلية.,2026-07-07T09:49:57.255608+00:00,
google_news,general,https://almalnews.com/2123237/%D8%A7%D9%84%D8%A8%D9%88%D8%B1%D8%B5%D8%A9-%D8%B9%D9%84%D9%89-%D9%85%D9%88%D8%B9%D8%AF-%D9%85%D8%B9-%D8%A7%D8%AE%D8%AA%D8%A8%D8%A7%D8%B1-%D9%85%D8%B3%D8%AA%D9%88%D9%89-%D8%A7%D9%84%D9%85%D9%82%D8%A7%D9%88%D9%85%D8%A9/,البورصة على موعد مع اختبار مستوى المقاومة عند 52800 نقطة -جريدة المال,,2026-07-07 05:55:05+00:00,توقع محللان فنيان أن تستمر الحركة الإيجابية في البورصة المصرية خلال الفترة المقبلة مدعومة بالدورة الزمنية الجديدة وارتفاع معدلات السيولة,جريدة المال,ar,52,توقع محللان فنيان أن تستمر الحركة الإيجابية في البورصة المصرية خلال الفترة المقبلة، مدعومة بالدورة الزمنية الجديدة وارتفاع معدلات السيولة، مع استهداف المؤشر الرئيسي EGX30 مستوى 55 ألف نقطة، شريطة اختراق مستوى المقاومة عند 52800 نقطة. محتوى للمشتركين فقط اشترك الآن للحصول علي كافة الأخبار الحصرية بالإضافة لإشتراك النسخة الرقمية اشترك الآن,2026-07-07T09:49:57.155940+00:00,
google_news,general,https://almalnews.com/2123148/%D8%A7%D9%84%D8%A8%D9%88%D8%B1%D8%B5%D8%A9-%D8%A7%D9%84%D9%85%D8%B5%D8%B1%D9%8A%D8%A9-%D8%AA%D9%86%D9%87%D9%8A-%D8%AC%D9%84%D8%B3%D8%A9-%D8%A7%D9%84%D9%8A%D9%88%D9%85-%D8%B9%D9%84%D9%89-%D8%A7%D8%B1%D8%AA%D9%81%D8%A7%D8%B9/,البورصة المصرية تنهي جلسة اليوم على ارتفاع جماعي في المؤشرات -جريدة المال,,2026-07-06 12:00:36+00:00,صعد المؤشر الرئيسي EGX30 بنسبة 2.68% ليغلق عند 52502 نقطة,جريدة المال,ar,90,أنهت البورصة المصرية جلسة اليوم الإثنين على ارتفاع جماعي في المؤشرات، وصعد المؤشر الرئيسي EGX30 بنسبة 2.68% ليغلق عند 52502 نقطة، وارتفع مؤشر الأسهم الصغيرة والمتوسطة EGX70 بنسبة 1.12% ليصل إلى 16132 نقطة، واستكمل مؤشر EGX100 سلسلة الصعود بنسبة 1.25% ليغلق عند 21925 نقطة. وسجلت القيمة السوقية بنهاية جلسة اليوم 3.8 تريليون جنيه بتداولات بقيمة 12.2 مليار جنيه، واتجهت تعاملات المستثمرين المصريين للشراء بصافي 199.5 مليون جنيه فيما أتجهت تعاملات العرب والأجانب للبيع بصافي 36.9 و162.5 مليون جنيه على التوالي، وارتفع 147 سهما وانخفض 57 سهما ولم يتغير 19 سهما.,2026-07-07T09:49:57.267804+00:00,
google_news,general,https://almalnews.com/2123254/%C2%AB%D9%85%D8%AF%D9%8A%D9%86%D8%A9-%D9%85%D8%B5%D8%B1-%D9%84%D9%84%D8%A5%D8%B3%D9%83%D8%A7%D9%86%C2%BB-%D8%AA%D8%B4%D8%AA%D8%B1%D9%8A-950-%D8%A3%D9%84%D9%81-%D8%B3%D9%87%D9%85/,«مدينة مصر للإسكان» تشتري 950 ألف سهم خزينة -جريدة المال,,2026-07-07 07:17:12+00:00,أعلنت شركة مدينة مصر للإسكان والتعمير؛ عن قيامها بتنفيذ عملية شراء لأسهم خزينة.,جريدة المال,ar,198,"أعلنت شركة مدينة مصر للإسكان والتعمير؛ عن قيامها بتنفيذ عملية شراء لأسهم خزينة. ​وأفادت الشركة في بيانها المرسل إلى البورصة المصرية، أنها قامت بشراء 950,000 سهم خلال جلسة تداول أمس الإثنين، وجاء ذلك في إطار تنفيذ قرار مجلس إدارتها الصادر بجلسته المنعقدة في 28 يونيو 2026. جدير بالذكر أن القوائم المالية لشركة مدينة مصر للإسكان والتعمير، خلال الربع الأول من العام الجاري؛ كشفت تراجع صافي الربح بنسبة 14.14% بضغط من ارتفاع تكاليف النشاط والمصروفات البيعية والتسويقية. ​وأوضحت الشركة، في وقت سابق، أنها سجلت صافي ربح بلغ 682.510 مليون جنيه خلال الثلاثة أشهر المنتهية في مارس 2026، مقابل أرباح بلغت 794.936 مليون جنيه في الفترة المقارنة من عام 2025. ​وبلغ نصيب حقوق مساهمي الشركة القابضة (الأم) من الأرباح نحو 677.694 مليون جنيه خلال الربع الأول من 2026، مقابل 793.858 مليون جنيه خلال نفس الفترة من العام الماضي. ​وعلى صعيد الإيرادات، قفزت صافي إيرادات نشاط الشركة لتسجل 2.751 مليار جنيه خلال الثلاثة أشهر المنتهية في مارس الماضي، مقارنةً ب 2.562 مليار جنيه في الربع المقارن من العام الماضي. وعلى مستوى الأعمال غير المجمعة؛ تراجع صافي أرباح الشركة المستقلة خلال الربع الأول من العام الجاري إلى 613.035 مليون جنيه، مقارنةً بأرباح بلغت 761.313 مليون جنيه في الربع المقارن من العام الماضي.",2026-07-07T09:49:57.365611+00:00,
google_news,general,https://almalnews.com/2123248/%E2%80%8B%D8%B9%D9%85%D9%88%D9%85%D9%8A%D8%A9-%C2%AB%D8%A3%D8%B3%D9%8A%D9%83-%D9%84%D9%84%D8%AA%D8%B9%D8%AF%D9%8A%D9%86%C2%BB-%D8%AA%D9%82%D8%B1-%D8%AA%D8%AE%D9%81%D9%8A%D8%B6-%D8%B1%D8%A3%D8%B3%D9%85%D8%A7%D9%84%D9%87%D8%A7-%D9%88%D8%AA%D8%B9%D8%AF%D9%8A%D9%84/,​عمومية «أسيك للتعدين» تقر تخفيض رأسمالها وتعديل نصاب انعقاد الجمعية العامة -جريدة المال,,2026-07-07 07:00:35+00:00,وافقت الجمعية العامة غير العادية لشركة أسيك للتعدين (أسكوم) عن نتائج اجتماع جمعيتها العامة غير العادية؛ على تخفيض رأس المال وتعديل النظام الأساسي للشركة.,جريدة المال,ar,139,"وافقت الجمعية العامة غير العادية لشركة أسيك للتعدين (أسكوم) عن نتائج اجتماع جمعيتها العامة غير العادية؛ على تخفيض رأس المال وتعديل النظام الأساسي للشركة. ​وتضمن القرار تخفيض رأسمال الشركة المصدر من خلال إعدام 1,297,569 سهم خزينة. وبناءً على هذا الإجراء، يصبح رأسمال الشركة المصدر 487,024,310 جنيه. ​وأقرت الجمعية تعديل المادة (46) من النظام الأساسي المتعلقة بالنصاب القانوني لصحة انعقاد الجمعية العامة العادية. ​وفقاً للتعديل الجديد، أصبح النص القانوني لانعقاد الجمعية العامة العادية للشركة كالآتي: ​لا يعتبر اجتماع الجمعية صحيحاً إلا بحضور مساهمين يمثلون (ربع) رأس المال المصدر. ​في حال عدم توافر هذا النصاب في الاجتماع الأول، يتم توجيه دعوة لاجتماع ثانٍ يُعقد خلال الثلاثين يوماً التالية للاجتماع الأول، ويجوز الاكتفاء في الدعوة للاجتماع الأول بتحديد موعد الاجتماع الثاني. ​يعتبر الاجتماع الثاني صحيحاً أياً كان عدد الأسهم الممثلة فيه، وتصدر قرارات الجمعية العامة العادية بالأغلبية المطلقة للأسهم الممثلة في الاجتماع",2026-07-07T09:49:58.143734+00:00,
google_news,general,https://amwalalghad.com/2026/07/07/%D8%AA%D8%A8%D8%A7%D9%8A%D9%86-%D9%85%D8%A4%D8%B4%D8%B1%D8%A7%D8%AA-%D8%A7%D9%84%D8%A8%D9%88%D8%B1%D8%B5%D8%A9-%D9%81%D9%8A-%D9%85%D8%B3%D8%AA%D9%87%D9%84-%D8%AA%D8%B9%D8%A7%D9%85%D9%84%D8%A7%D8%AA-3/,تباين مؤشرات البورصة في مستهل تعاملات الثلاثاء | أموال الغد,facebook.com/hatemaskr,2026-07-07 07:38:33+00:00,تباينت مؤشرات البورصة المصرية في مستهل تعاملات الثلاثاء، إذ تراجع المؤشر الرئيسي EGX30 بنسبة 0.01% عند مستوي 52.498 نقطة.,أموال الغد,ar,123,تباينت مؤشرات البورصة المصرية في مستهل تعاملات الثلاثاء، إذ تراجع المؤشر الرئيسي EGX30 بنسبة 0.01% عند مستوي 52.498 نقطة. فيما صعد مؤشر الشريعة الإسلامية بنسبة 0.17% ليصل إلى مستوى 5.900 نقطة، ومؤشر EGX35-LV بنسبة 0.19% إلى 6.134 نقطة. وصعد مؤشر EGX100 بنسبة 0.17% ليصل إلى 21.962 نقطة، فيما ارتفع مؤشر الشركات الصغيرة والمتوسطة EGX70 بنسبة 0.22% ليصل إلى 16.168 نقطة. وسجل رأس المال السوقي نحو 3.810 تريليون جنيه، مقابل 3.807 إغلاق الاثنين لتربح 3 مليارات جنيه. وفيما يتعلق باتجاهات المستثمرين، اتجهت تعاملات العرب والمصريين نحو البيع بصافي بلغ 13.449 مليون جنيه و 4.37 مليونا على التوالي، فيما اتجه الأجانب نحو البيع بصافي 17.825 مليون جنيه. وسجلت قيمة التداولات 1.52 مليار جنيه، من خلال تداول 528 مليون ورقة مالية، عبر تنفيذ 30.8 ألف عملية.,2026-07-07T09:50:03.248192+00:00,
google_news,general,https://www.mobtada.com/economy/1629379/%D8%A7%D8%B1%D8%AA%D9%81%D8%A7%D8%B9-%D8%AC%D9%85%D8%A7%D8%B9%D9%8A-%D9%84%D9%85%D8%A4%D8%B4%D8%B1%D8%A7%D8%AA-%D8%A7%D9%84%D8%A8%D9%88%D8%B1%D8%B5%D8%A9-%D9%85%D8%A7%D8%B0%D8%A7-%D8%AA%D8%B9%D9%86%D9%8A-%D9%85%D9%83%D8%A7%D8%B3%D8%A8-%D8%A8%D8%AF%D8%A7%D9%8A%D8%A9-%D8%AC%D9%84%D8%B3%D8%A9-%D8%A7%D9%84%D8%AB%D9%84%D8%A7%D8%AB%D8%A7%D8%A1-%D9%84%D9%84%D9%85%D8%B3%D8%AA%D8%AB%D9%85%D8%B1%D9%8A%D9%86,ارتفاع جماعي لمؤشرات البورصة.. ماذا تعني مكاسب بداية جلسة الثلاثاء للمستثمرين؟,مبتدا,2026-07-07 07:59:45+00:00,سجلت البورصة المصرية بداية قوية لتعاملات جلسة اليوم الثلاثاء، وسط أداء إيجابي لمعظم المؤشرات الرئيسية، في إشارة إلى استمرار حالة النشاط الشرائي بالسوق، بينما تجاوزت قيم التداول نصف مليار جنيه خلال أول نصف ساعة من الجلسة.,,ar,182,"ارتفاع جماعي لمؤشرات البورصة.. ماذا تعني مكاسب بداية جلسة الثلاثاء للمستثمرين؟ سجلت البورصة المصرية بداية قوية لتعاملات جلسة اليوم الثلاثاء، وسط أداء إيجابي لمعظم المؤشرات الرئيسية، في إشارة إلى استمرار حالة النشاط الشرائي بالسوق، بينما تجاوزت قيم التداول نصف مليار جنيه خلال أول نصف ساعة من الجلسة. مكاسب جماعية للمؤشرات ارتفع المؤشر الرئيسي EGX30 بنسبة 0.12% ليسجل 52،566 نقطة، كما صعد مؤشر EGX30 محدد الأوزان بنسبة 0.1% إلى 64،561 نقطة، وارتفع مؤشر EGX30 للعائد الكلي بنسبة 0.07% إلى 24،511 نقطة، فيما حقق مؤشر EGX35-LV أكبر المكاسب بين المؤشرات الرئيسية بنسبة 0.43% مسجلا 6،148 نقطة. وامتدت الارتفاعات إلى أسهم الشركات الصغيرة والمتوسطة، حيث صعد مؤشر EGX70 متساوي الأوزان بنسبة 0.42% إلى 16،201 نقطة، كما ارتفع EGX100 متساوي الأوزان بنسبة 0.34% إلى 22،000 نقطة، وسجل مؤشر الشريعة الإسلامية ارتفاعا طفيفا بنسبة 0.03%، بينما خالف مؤشر ""تميز"" الاتجاه العام متراجعا بنسبة 0.55%. ماذا تعني هذه التحركات؟ يعكس الأداء الإيجابي للمؤشرات استمرار شهية المستثمرين تجاه الأسهم المصرية في مستهل تعاملات الأسبوع، خاصة مع ارتفاع قيم التداول، وهو ما يشير إلى نشاط ملحوظ في عمليات الشراء، مع ترقب المستثمرين لتطورات السوق ونتائج أعمال الشركات خلال الفترة المقبلة.",2026-07-07T09:49:59.717320+00:00,
google_news,general,https://www.erembusiness.com/markets/np4tbpv,مصر.. تحديد المقابل المالي لخدمات تسوية العقود الآجلة في البورصة - إرم بزنس,,2026-07-06 12:16:06+00:00,مصر.. تحديد المقابل المالي لخدمات تسوية العقود الآجلة في البورصة&nbsp;&nbsp;إرم بزنس,إرم بزنس,ar,,,2026-07-07T09:49:58.885530+00:00,Extraction failed: Failed to fetch: 403 Client Error: Forbidden for url: https://www.erembusiness.com/markets/np4tbpv
google_news,general,https://alboslanews.com/%D8%A8%D9%86%D9%88%D9%83-%D9%88-%D8%AA%D8%A3%D9%85%D9%8A%D9%86/%D8%A7%D9%84%D9%8A%D9%88%D9%85-%D8%A5%D8%AA%D8%A7%D8%AD%D8%A9-%D8%A7%D9%84%D8%AA%D8%AF%D8%A7%D9%88%D9%84-%D8%B9%D9%84%D9%89-%D8%A3%D8%B0%D9%88%D9%86-%D8%AE%D8%B2%D8%A7%D9%86%D8%A9-%D9%81%D9%8A-%D8%A7%D9%84%D8%A8%D9%88%D8%B1%D8%B5%D8%A9-%D8%A8%D9%80-251-%D9%85%D9%84%D9%8A%D8%A7%D8%B1-%D8%AC%D9%86%D9%8A%D9%87-422971,اليوم.. إتاحة التداول على أذون خزانة في البورصة ب 25.1 مليار جنيه,,2026-07-07 07:06:10+00:00,اليوم.. إتاحة التداول على أذون خزانة في البورصة ب 25.1 مليار جنيه,,,12,اليوم.. إتاحة التداول على أذون خزانة في البورصة ب 25.1 مليار جنيه,2026-07-07T09:50:00.265139+00:00,
google_news,general,https://www.youm7.com/story/2026/7/6/%D8%A8%D8%B4%D8%B1%D9%89-%D8%B3%D8%A7%D8%B1%D8%A9-%D9%84%D9%84%D9%85%D8%B3%D8%AA%D8%AB%D9%85%D8%B1%D9%8A%D9%86-%D8%A7%D9%84%D8%B1%D9%82%D8%A7%D8%A8%D8%A9-%D8%A7%D9%84%D9%85%D8%A7%D9%84%D9%8A%D8%A9-%D8%AA%D8%B9%D9%81%D9%8A-%D9%87%D8%B0%D9%87-%D8%A7%D9%84%D8%AE%D8%AF%D9%85%D8%A7%D8%AA-%D9%85%D9%86-%D8%A7%D9%84%D8%B1%D8%B3%D9%88%D9%85/7472881,بشرى سارة للمستثمرين.. الرقابة المالية تعفي هذه الخدمات من الرسوم لتنشيط البورصة - اليوم السابع,كتب هانى الحوتى,2026-07-06 11:12:00+00:00,أصدر مجلس إدارة الهيئة العامة للرقابة المالية برئاسة الدكتور إسلام عزام، قرارًا بتحديد مقابل خدمات التقاص والتسوية المقدمة في عمليات تسوية العقود الآجلة بالبورصة.,اليوم السابع,ar,597,"أصدر مجلس إدارة الهيئة العامة للرقابة المالية برئاسة الدكتور إسلام عزام، قرارًا بتحديد مقابل خدمات التقاص والتسوية المقدمة في عمليات تسوية العقود الآجلة بالبورصة، وذلك في إطار استكمال الإطار التنظيمي لسوق المشتقات، بما يكفل تنشيطها وجاهزية جميع أطراف السوق، بالتعاون مع مجلس إدارة البورصة المصرية. وتقدم هذه الخدمات من خلال شركة ""تسويات لخدمات التقاص"" وهي الجهة المُرخص لها من الهيئة العامة للرقابة المالية بمزاولة نشاط المقاصة والتسوية للعقود التي يُجرى التعامل عليها في بورصات العقود الآجلة، حيث تلعب دورًا محوريًا في إدارة وتقييم المخاطر على مستوى حساب العميل لأعضاء تداول وتسوية المشتقات المالية، فضلًا عن إدارة مخاطر الطرف المقابل في عمليات التداول، بما يدعم سلامة واستقرار سوق المال. إعفاء عدد من الخدمات من سداد المقابل المادي وينص القرار الذي يحمل رقم (110) لسنة 2026 ونُشر في ""الوقائع المصرية"" على إعفاء عدد من الخدمات من سداد المقابل المادي لمدة عام، بما يعكس التزام الهيئة والبورصة بتطوير البنية الإجرائية والفنية لسوق رأس المال، وتنويع الأدوات الاستثمارية، وتعزيز كفاءة إدارة المخاطر بما يتوافق مع أفضل المعايير والممارسات الدولية. وتشمل الخدمات التي تقرر إعفاؤها لمدة عام من تاريخ العمل بالقرار، كلًا من: تنفيذ العمليات بالإنابة والتسوية النهائية للعقود، وتحويل المراكز بين أعضاء التسوية، وإصدار كشوف الحساب، وإضافة مستخدمين للنظام، وخدمات الربط الآلي بنظام التسوية، كما يتضمن القرار ثلاث خدمات مجانية هي: فتح حساب للعميل، ومصاريف الإيداع النقدي، ومصاريف السحب النقدي. وأكد الدكتور إسلام عزام، رئيس الهيئة العامة للرقابة المالية ، أن بدء تداول العقود المستقبلية بعد تدشين سوق المشتقات يمثل محطة مهمة في مسار تطوير البورصة المصرية، باعتبارها إحدى الأدوات الرئيسية لتطوير سوق رأس المال المصري، وأن الهيئة تستهدف تشجيع الاستثمار في هذه الأدوات لتصبح خيارًا استثماريًا حيويًا أمام مختلف شرائح المتعاملين يساعد على تنويع الفرص الاستثمارية المتاحة وتعميق السوق. وأضاف رئيس الهيئة أن القرار يحقق التوازن بين توفير مقابل مناسب للخدمات التي تقدمها شركة التسوية وبين تشجيع أعضاء السوق والمتعاملين على المشاركة في سوق العقود الآجلة في مرحلة الإطلاق، كما أن الإعفاء المؤقت لبعض الخدمات يمثل حافزًا عمليًا للمستثمرين وشركات الوساطة الحاصلة على ترخيص لمزاولة نشاطها في العقود الآجلة المشتقة من الأوراق والأدوات المالية، بما يساعد على توسيع النشاط وزيادة جاذبيته. وكانت البورصة المصرية قد دشنت سوق المشتقات المالية تزامنًا مع اندلاع حرب إيران الأخيرة، في خطوة أكدت ما تحظى به مصر من استقرار وفرص للازدهار على الرغم من التغيرات الجيوسياسية الحادة، وخلال شهر يونيو الماضي أطلقت البورصة المصرية عقودًا مستقبلية على اثنين من الأسهم القيادية بالسوق. كما أصدرت الهيئة العامة للرقابة المالية سلفًا قرار مجلس الإدارة رقم (7) لسنة 2026 بشأن متطلبات وشروط الترخيص بمزاولة نشاط الوساطة في العقود الآجلة، وأصدرت موافقتها بالفعل لعدد من الشركات بعد استيفاء الاشتراطات والمتطلبات المالية والفنية. - تفاصيل الخدمات والمقابل المالي المحدد: -مقابل العضوية لعضو التسوية: 20 ألف جنيه تُحصّل مرة واحدة. -الاشتراك السنوي لعضو التسوية: 10 آلاف جنيه سنويًا، ويشمل استخدام شاشة واحدة لنظام التسوية. -فتح حساب للعميل: مجانًا. -خدمات التسوية: واحد في العشرة آلاف من قيمة العملية، وبحد أقصى 5 آلاف جنيه أو ما يعادلها بعملة التداول أو التسوية. -مصاريف الإيداع النقدي: مجانًا. -مصاريف السحب النقدي: مجانًا. -تنفيذ العمليات بالإنابة: واحد في الألف من قيمة العملية، وبحد أقصى 5 آلاف جنيه أو ما يعادلها بعملة التداول أو التسوية. (إعفاء لمدة عام). -التسوية النهائية: واحد في العشرة آلاف من قيمة المراكز المفتوحة في تاريخ انتهاء العقد، وبحد أقصى 5 آلاف جنيه أو ما يعادلها بعملة التداول أو التسوية. (إعفاء لمدة عام). -تحويل مراكز عضو تسوية إلى عضو تسوية آخر: واحد في الألف من قيمة المراكز المفتوحة، وبحد أقصى 5 آلاف جنيه أو ما يعادلها بعملة التداول أو التسوية. (إعفاء لمدة عام). -إصدار كشف حساب: 100 جنيه لكل كشف. (إعفاء لمدة عام). -إضافة مستخدم للنظام: 5 آلاف جنيه سنويًا. (إعفاء لمدة عام). -الربط الآلي بنظام التسوية: 50 ألف جنيه سنويًا. (إعفاء لمدة عام).",2026-07-07T09:49:59.855008+00:00,
google_news,general,https://www.cnbcarabia.com/episode/16644/%D8%A7%D9%84%D9%85%D8%B4%D8%AA%D8%B1%D9%8A%D8%A7%D8%AA-%D8%A7%D9%84%D9%85%D8%AD%D9%84%D9%8A%D8%A9-%D8%AA%D8%AF%D8%B9%D9%85-%D8%A7%D9%84%D9%85%D9%83%D8%A7%D8%B3%D8%A8-%D8%A7%D9%84%D8%AC%D9%85%D8%A7%D8%B9%D9%8A%D8%A9-%D9%84%D8%A8%D9%88%D8%B1%D8%B5%D8%A9-%D9%85%D8%B5%D8%B1-%D9%81%D9%8A-%D8%AB%D8%A7%D9%86%D9%8A-%D8%AC%D9%84%D8%B3%D8%A7%D8%AA-%D8%A7%D9%84%D8%A3%D8%B3%D8%A8%D9%88%D8%B9,المشتريات المحلية تدعم المكاسب الجماعية لبورصة مصر في ثاني جلسات الأسبوع,,2026-07-06 14:39:16+00:00,أنهت البورصة المصرية جلسة الإثنين بالمنطقة الخضراء بدعم من المشتريات المحلية؛ حيث أغلق المؤشر الثلاثيني الرئيسي على ارتفاع للجلسة الرابعة على التوالي وبنسبة 2.68% عند مستوى 52502.74 نقطة.,CNBC Arabia,ar,248,المشتريات المحلية تدعم المكاسب الجماعية لبورصة مصر في ثاني جلسات الأسبوع بورصة مصر: -المشتريات المحلية تدعم المكاسب الجماعية لبورصة مصر في ثاني جلسات الأسبوع -مؤشر EGX30 يرتفع للجلسة الرابعة على التوالي بدعم من أسهم CIB وطلعت مصطفى وفوري للمدفوعات الإلكترونية -سهما البنك التجاري الدولي وطلعت مصطفى يواصلات تحقيق المكاسب للجلسة الثانية على التوالي -سهم فوري للمدفوعات الإلكترونية يرتفع للجلسة الثالثة على التوالي -أكثر من 12 مليار جنيه سيولة البورصة المصرية في ثاني جلسات الأسبوع أنهت البورصة المصرية جلسة الإثنين بالمنطقة الخضراء بدعم من المشتريات المحلية؛ حيث أغلق المؤشر الثلاثيني الرئيسي على ارتفاع للجلسة الرابعة على التوالي وبنسبة 2.68% عند مستوى 52502.74 نقطة. وجاء الدعم من أسهم البنك التجاري الدولي الذي ارتفع للجلسة الثانية على التوالي، وسهم طلعت مصطفى الذي واصل تحقيق المكاسب للجلسة الثانية على التوالي، كما واصل سهم فوري للمدفوعات الإلكترونية مكاسبه اليومية لثلاث جلسات متتالية. كما أغلق المؤشر السبعيني على مكاسب قدرها 1.12% بنهاية الجلسة عند مستوى 16132.98 نقطة. وأغلق المؤشر المئوي على ارتفاع بنسبة 1.25% عند 21925.59 نقطة. وحول إجمالي قيمة التداولات، فقد بلغت 12.2 مليار جنيه مصري، وأحجام التداول نحو 4.9 مليار سهم. وذلك بإجمالي عدد عمليات بلغ 225.5 ألف عملية. كما سجل رأس المال السوقي للبورصة المصرية بنهاية التعاملات 3.8 تريليون جنيه. هذا وشهدت أسهم 147 شركة ارتفاعاً، بينما انخفضت أسهم 57 شركة، وأسهم 19 شركة لم تتغير. ومن حيث تعاملات الأفراد والمؤسسات، فقد استحوذ الأفراد على 75.36% من إجمالي التداولات بالسوق، فيما شكلت المؤسسات 24.63% من التداولات. كما استحوذ المتعاملين العربعلى 3.92% من إجمالي التعاملات، فيما سجلت تعاملات الأجانب 6.36% والمصريين 89.72%.,2026-07-07T09:50:01.164859+00:00,
google_news,general,https://alboslanews.com/%D8%A3%D8%B3%D9%88%D8%A7%D9%82-%D9%85%D8%A7%D9%84/519-%D9%85%D9%84%D9%8A%D8%A7%D8%B1-%D8%AC%D9%86%D9%8A%D9%87-%D8%AA%D8%AF%D8%A7%D9%88%D9%84%D8%A7%D8%AA-%D8%A3%D8%B0%D9%88%D9%86-%D8%A7%D9%84%D8%AE%D8%B2%D8%A7%D9%86%D8%A9-%D8%A8%D8%A7%D9%84%D8%A8%D9%88%D8%B1%D8%B5%D8%A9-%D8%A7%D9%84%D9%85%D8%B5%D8%B1%D9%8A%D8%A9-%D8%A7%D9%84%D9%8A%D9%88%D9%85-6-%D9%8A%D9%88%D9%84%D9%8A%D9%88-2026-422957,51.9 مليار جنيه.. تداولات أذون الخزانة بالبورصة المصرية اليوم 6 يوليو 2026,,2026-07-06 12:11:50+00:00,51.9 مليار جنيه.. تداولات أذون الخزانة بالبورصة المصرية اليوم 6 يوليو 2026,,,12,51.9 مليار جنيه.. تداولات أذون الخزانة بالبورصة المصرية اليوم 6 يوليو 2026,2026-07-07T09:50:01.762866+00:00,
google_news,general,https://www.mubasher.info/news/4637133/%D8%A3%D8%B3%D9%87%D9%85-%D8%B4%D8%B1%D9%83%D8%A7%D8%AA-%D8%B9%D9%82%D8%A7%D8%B1%D9%8A%D8%A9-%D8%AA%D8%AA%D8%B5%D8%AF%D8%B1-%D9%82%D8%A7%D8%A6%D9%85%D8%A9-%D8%A7%D9%84%D8%A3%D9%83%D8%AB%D8%B1-%D8%A7%D8%B1%D8%AA%D9%81%D8%A7%D8%B9-%D8%A7-%D9%81%D9%8A-%D8%A8%D9%88%D8%B1%D8%B5%D8%A9-%D9%85%D8%B5%D8%B1-%D8%A7%D9%84%D9%8A%D9%88%D9%85/,أسهم شركات عقارية تتصدر قائمة الأكثر ارتفاعًا في بورصة مصر اليوم,,2026-07-06 14:02:00+00:00,القاهرة - مباشر: تصدرت شركة المتحدة للإسكان والتعمير، قائمة الأسهم الأكثر ارتفاعًا خلال تعاملات جلسة الأثنين، بينما تصدرت شركة تايكون انفستمنتس هولدنج قائمة الأسهم الأكثر انخفاضًا. وبحسب بيانات البورصة المصرية اليوم الأثنين، تصدرت قائمة الأسهم …,,ar,105,القاهرة - مباشر: تصدرت شركة المتحدة للإسكان والتعمير، قائمة الأسهم الأكثر ارتفاعًا خلال تعاملات جلسة الأثنين، بينما تصدرت شركة تايكون انفستمنتس هولدنج قائمة الأسهم الأكثر انخفاضًا. وبحسب بيانات البورصة المصرية اليوم الأثنين، تصدرت قائمة الأسهم الأكثر ارتفاعاً: المتحدة للاسكان والتعمير: بنسبة ارتفاع 19.99%. مجموعة النعيم العقارية القابضة: بنسبة ارتفاع 11.72%. مينا للاستثمار السياحي والعقاري: بنسبة ارتفاع 10.16%. المشروعات الصناعية والهندسية: بنسبة ارتفاع 9.59%. جورميه ايجيبت دوت كوم للاغذية: بنسبة ارتفاع 9.53%. الأسهم الأكثر انخفاضاً تايكون انفستمنتس هولدنج: بنسبة انخفاض 4.68%. كرستمارك للمقاولات والتطوير العقاري: بنسبة انخفاض 4.41%. جولدن تكس للاصواف: بنسبة انخفاض 4.22%. مصر للاسواق الحرة: بنسبة انخفاض 3.26%. المصرية للمنتجات السياحية: بنسبة انخفاض 3.07%.,2026-07-07T09:50:02.631137+00:00,
google_news,general,https://www.alborsaanews.com/2026/07/06/1978140,"""نوفيدا"" تتكبد خسائر 1.6 مليون جنيه في الربع الأول",https://www.facebook.com/hady.fawzy16,2026-07-06 10:12:49+00:00,ارتفعت خسائر شركة نوفيدا للاستثمار والتكنولوجيا، بنسبة 7.4% خلال الربع الأول من العام الجاري، لتصل 1.59 مليون جنيه، مقارنة بخسائر 1.48 مليون جنيه في نفس الفترة من العام السابق.,جريدة البورصة,ar,365,ارتفعت خسائر شركة نوفيدا للاستثمار والتكنولوجيا، بنسبة 7.4% خلال الربع الأول من العام الجاري، لتصل 1.59 مليون جنيه، مقارنة بخسائر 1.48 مليون جنيه في نفس الفترة من العام السابق. وانخفضت إيرادات الشركة لتصل 275.57 ألف جنيه خلال الربع الأول، مقابل 2.13 مليون جنيه في الربع المقارن من العام الماضي. وكانت وافقت الجمعية العامة العادية لشركة “نوفيدا للاستثمار والتكنولوجيا” على انتخاب وضم أعضاء مجلس إدارة جدد باستخدام التصويت التراكمي وقبول عضوية 4 أعضاء بمجلس الإدارة. وكشفت الشركة عن قبول كلًا من يوسف بن أحمد بن محمد القاسم الزهراني عضو مجلس إدارة مستقل، وهشام أحمد فؤاد محمد عطا عضو مجلس إدارة مستقل، ومرفت منير عبد العزيز محمد عضو مجلس إدارة مستقل، ونهاد أحمد إبراهيم السيد عضو مجلس إدارة مستقل. ووافق مجلس الإدارة على على فتح محفظة أوراق مالية للشركة وتفويض رئيس مجلس الإدارة في إدارتها وذلك بعد الانتهاء من الإجراءات القانونية كافة والحصول على موافقات الجهات المعنية وتعديل المادة 3 من النظام الأساسي للشركة وفقاً للمادة 18 من قواعد قيد وشطب الأوراق المالية للبورصة المصرية. وقررت شركة “نوفيدا للإستثمار والتكنولوجيا”، تكليف لجنة الاستثمار في البحث عن فرص استثمارية ودراستها في القطاعات التي تستهدف الشركة إضافتها وقيام اللجنة بالمفاضلة بين الفرص المتاحة. وتقرر كذلك تعديل غرض الشركة ودعوة العمومية للنظر في تعديل المواد 3 و23 من لنظام الأساسي. وكشفت شركة نوفيدا للإستثمار والتكنولوجيا، عن إنفاق 12.45 مليون جنيه من متحصلات زيادة رأس المال البالغة 20 مليون جنيه، والمقيدة في 4 فبراير 2024. وأضافت الشركة، أن القيمة المتبقية من متحصلات الاكتتاب 4.5 مليون جنيه. واستعرضت الشركة تفاصيل وضع الانفاق مقارنة بما تم الإفصاح عنه في نشرة الاكتتاب: 3.265 مليون جنيه شراء عدد (410) ماكينة pos. 2.49 مليون جنيه مصاريف تشغيلية (مرتبات وإيجار وسيرفرات وعمومية أخرى). 1.824 مليون جنيه من حساب شراء سيستم من شركة طلقة باي. 700 الف جنيه دورة تشغيلية لماكينات pos. 342 ألف جنيه ربط سيستم طلقة بفوري. 103 ألف جنيه شراء أجهزة وأثاث للموظفين. 773.17 ألف جنيه سداد التزامات لمصلحة الضرائب. 219.63 ألف جنيه سداد التزامات للهيئة العامة للتأمينات. 2.74 مليون جنيه دعم نشاط أودو ERP. واعتمد مجلس إدارة شركة نوفيدا للاستثمار والتكنولوجيا حزمة من الإجراءات العاجلة والشاملة لتوفيق أوضاع الشركة، استجابة لبيان الهيئة العامة للرقابة المالية وحرصاً على حماية حقوق المتعاملين بالسوق، بما يضمن العمل في بيئة مالية آمنة ومستقرة تعزز ثقة الجهات الرقابية والمستثمرين.,2026-07-07T09:50:02.107207+00:00,
google_news,general,https://almalnews.com/2123107/%D8%A7%D9%84%D8%A8%D9%88%D8%B1%D8%B5%D8%A9-%D8%A7%D9%84%D9%85%D8%B5%D8%B1%D9%8A%D8%A9-%D8%AA%D8%B4%D8%A7%D8%B1%D9%83-%D9%81%D9%8A-%D9%85%D8%A4%D8%AA%D9%85%D8%B1-%C2%AB%D8%A8%D9%86%D8%A7%D8%A1-%D8%A7%D9%84%D8%A8%D9%88%D8%B1%D8%B5%D8%A7%D8%AA/,البورصة المصرية تشارك في مؤتمر «بناء البورصات الأفريقية» في تنزانيا -جريدة المال,,2026-07-06 09:50:06+00:00,"شاركت البورصة المصرية في جلسة نقاشية حول التكنولوجيا المالية وسهولة الوصول إلى الأسواق ضمن فعاليات مؤتمر ""بناء البورصات الأفريقية",جريدة المال,ar,364,"شاركت البورصة المصرية في جلسة نقاشية حول التكنولوجيا المالية وسهولة الوصول إلى الأسواق ضمن فعاليات مؤتمر ""بناء البورصات الإفريقية"" الذي استضافته بورصة دار السلام بجمهورية تنزانيا المتحدة خلال الفترة من 1 إلى 2 يوليو، بمشاركة عدد كبير من رؤساء وممثلي البورصات وأسواق المال والمؤسسات المالية الأفريقية والدولية في اجتماعات مجلس إدارة اتحاد البورصات الأفريقية. وأكد عمر رضوان رئيس مجلس إدارة البورصة المصرية على ضرورة تعزيز مكانة سوق المال المصري ضمن منظومة أسواق المال الإقليمية والدولية، مشددًا على أهمية الدور الذي تضطلع به مصر داخل القارة الأفريقية، مشيرا إلى أن المرحلة المقبلة ستشهد حراكًا دوليًا بالتعاون مع مختلف أطراف سوق المال، بما يدعم جهود تطوير السوق ويعزز تنافسيته وجاذبيته الاستثمارية. وخلال الجلسة النقاشية، استعرضت رحاب سلام مدير عام العلاقات الدولية بالبورصة المصرية تجربة توظيف التكنولوجيا المالية لتوسيع قاعدة المستثمرين في مصر وتعزيز سهولة الوصول إلى السوق، مؤكدة أن السوق المصرية شهدت خلال الفترة الماضية نموًا ملحوظًا وتضاعفًا في أعداد المستثمرين الجدد خاصة من فئة الشباب، وذلك في ظل الدعم الذي تم توجيهه لملف التطورات التشريعية والتنظيمية، وفي مقدمتها قانون التكنولوجيا المالية وتطبيقات التحقق الإلكتروني من الهوية (eKYC). كما استعرضت سلام عددًا من المشروعات التي تعمل البورصة المصرية على تنفيذها، من بينها تطبيقات الذكاء الاصطناعي، ومشروع الإفصاح الرقمي باستخدام لغة XBRL، والتوسع في التطبيقات الذكية للمستثمرين، إلى جانب أحدث التطورات في سوق المشتقات المالية. كما سلطت مدير عام العلاقات الدولية بالبورصة المصرية الضوء على أداء المؤشرات في السوق المصرية، وما تمثله تلك الأدوات من أهمية في تعزيز كفاءة السوق وزيادة تنافسيته وجاذبيته أمام المستثمرين. وأكدت رحاب سلام أن البورصة المصرية تواصل تبني المبادرات التكنولوجية والابتكارات التي تسهم في تحسين تجربة المستثمرين المحليين والأجانب، وفقًا لأفضل الممارسات العالمية، بما يدعم كفاءة السوق ويعزز مستويات الشفافية والإفصاح. تأتي هذه المشاركة في إطار استراتيجية البورصة المصرية الهادفة إلى تعزيز انفتاحها على الأسواق الإقليمية والدولية خاصة الأفريقية ودعم جهود تطوير سهولة وصول المستثمرين إلى سوق المال المصري وإبراز التطورات التي يشهدها، إلى جانب تبادل الخبرات وأفضل الممارسات مع مختلف أسواق المال. وعلى هامش المؤتمر، عقدت سلسلة من اللقاءات مع الرئيس التنفيذي للاتحاد العالمي للبورصات، بحضور مستشارين من الاتحاد، لبحث عدد من الموضوعات ذات الاهتمام المشترك وسبل تعزيز التعاون بين الجانبين كما تم عقد عدد من اللقاءات الثنائية مع بعض ممثلي أسواق المال ورجال الأعمال المصريين في تنزانيا، بهدف تعزيز التواصل.",2026-07-07T09:50:02.752943+00:00,
google_news,general,https://fintechgate.net/245874,البورصة المصرية تستعرض تجربتها في استخدام التكنولوجيا المالية خلال مؤتمر البورصات الإفريقية بتنزانيا,,2026-07-06 09:57:07+00:00,شاركت البورصة المصرية في جلسة نقاشية بعنوان التكنولوجيا المالية وسهولة الوصول إلى الأسواق ضمن فعاليات مؤتمر بناء البورصات الإفريقية الذي استضافته بورصة دار السلام في تنزانيا خلال ا,بوابة التكنولوجيا المالية – Fintechgate - fintechgate,ar-eg,276,"بينها تطبيقات الذكاء الاصطناعي والإفصاح الرقمي وتطبيقات المستثمرين شاركت البورصة المصرية في جلسة نقاشية بعنوان ""التكنولوجيا المالية وسهولة الوصول إلى الأسواق"" ضمن فعاليات مؤتمر ""بناء البورصات الإفريقية"" الذي استضافته بورصة دار السلام في تنزانيا خلال الفترة من 1 إلى 2 يوليو، بمشاركة رؤساء وممثلي البورصات وأسواق المال والمؤسسات المالية الإفريقية والدولية، على هامش اجتماعات مجلس إدارة اتحاد البورصات الإفريقية. وأكد عمر رضوان، رئيس مجلس إدارة البورصة المصرية، أهمية تعزيز مكانة سوق المال المصري ضمن منظومة أسواق المال الإقليمية والدولية، مشيرًا إلى أن المرحلة المقبلة ستشهد حراكًا دوليًا بالتعاون مع مختلف أطراف السوق، بما يدعم جهود التطوير ويعزز تنافسية السوق وجاذبيته الاستثمارية. وخلال الجلسة، استعرضت رحاب سلام، مدير عام العلاقات الدولية بالبورصة المصرية، تجربة السوق في توظيف التكنولوجيا المالية لتوسيع قاعدة المستثمرين وتعزيز سهولة الوصول إلى السوق، موضحة أن السوق شهد نموًا ملحوظًا وتضاعفًا في أعداد المستثمرين الجدد، خاصة من فئة الشباب، بدعم من التطورات التشريعية والتنظيمية، وفي مقدمتها قانون التكنولوجيا المالية وتطبيقات التحقق الإلكتروني من الهوية (eKYC). كما استعرضت سلام أبرز المشروعات التي تعمل عليها البورصة المصرية، والتي تشمل تطبيقات الذكاء الاصطناعي، ومشروع الإفصاح الرقمي باستخدام لغة XBRL، والتوسع في التطبيقات الذكية للمستثمرين، إلى جانب أحدث التطورات في سوق المشتقات المالية، مؤكدة أن هذه المبادرات تسهم في رفع كفاءة السوق وتعزيز الشفافية والإفصاح وفقًا لأفضل الممارسات العالمية. وتأتي مشاركة البورصة المصرية في إطار استراتيجيتها لتعزيز التعاون مع الأسواق الإقليمية والدولية، خاصة داخل القارة الإفريقية، ودعم سهولة وصول المستثمرين إلى سوق المال المصري، إلى جانب تبادل الخبرات وأفضل الممارسات مع مختلف أسواق المال. وعلى هامش المؤتمر، عقد وفد البورصة المصرية سلسلة لقاءات مع مسؤولي الاتحاد العالمي للبورصات، إلى جانب لقاءات ثنائية مع ممثلي أسواق المال ورجال أعمال مصريين في تنزانيا، لبحث فرص التعاون وتعزيز التواصل بين الجانبين.",2026-07-07T09:50:03.456045+00:00,
google_news,general,https://alboslanews.com/%D8%A3%D8%B3%D9%88%D8%A7%D9%82-%D9%85%D8%A7%D9%84/%D8%A3%D9%83%D8%AB%D8%B1-%D8%A7%D9%84%D8%A3%D8%B3%D9%87%D9%85-%D8%A7%D8%B1%D8%AA%D9%81%D8%A7%D8%B9%D9%8B%D8%A7-%D9%88%D8%A7%D9%86%D8%AE%D9%81%D8%A7%D8%B6%D9%8B%D8%A7-%D8%A8%D8%A7%D9%84%D8%A8%D9%88%D8%B1%D8%B5%D8%A9-%D8%A7%D9%84%D9%85%D8%B5%D8%B1%D9%8A%D8%A9-%D9%81%D9%8A-%D8%AC%D9%84%D8%B3%D8%A9-6-%D9%8A%D9%88%D9%84%D9%8A%D9%88-2026-422964,أكثر الأسهم ارتفاعًا وانخفاضًا بالبورصة المصرية في جلسة 6 يوليو 2026,,2026-07-06 13:52:17+00:00,أكثر الأسهم ارتفاعًا وانخفاضًا بالبورصة المصرية في جلسة 6 يوليو 2026,,,11,أكثر الأسهم ارتفاعًا وانخفاضًا بالبورصة المصرية في جلسة 6 يوليو 2026,2026-07-07T09:50:04.015573+00:00,
google_news,general,https://www.mubasher.info/news/4637076/%D8%A8%D9%88%D8%B1%D8%B5%D8%A9-%D9%85%D8%B5%D8%B1-%D8%AA%D9%82%D9%81%D8%B2-2-68-%D9%85%D8%AA%D8%AC%D8%A7%D9%88%D8%B2%D8%A9-%D9%85%D8%B3%D8%AA%D9%88%D9%89-52500-%D9%86%D9%82%D8%B7%D8%A9-%D9%88%D9%82%D9%8A%D9%85-%D8%A7%D9%84%D8%AA%D8%AF%D8%A7%D9%88%D9%84-%D8%AA%D9%81%D9%88%D9%82-12-%D9%85%D9%84%D9%8A%D8%A7%D8%B1-%D8%AC%D9%86%D9%8A%D9%87/,بورصة مصر تقفز 2.68% متجاوزة مستوى 52500 نقطة.. وقيم التداول تفوق 12 مليار جنيه,,2026-07-06 12:05:51+00:00,"القاهرة - مباشر: واصلت مؤشرات البورصة المصرية أدائها الإيجابي لتغلق على ارتفاع جماعي بنهاية تعاملات جلسة اليوم الأثنين. وفي الختام ارتفع المؤشر الرئيسي للبورصة ""EGX30"" نحو 2.68% عند مستوى 52502.74 نقطة. فيما صعد مؤشر الشركات المتوسطة والصغيرة …",,ar,149,"القاهرة - مباشر: واصلت مؤشرات البورصة المصرية أدائها الإيجابي لتغلق على ارتفاع جماعي بنهاية تعاملات جلسة اليوم الأثنين. وفي الختام ارتفع المؤشر الرئيسي للبورصة ""EGX30"" نحو 2.68% عند مستوى 52502.74 نقطة. فيما صعد مؤشر الشركات المتوسطة والصغيرة ""EGX70"" متساوي الأوزان 1.12% عند مستوى 16132.98 نقطة، بينما صعد المؤشر الأوسع نطاقاً ""EGX100"" متساوي الأوزان 1.25% عند مستوى 21925.59 نقطة. وتم التداول في تلك الأثناء على 4.89 مليار سهم، بقيمة تداول بلغت 12.226 مليار جنيه عبر 225.5 ألف عملية. وعلى صعيد حركة الأسهم، شهدت جلسة اليوم التعامل على 223 سهماً خلال الجلسة، ارتفع منها 147 سهماً، وتراجعت أسعار 57 سهماً، في حين استقرت أسعار 19 سهماً دون تغيير. الأسهم الأكثر ارتفاعاً خلال جلسة التداول وعلى صعيد الأسهم المرتفعة تصدر المتحدة للاسكان والتعمير الصعود بنحو 19.99% يليه مجموعة النعيم العقارية القابضة بنحو 11.72%. الأسهم الأكثر انخفاضاً خلال جلسة التداول وتصدر تايكون انفستمنتس هولدنج وكرستمارك للمقاولات والتطوير العقاري تراجعات السوق بنحو 4.68%، و4.41%.",2026-07-07T09:50:06.294324+00:00,
google_news,general,https://www.mubasher.info/news/4636964/%D8%A8%D9%88%D8%B1%D8%B5%D8%A9-%D9%85%D8%B5%D8%B1-%D8%AA%D8%B3%D8%AA%D8%B9%D8%B1%D8%B6-%D8%AA%D8%AC%D8%B1%D8%A8%D8%A9-%D8%A7%D9%84%D8%AA%D9%83%D9%86%D9%88%D9%84%D9%88%D8%AC%D9%8A%D8%A7-%D8%A7%D9%84%D9%85%D8%A7%D9%84%D9%8A%D8%A9-%D9%81%D9%8A-%D9%85%D8%A4%D8%AA%D9%85%D8%B1-%D8%A7%D9%84%D8%A8%D9%88%D8%B1%D8%B5%D8%A7%D8%AA-%D8%A7%D9%84%D8%A5%D9%81%D8%B1%D9%8A%D9%82%D9%8A%D8%A9-%D8%A8%D8%AA%D9%86%D8%B2%D8%A7%D9%86%D9%8A%D8%A7/,بورصة مصر تستعرض تجربة التكنولوجيا المالية في مؤتمر البورصات الإفريقية بتنزانيا,,2026-07-06 10:08:49+00:00,"القاهرة- مباشر: شاركت البورصة المصرية في جلسة نقاشية حول ""التكنولوجيا المالية وسهولة الوصول إلى الأسواق"" ضمن فعاليات مؤتمر ""بناء البورصات الإفريقية""، الذي استضافته بورصة دار السلام بجمهورية تنزانيا المتحدة خلال الفترة من 1 إلى 2 يوليو. وشارك في …",,ar,378,"القاهرة- مباشر: شاركت البورصة المصرية في جلسة نقاشية حول ""التكنولوجيا المالية وسهولة الوصول إلى الأسواق"" ضمن فعاليات مؤتمر ""بناء البورصات الإفريقية""، الذي استضافته بورصة دار السلام بجمهورية تنزانيا المتحدة خلال الفترة من 1 إلى 2 يوليو. وشارك في المؤتمر عدد كبير من رؤساء وممثلي البورصات وأسواق المال والمؤسسات المالية الإفريقية والدولية في اجتماعات مجلس إدارة اتحاد البورصات الإفريقية، وفق بيان من البورصة اليوم الاثنين. وأكد عمر رضوان رئيس مجلس إدارة البورصة المصرية على ضرورة تعزيز مكانة سوق المال المصري ضمن منظومة أسواق المال الإقليمية والدولية، مشددًا على أهمية الدور الذي تضطلع به مصر داخل القارة الإفريقية. وأشار رئيس البورصة إلى أن المرحلة المقبلة ستشهد حراكًا دوليًا بالتعاون مع مختلف أطراف سوق المال، بما يدعم جهود تطوير السوق ويعزز تنافسيته وجاذبيته الاستثمارية. وخلال الجلسة النقاشية، استعرضت رحاب سلام مدير عام العلاقات الدولية بالبورصة المصرية تجربة توظيف التكنولوجيا المالية لتوسيع قاعدة المستثمرين في مصر وتعزيز سهولة الوصول إلى السوق، مؤكدة أن السوق المصري شهد خلال الفترة الماضية نموًا ملحوظًا وتضاعفًا في أعداد المستثمرين الجدد خاصة من فئة الشباب، وذلك في ظل الدعم الذي تم توجيهه لملف التطورات التشريعية والتنظيمية، وفي مقدمتها قانون التكنولوجيا المالية وتطبيقات التحقق الإلكتروني من الهوية (eKYC). كما استعرضت سلام عددًا من المشروعات التي تعمل البورصة المصرية على تنفيذها، من بينها تطبيقات الذكاء الاصطناعي، ومشروع الإفصاح الرقمي باستخدام لغة XBRL، والتوسع في التطبيقات الذكية للمستثمرين، إلى جانب أحدث التطورات في سوق المشتقات المالية. كما سلطت مدير عام العلاقات الدولية بالبورصة المصرية الضوء على أداء المؤشرات في السوق المصري، وما تمثله تلك الأدوات من أهمية في تعزيز كفاءة السوق وزيادة تنافسيته وجاذبيته أمام المستثمرين. وأكدت رحاب سلام أن البورصة المصرية تواصل تبني المبادرات التكنولوجية والابتكارات التي تسهم في تحسين تجربة المستثمرين المحليين والأجانب، وفقًا لأفضل الممارسات العالمية، بما يدعم كفاءة السوق ويعزز مستويات الشفافية والإفصاح. وحسب البيان، تأتي هذه المشاركة في إطار استراتيجية البورصة المصرية الهادفة إلى تعزيز انفتاحها على الأسواق الإقليمية والدولية خاصة الإفريقية ودعم جهود تطوير سهولة وصول المستثمرين إلى سوق المال المصري وإبراز التطورات التي يشهدها، إلى جانب تبادل الخبرات وأفضل الممارسات مع مختلف أسواق المال. وعلى هامش المؤتمر، عقدت سلسلة من اللقاءات مع الرئيس التنفيذي للاتحاد العالمي للبورصات، بحضور مستشارين من الاتحاد، لبحث عدد من الموضوعات ذات الاهتمام المشترك وسبل تعزيز التعاون بين الجانبين كما تم عقد عدد من اللقاءات الثنائية مع بعض ممثلي أسواق المال ورجال الأعمال المصريين في تنزانيا، بهدف تعزيز التواصل.",2026-07-07T09:50:07.013277+00:00,
google_news,general,https://www.mubasher.info/news/4637113/%D8%A7%D9%84%D9%82%D9%8A%D9%85%D8%A9-%D8%A7%D9%84%D8%B3%D9%88%D9%82%D9%8A%D8%A9-%D9%84%D8%A8%D9%88%D8%B1%D8%B5%D8%A9-%D9%85%D8%B5%D8%B1-%D8%AA%D8%B1%D8%AA%D9%81%D8%B9-%D8%A3%D9%83%D8%AB%D8%B1-%D9%85%D9%86-57-%D9%85%D9%84%D9%8A%D8%A7%D8%B1-%D8%AC%D9%86%D9%8A%D9%87-%D8%A8%D9%86%D9%87%D8%A7%D9%8A%D8%A9-%D8%AC%D9%84%D8%B3%D8%A9-%D8%A7%D9%84%D8%A7%D8%AB%D9%86%D9%8A%D9%86/,القيمة السوقية لبورصة مصر ترتفع أكثر من 57 مليار جنيه بنهاية جلسة الاثنين,,2026-07-06 13:13:02+00:00,"القاهرة - مباشر: شهد رأس المال السوقي بنهاية تعاملات جلسة اليوم الاثنين ارتفاعاً بمقدار 57.3 مليار جنيه. ​وبحسب بيانات البورصة المصرية، سجل رأس المال السوقي للأسهم المقيدة في ختام تعاملات اليوم نحو 3,807,526,753,810 جنيه، مقارنة …",,ar,104,"القاهرة - مباشر: شهد رأس المال السوقي بنهاية تعاملات جلسة اليوم الاثنين ارتفاعاً بمقدار 57.3 مليار جنيه. ​وبحسب بيانات البورصة المصرية، سجل رأس المال السوقي للأسهم المقيدة في ختام تعاملات اليوم نحو 3,807,526,753,810 جنيه، مقارنة ب3,750,199,045,993 جنيهاً في جلسة يوم 5 يوليو 2026. وشهدت جلسة اليوم الاثنين ارتفاع المؤشر الرئيسي للبورصة ""EGX30"" نحو 2.68% عند مستوى 52502.74 نقطة. فيما صعد مؤشر الشركات المتوسطة والصغيرة ""EGX70"" متساوي الأوزان 1.12% عند مستوى 16132.98 نقطة، بينما صعد المؤشر الأوسع نطاقاً ""EGX100"" متساوي الأوزان 1.25% عند مستوى 21925.59 نقطة. وتم التداول في تلك الأثناء على 4.89 مليار سهم، بقيمة تداول بلغت 12.226 مليار جنيه عبر 225.5 ألف عملية.",2026-07-07T09:50:06.438548+00:00,
google_news,general,https://www.shorouknews.com/news/view.aspx?cdate=06072026&id=e3f7a963-bcef-4b25-86b9-b9d1910ac663,6 يوليو 2026.. البورصة تواصل تحقيق المكاسب والثلاثيني يرتفع بأكثر من 2% - بوابة الشروق,,2026-07-06 13:29:03+00:00,ارتفعت مؤشرات البورصة المصرية اليوم الاثنين، فى ثانى جلسات الأسبوع، لتواصل تحقيق مكاسبها. وارتفع المؤشر الرئيسي &#171;إيجي إكس 30&#187; بنسبة 2.68%، ووصل إل,,ar-eg,123,ارتفعت مؤشرات البورصة المصرية اليوم الاثنين، فى ثانى جلسات الأسبوع، لتواصل تحقيق مكاسبها. وارتفع المؤشر الرئيسي «إيجي إكس 30» بنسبة 2.68%، ووصل إلى مستوى 52502.74 نقطة. كما صعد مؤشر الشركات الصغيرة والمتوسطة «إيجي إكس 70» بنسبة 1.12% ليصل إلى 16132.98 نقطة، وارتفع المؤشر الأوسع نطاقا «إيجي إكس 100» بنسبة 1.25% ليصل إلى 21925.59 نقطة. وصعدت مكاسب المؤشر الرئيسي منذ بداية العام وسجلت 25.82%، مقابل 22.24% بالأمس. وكانت أغلفت مؤشرات البورصة المصرية تعاملات الأمس على مكاسب بأكثر من 1%، حيث سجل «إيجي إكس 30» ارتفاع بنسبة 1.18% ليصل إلى مستوى 51130.89 نقطة. وتترقب البورصة المصرية اجتماع المركزي يوم الخميس المقبل لتحديد معدلات الفائدة، وذلك بعد أن ثبتت فى اجتماعها الأخير فى مايو الماضي، سعرى عائد الإيداع والإقراض لليلة واحدة عند 19%، و20% على الترتيب.,2026-07-07T09:50:05.524279+00:00,
google_news,general,https://almalnews.com/2123131/%D8%A7%D9%84%D8%A8%D9%88%D8%B1%D8%B5%D8%A9-%D8%AA%D9%88%D9%82%D9%81-%D8%A7%D9%84%D8%AA%D8%AF%D8%A7%D9%88%D9%84-%D9%85%D8%A4%D9%82%D8%AA%D9%8B%D8%A7-%D8%B9%D9%84%D9%89-11-%D8%B3%D9%87%D9%85%D9%8B%D8%A7/,البورصة توقف التداول مؤقتًا على 11 سهمًا بعد تجاوزها الحدود السعرية -جريدة المال,,2026-07-06 10:43:07+00:00,أوقفت البورصة المصرية خلال تعاملات جلسة اليوم الإثنين التداول مؤقتًا لمدة 10 دقائق على 11 ورقة مالية,جريدة المال,ar,100,أوقفت البورصة المصرية، خلال تعاملات جلسة اليوم الإثنين، التداول مؤقتًا لمدة 10 دقائق على 11 ورقة مالية، بعد تجاوزها الحدود السعرية المقررة صعودًا، وذلك في إطار آليات الإيقاف المؤقت المطبقة بالسوق. وشمل الإيقاف الأسهم التي تجاوزت نسبة 10%، وهي تايكون أنفستمنتس هولدنج، والوطنية للإسكان للنقابات المهنية، والنصر للملابس والمنسوجات – كابو، ومجموعة النعيم العقارية القابضة، وجورميه إيجيبت دوت كوم للأغذية، والمتحدة للإسكان والتعمير، والعالمية للاستثمار والتنمية. كما أوقفت البورصة التداول لمدة 10 دقائق على أسهم هيبكو للاستثمارات التجارية والتنمية العقارية، والاتحاد الصيدلي للخدمات الطبية والاستثمار، وأراب للتنمية والاستثمار العقاري، وبي آي جي للتجارة والاستثمار، بعد تجاوزها نسبة 5% خلال الجلسة.,2026-07-07T09:50:05.348974+00:00,
google_news,general,https://yalla.business/article/250826/%D8%A7%D9%84%D8%A8%D9%88%D8%B1%D8%B5%D8%A9-%D8%AA%D9%88%D8%A7%D9%81%D9%82-%D8%B9%D9%84%D9%89-%D9%82%D9%8A%D8%AF-%D8%A3%D8%B3%D9%87%D9%85-%D8%B2%D9%8A%D8%A7%D8%AF%D8%A9-%D8%B1%D8%A3%D8%B3,البورصة توافق على قيد أسهم زيادة رأس المال المرخص به والمدفوع لبنك التعمير والإسكان - يلا بيزنس,,2026-07-07 08:37:30+00:00,قررت لجنة قيد الأوراق المالية بالبورصة المصرية قيد زيادة رأس المال المرخص به لبنك التعمير والاسكان,yalla.business,ar,155,قررت لجنة قيد الأوراق المالية بالبورصة المصرية قيد زيادة رأس المال المرخص به لبنك التعمير والاسكان ، من 10 مليارات جنيه إلي 30 مليار جنيه بجدول قيد الأوراق المالية المصرية ” أسهم”. كما قررت اللجنة قيد أسهم زيادة رأس المال المصدر والمدفوع للبنك من 5.313 مليار جنيه إلى 10.626 مليار جنيه ، بزيادة قدرها 5.313 مليار جنيه ، بإصدار 531.300 مليون سهم بقيمة إسمية و قدرها 10 جنيهات للسهم ، بواقع 1 سهم مجانى لكل سهم أصلي قبل الزيادة ، تمويلا من رصيد الاحتياطي العام والظاهرة بالقوائم المالية المنتهية في 31 ديسمبر 2024 ، الإصدار الحادى عشر ، بجدول قيد الأوراق المالية المصرية “أسهم”. وأشارت اللجنة إلى أن الحق في التوزيع المجاني بواقع 1 سهم مجانى لكل واحد سهم أصلي لمشتري السهم حتى نهاية جلسة تداول اليوم الثلاثاء ، على أن تدرج اسهم الشركة بعد الزيادة المجانية على قاعدة البيانات ، مع تحديد سعر مرجعى على أسهم الشركة اعتبارا من بداية جلسة تداول غدا الأربعاء.,2026-07-07T09:50:07.217200+00:00,
google_news,general,https://pioneersmisr.com/111554/,بدعم المصريين.. البورصة تربح 57 مليار جنيه بختام تعاملات الاثنين - بايونيرز مصر,,2026-07-06 12:41:38+00:00,بدعم المصريين.. البورصة تربح 57 مليار جنيه بختام تعاملات الاثنين&nbsp;&nbsp;بايونيرز مصر,بايونيرز مصر,ar,,,2026-07-07T09:50:07.901417+00:00,Extraction failed: Failed to fetch: 403 Client Error: Forbidden for url: https://pioneersmisr.com/111554/
google_news,general,https://bloom-gate.com/%D8%A3%D8%B3%D9%88%D8%A7%D9%82/%D8%A7%D9%84%D8%A8%D9%88%D8%B1%D8%B5%D8%A9-%D8%A7%D9%84%D9%85%D8%B5%D8%B1%D9%8A%D8%A9-%D8%AA%D8%B1%D8%A8%D8%AD-2-68-%D9%81%D9%8A-%D8%AE%D8%AA%D8%A7%D9%85-%D8%A7%D9%84%D8%AA%D8%B9%D8%A7%D9%85%D9%84/,البورصة المصرية تربح 2.68% في ختام التعاملات بقيادة مشتريات العرب والأجانب - Bloom Gate -بوابة بلوم,بلوم,2026-07-06 12:56:02+00:00,اختتمت البورصة المصرية تعاملات جلسة اليوم الإثنين على ارتفاع جماعي للمؤشرات، مدعومة بموجة شراء من المستثمرين العرب والأجانب,Bloom Gate -بوابة بلوم,ar,200,"اختتمت البورصة المصرية تعاملات جلسة اليوم الإثنين على ارتفاع جماعي للمؤشرات، مدعومة بموجة شراء من المستثمرين العرب والأجانب، ليرتفع المؤشر الرئيسي EGX30 بنسبة 2.68% ويغلق عند مستوى 52,502 نقطة. صعد مؤشر EGX70 متساوي الأوزان بنسبة 1.12%، كما ارتفع مؤشر EGX100 متساوي الأوزان بنسبة 1.25%، في إشارة إلى تحسن أداء الأسهم بمختلف فئاتها. بلغت قيمة التداولات 12.226 مليار جنيه، من خلال تنفيذ 225.5 ألف عملية على أسهم 222 شركة، إذ ارتفعت أسعار 147 سهمًا، مقابل تراجع 57 سهمًا، بينما استقرت أسعار 19 سهمًا دون تغيير. أظهرت تعاملات المستثمرين استمرار قوة الطلب من العرب والأجانب، بعدما سجل المستثمرون العرب صافي شراء بقيمة 2.170 مليار جنيه، فيما حقق المستثمرون الأجانب صافي شراء بقيمة 2.164 مليار جنيه، بدعم من المؤسسات. في المقابل، اتجه المستثمرون المصريون إلى البيع، مسجلين صافي بيع بقيمة 4.334 مليار جنيه، استحوذت المؤسسات على النصيب الأكبر منه بقيمة 4.266 مليار جنيه. تصدر سهم المتحدة للإسكان والتعمير قائمة الأسهم الأكثر ارتفاعًا بعدما قفز بنسبة 19.99%، تلاه سهم مجموعة النعيم العقارية القابضة بنسبة 11.72%، ثم سهم العبور للاستثمار العقاري بنسبة 10.16%. على الجانب الآخر، جاء سهم تايكون انفستمنتس هولدنج في صدارة الأسهم الأكثر تراجعًا بنسبة 4.68%، تلاه سهم كرستمارك للمقاولات والتطوير العقاري بنسبة 4.41%، ثم سهم جولدن تكس للأصواف بنسبة 4.22%. الرابط المختصر",2026-07-07T09:50:09.952922+00:00,
google_news,general,https://www.erembusiness.com/markets/pybcy7a?__cf_chl_rt_tk=P9XBnm7nQSUmG9sLnE_07dQ4lJeLor96aoX_jtKpkhg-1783417807-1.0.1.1-k2xdj0jl6C0f.aILIlCD43P14vmMu6mxBphkoI4kGg0,موجة صعود جماعية للأسواق الخليجية.. وأداء لافت لمؤشر بورصة مصر - إرم بزنس,,2026-07-06 14:02:14+00:00,موجة صعود جماعية للأسواق الخليجية.. وأداء لافت لمؤشر بورصة مصر&nbsp;&nbsp;إرم بزنس,إرم بزنس,ar,,,2026-07-07T09:50:07.600962+00:00,Extraction failed: Failed to fetch: 403 Client Error: Forbidden for url: https://www.erembusiness.com/markets/pybcy7a?__cf_chl_rt_tk=P9XBnm7nQSUmG9sLnE_07dQ4lJeLor96aoX_jtKpkhg-1783417807-1.0.1.1-k2xdj0jl6C0f.aILIlCD43P14vmMu6mxBphkoI4kGg0
google_news,general,https://alboslanews.com/%D8%A3%D8%B3%D9%88%D8%A7%D9%82-%D9%85%D8%A7%D9%84/%D8%A3%D9%83%D8%AA-%D9%81%D8%A7%D9%8A%D9%86%D8%A7%D9%86%D8%B4%D8%A7%D9%84-%D8%AA%D9%82%D8%B1%D8%B1-%D8%B4%D8%B1%D8%A7%D8%A1-%D8%A3%D8%B3%D9%87%D9%85-%D8%AE%D8%B2%D9%8A%D9%86%D8%A9-%D9%85%D9%86-%D8%A7%D9%84%D8%B3%D9%88%D9%82-%D8%A7%D9%84%D9%85%D9%81%D8%AA%D9%88%D8%AD-422980,"""أكت فاينانشال"" تقرر شراء أسهم خزينة من السوق المفتوح",,2026-07-07 07:41:11+00:00,"""أكت فاينانشال"" تقرر شراء أسهم خزينة من السوق المفتوح",,,9,"""أكت فاينانشال"" تقرر شراء أسهم خزينة من السوق المفتوح",2026-07-07T09:50:08.977666+00:00,
youm7,tier1,https://www.youm7.com/story/2026/7/6/%D8%A3%D8%B3%D8%B9%D8%A7%D8%B1-%D8%A7%D9%84%D8%A3%D8%B3%D9%87%D9%85-%D8%A8%D8%A7%D9%84%D8%A8%D9%88%D8%B1%D8%B5%D8%A9-%D8%A7%D9%84%D9%85%D8%B5%D8%B1%D9%8A%D8%A9-%D8%A7%D9%84%D9%8A%D9%88%D9%85-%D8%A7%D9%84%D8%A5%D8%AB%D9%86%D9%8A%D9%86-6-7-2026/7473056,أسعار الأسهم بالبورصة المصرية اليوم الإثنين 6-7-2026 - اليوم السابع,كتب هانى الحوتى,2026-07-06 19:04:25+00:00,"ينشر ""اليوم السابع"" أسعار أسهم أكبر 5 شركات حققت ارتفاعًا، وأسعار أسهم أكثر 5 شركات انخفاضًا، بالبورصة المصرية في ختام تعاملات اليوم الإثنين 6-7-2026.",اليوم السابع,ar,517,"ينشر ""اليوم السابع"" أسعار أسهم أكبر 5 شركات حققت ارتفاعًا، وأسعار أسهم أكثر 5 شركات انخفاضًا، بالبورصة المصرية في ختام تعاملات اليوم الإثنين 6-7-2026. إيقاف تداول 13 سهمًا أعلنت إدارة ا لبورصة المصري ة، إيقاف التداول على 13 سهمًا لمدة 10 دقائق لتجاوزها نسبة ال5% صعودًا أو هبوطًا خلال جلسة تداول اليوم الإثنين، وهم: بي أي جي للتجارة والاستثمار، وآراب للتنمية والاستثمار العقاري، والاتحاد الصيدلي للخدمات الطبية والاستثمار، والعالمية للاستثمار والتنمية، والمتحدة للإسكان والتعمير، وجورميه إيجيبت دوت كوم للأغذية، ومجموعة النعيم العقارية القابضة، والنصر للملابس والمنسوجات-كابو، والوطنية للإسكان للنقابات المهنية، وهيبكو للاستثمارات التجارية والتنمية العقارية، وتايكون انفستمنتس هولدنج، وبايونيرز بروبرتيز للتنمية العمرانية بي ار اي جروب، ومينا للاستثمار السياحي والعقاري. البورصة تربح 57 مليار جنيه أنهت البورصة المصرية، تعاملات جلسة اليوم الإثنين، بارتفاع جماعي للمؤشرات، للجلسة الرابعة على التوالي، مدفوعة بعمليات شراء من المتعاملين المصريين فيما مالت تعاملات العرب والأجانب للبيع، وربح رأس المال السوقي 57 مليار جنيه ليغلق عند مستوى 3.807 تريليون جنيه. وبلغ حجم التداول على الأسهم 4.9 مليار ورقة مالية بقيمة 12.2 مليار جنيه، عبر تنفيذ 225.5 ألف عملية لعدد 222 شركة، وسجلت تعاملات المصريين 89.72% من إجمالي التعاملات، بينما استحوذ الأجانب على نسبة 6.36%، والعرب على 3.92%، واستحوذت المؤسسات على 24.63% من المعاملات في البورصة، وكانت باقي المعاملات من نصيب الأفراد بنسبة 75.36%. ومالت صافي تعاملات الأفراد المصريين والأجانب والمؤسسات العربية والأجنبية للبيع بقيمة 259.1 مليون جنيه، 13 مليون جنيه، 108.3 مليون جنيه، 149.5 مليون جنيه، على الترتيب، فيما مالت تعاملات الأفراد العرب والمؤسسات المصرية للشراء بقيمة 71.3 مليون جنيه، 458.6 مليون جنيه، على الترتيب. ارتفع مؤشر ""إيجي إكس 30"" بنسبة 2.68% ليغلق عند مستوى 52502 نقطة، وصعد مؤشر ""إيجى إكس 30 محدد الأوزان"" بنسبة 2.43% ليغلق عند مستوى 64499 نقطة، وقفز مؤشر ""إيجي إكس 30 للعائد الكلى"" بنسبة 2.69% ليغلق عند مستوى 24493 نقطة، وزاد مؤشر الأسهم منخفضة التقلبات السعرية ""EGX35-LV"" بنسبة 1.31% ليغلق عند مستوى 6122 نقطة. كما ارتفع مؤشر الشركات المتوسطة والصغيرة ""إيجي إكس 70 متساوي الأوزان"" بنسبة 1.12% ليغلق عند مستوى 16132 نقطة، وصعد مؤشر ""إيجى إكس 100 متساوى الأوزان"" بنسبة 1.25% ليغلق عند مستوى 21925 نقطة، وقفز مؤشر الشريعة الإسلامية بنسبة 2.45% ليغلق عند مستوى 5910 نقطة، وزاد مؤشر تميز بنسبة 1.91% ليغلق عند مستوى 29157 نقطة، فيما تراجع مؤشر سندات الخزانة بنسبة 0.02% ليغلق عند مستوى 2548 نقطة. وصعدت أسهم 147 شركة مقيدة بالبورصة في ختام التعاملات، وانخفضت أسهم 57 شركة، ولم تتغير مستويات 19 شركة. وضمت الأسهم المرتفعة: - المتحدة للإسكان والتعمير بسعر إغلاق 16.090 جنيه بنسبة ارتفاع بلغت 19.99%. - مجموعة النعيم العقارية القابضة بسعر إغلاق 15.440 جنيه بنسبة ارتفاع بلغت 11.72%. - مينا للاستثمار السياحي والعقاري بسعر إغلاق 7.590 جنيه بنسبة ارتفاع بلغت 10.16%. - المشروعات الصناعية والهندسية بسعر إغلاق 0.537 جنيه بنسبة ارتفاع بلغت 9.59%. - جورميه إيجيبت دوت كوم للأغذية بسعر إغلاق 14.590 جنيه بنسبة ارتفاع بلغت 9.53%. وضمت الأسهم المتراجعة: - تايكون إنفستمنتس هولدنج بسعر إغلاق 26.500 جنيه بنسبة تراجع بلغت 4.68%. - كرستمارك للمقاولات والتطوير العقاري بسعر إغلاق 1.300 جنيه بنسبة تراجع بلغت 4.41%. - جولدن تكس للأصواف بسعر إغلاق 85.500 جنيه بنسبة تراجع بلغت 4.22%. - مصر للأسواق الحرة بسعر إغلاق 48.080 جنيه بنسبة تراجع بلغت 3.26%. - المصرية للمنتجعات السياحية بسعر إغلاق 18.620 جنيه بنسبة تراجع بلغت 3.07%.",2026-07-07T09:50:09.055085+00:00,
youm7,tier1,https://www.youm7.com/story/2026/7/6/%D8%B5%D8%B9%D9%88%D8%AF-%D8%A7%D9%84%D8%A8%D9%88%D8%B1%D8%B5%D8%A9-%D8%A8%D8%AC%D9%84%D8%B3%D8%A9-%D8%A7%D9%84%D8%A5%D8%AB%D9%86%D9%8A%D9%86-%D9%88%D8%B1%D8%A3%D8%B3-%D8%A7%D9%84%D9%85%D8%A7%D9%84-%D9%8A%D8%B1%D8%A8%D8%AD-57-%D9%85%D9%84%D9%8A%D8%A7%D8%B1-%D8%AC%D9%86%D9%8A%D9%87/7472967,صعود البورصة بجلسة الإثنين ورأس المال يربح 57 مليار جنيه بتداولات 12.2 مليار - اليوم السابع,كتب هانى الحوتى,2026-07-06 12:06:00+00:00,أنهت البورصة المصرية، تعاملات جلسة اليوم الإثنين، بارتفاع جماعي للمؤشرات، للجلسة الرابعة على التوالي، مدفوعة بعمليات شراء من المتعاملين المصريين فيما مالت تعاملات العرب والأجانب للبيع.,اليوم السابع,ar,143,"أنهت البورصة المصرية ، تعاملات جلسة اليوم الإثنين، بارتفاع جماعي للمؤشرات، للجلسة الرابعة على التوالي، مدفوعة بعمليات شراء من المتعاملين المصريين فيما مالت تعاملات العرب والأجانب للبيع، وسط تداولات بلغت 12.2 مليار جنيه، وربح رأس المال السوقي 57 مليار جنيه ليغلق عند مستوى 3.807 تريليون جنيه. وارتفع مؤشر ""إيجي إكس 30"" بنسبة 2.68% ليغلق عند مستوى 52502 نقطة، وصعد مؤشر ""إيجى إكس 30 محدد الأوزان"" بنسبة 2.43% ليغلق عند مستوى 64499 نقطة، وقفز مؤشر ""إيجي إكس 30 للعائد الكلى"" بنسبة 2.69% ليغلق عند مستوى 24493 نقطة، وزاد مؤشر الأسهم منخفضة التقلبات السعرية ""EGX35-LV"" بنسبة 1.31% ليغلق عند مستوى 6122 نقطة. كما ارتفع مؤشر الشركات المتوسطة والصغيرة ""إيجي إكس 70 متساوي الأوزان"" بنسبة 1.12% ليغلق عند مستوى 16132 نقطة، وصعد مؤشر ""إيجى إكس 100 متساوى الأوزان"" بنسبة 1.25% ليغلق عند مستوى 21925 نقطة، وقفز مؤشر الشريعة الإسلامية بنسبة 2.45% ليغلق عند مستوى 5910 نقطة.",2026-07-07T09:50:09.373019+00:00,
youm7,tier1,https://www.youm7.com/story/2026/7/6/%D8%A7%D9%84%D8%B3%D8%B9%D8%B1-26-%D8%AC%D9%86%D9%8A%D9%87%D8%A7-%D9%88%D8%A7%D9%84%D8%AA%D9%82%D9%8A%D9%8A%D9%85-34-%D9%82%D8%B1%D8%B4-%D9%85%D9%81%D8%A7%D8%AC%D8%A3%D8%A9-%D9%81%D9%89-%D8%AA%D9%82%D9%8A%D9%8A%D9%85-%D8%AA%D8%A7%D9%8A%D9%83%D9%88%D9%86/7472889,"السعر 26 جنيها والتقييم 34 قرش.. مفاجأة فى تقييم ""تايكون"" وهبوط السهم 5% - اليوم السابع",كتب هانى الحوتى,2026-07-06 11:17:00+00:00,تعرض سهم شركة تايكون إنفستمنتس هولدينج لضغوط بيعية قوية خلال تعاملات البورصة المصرية، ليتراجع بالنسبة القصوى البالغة 5%.,اليوم السابع,ar,435,تعرض سهم شركة تايكون إنفستمنتس هولدينج لضغوط بيعية قوية خلال تعاملات البورصة المصرية ، ليتراجع بالنسبة القصوى البالغة 5%، قبل أن يتم إيقاف التداول عليه بعد ملامسته الحدود السعرية الدنيا، وذلك عقب إعلان تقرير المستشار المالي المستقل الخاص بتقدير القيمة العادلة لسهم الشركة، والذي حدد القيمة العادلة عند 34 قرشًا للسهم. وجاء الإفصاح بالتزامن مع اعتزام الشركة زيادة رأسمالها المصدر من 26.125 مليون جنيه إلى 50 مليون جنيه، بزيادة نقدية قدرها 23.875 مليون جنيه، من خلال اكتتاب لقدامى المساهمين بالقيمة الاسمية، وهو ما استوجب إعداد دراسة مستقلة للقيمة العادلة وفقًا لمتطلبات الهيئة العامة للرقابة المالية. وأعدت الدراسة شركة أصول عربية للاستثمار والاستشارات المالية (OIB)، التي اعتمدت في التقييم على ثلاث منهجيات رئيسية، شملت القيمة الدفترية المعدلة، ومضاعف القيمة الدفترية، ومضاعف الربحية، فيما استبعدت منهجيات تعتمد على التدفقات النقدية أو توزيعات الأرباح ، بسبب عدم وجود سياسة منتظمة لتوزيع الأرباح، وضعف السيولة الناتجة عن أنشطة التشغيل والاستثمار، وعدم ملاءمة الأرباح المحققة لتطبيق منهج القيمة الحالية للأرباح المتبقية. وخلص التقرير إلى أن القيمة العادلة للسهم وفقًا لطريقة القيمة الدفترية المعدلة بلغت 25 قرشًا، بينما بلغت 50 قرشًا وفقًا لطريقة مضاعف القيمة الدفترية، و26 قرشًا وفقًا لطريقة مضاعف الربحية، وبعد ترجيح نتائج طرق التقييم الثلاث بأوزان نسبية متساوية، حدد المستشار المالي المستقل القيمة العادلة المرجحة لسهم الشركة عند 34 قرشًا. وأظهر التقرير أن القيمة الدفترية للسهم في 31 مارس 2026 بلغت 21 قرشًا، مقابل قيمة اسمية تبلغ 50 قرشًا، فيما بلغ مؤشر القيمة العادلة إلى القيمة الاسمية نحو 0.67 مرة، بينما سجل مؤشر القيمة العادلة إلى القيمة الدفترية نحو 1.60 مرة. وكشف التقرير أن الشركة حققت صافي ربح بلغ نحو 3.23 مليون جنيه خلال عام 2025، مقابل 938.7 ألف جنيه في عام 2024، إلا أنها سجلت خسائر بقيمة 1.09 مليون جنيه خلال الربع الأول من عام 2026. وتوضح نتائج الأعمال التاريخية أن نشاط الشركة يعتمد بصورة رئيسية على الأرباح الرأسمالية والتعاملات في الأوراق المالية، في ظل محدودية الإيرادات التشغيلية التقليدية، وهو ما انعكس على منهجية التقييم التي استبعدت استخدام أسلوب خصم التدفقات النقدية. ويأتي هذا التطور بعد أداء استثنائي لسهم الشركة خلال الاثني عشر شهرًا الماضية، إذ سجل مكاسب تجاوزت 1000%، ليصبح أحد أكثر الأسهم صعودًا في البورصة المصرية خلال تلك الفترة، قبل أن يتعرض لضغوط بيعية عقب نشر تقرير القيمة العادلة، ليتراجع بالنسبة القصوى خلال جلسة التداول، ويتم إيقاف التعاملات عليه بعد بلوغه الحد السعري الأدنى. وجاءت أولى ردود فعل السوق عقب نشر تقرير القيمة العادلة، حيث تعرض سهم تايكون إنفستمنتس هولدينج لضغوط بيعية خلال تعاملات البورصة المصرية، ليتراجع بالنسبة القصوى البالغة 5%، ويغلق عند مستوى 26.20 جنيه للسهم، قبل أن يتم إيقاف التداول عليه بعد ملامسة الحدود السعرية الدنيا، وذلك بالتزامن مع الإفصاح عن تقرير المستشار المالي المستقل الذي حدد القيمة العادلة للسهم عند 34 قرشًا.,2026-07-07T09:50:09.794411+00:00,
youm7,tier1,https://www.youm7.com/story/2026/7/6/%D8%A7%D9%84%D9%82%D8%B5%D8%A9-%D8%A7%D9%84%D9%83%D8%A7%D9%85%D9%84%D8%A9-%D9%84%D8%B5%D9%81%D9%82%D8%A9-%D8%A7%D9%84%D9%85%D9%84%D8%A7%D9%8A%D9%8A%D9%86-%D9%84%D8%AC%D9%85%D8%A7%D9%84-%D8%A7%D9%84%D8%AC%D8%A7%D8%B1%D8%AD%D9%8A-%D9%84%D8%B4%D8%B1%D8%A7%D8%A1-%D8%AD%D8%B5%D8%A9-%D8%AC%D8%AF%D9%8A%D8%AF%D8%A9-%D8%A8%D9%80/7473023,"القصة الكاملة لصفقة الملايين لجمال الجارحي لشراء حصة جديدة ب""المطورون العرب"" - اليوم السابع",كتب هانى الحوتى,2026-07-06 12:48:00+00:00,أفصحت البورصة المصرية، عن تنفيذ رجل الأعمال جمال عبد القادر عبد البصير عبد القادر، المعروف باسم جمال الجارحي، صفقة شراء جديدة على أسهم شركة المطورون العرب القابضة.,اليوم السابع,ar,439,"أفصحت البورصة المصرية ، عن تنفيذ رجل الأعمال جمال عبد القادر عبد البصير عبد القادر، المعروف باسم جمال الجارحي، صفقة شراء جديدة على أسهم شركة المطورون العرب القابضة، وذلك في إطار تعاملات المساهمين الرئيسيين والأطراف المرتبطة، ليعزز بذلك حصته في رأسمال الشركة. وأوضحت البورصة المصرية ، في نموذج الإفصاح المعد وفقًا لأحكام المادة (29) من قواعد قيد وشطب الأوراق المالية، أن جمال الجارحي اشترى عدد 40.998.761 سهمًا من أسهم شركة المطورون العرب القابضة، بمتوسط سعر بلغ 0.204 جنيه للسهم، بقيمة إجمالية بلغت 8.4 مليون جنيه، وبحسب الإفصاح، ارتفعت نسبة ملكية جمال الجارحي في الشركة من 14.077% قبل تنفيذ الصفقة إلى 14.372% بعدها. كما أوضح الإفصاح أن نسبة ملكية المجموعات المرتبطة بالمساهم قبل تنفيذ الصفقة بلغت 23.967%، موزعة بواقع 2.364% للشركة المصرية للصلب، و7.526% لشركة مجموعة الجارحي للاستثمار والتطوير، إلى جانب حصة جمال الجارحي ، فيما ارتفعت النسبة الإجمالية للمجموعات المرتبطة بعد تنفيذ الصفقة إلى 24.262%. وأشار الإفصاح إلى أن نسب الملكية قبل وبعد التنفيذ تم احتسابها قبل زيادة رأسمال الشركة، وأن عملية الشراء جرى تنفيذها من خلال شركة سنرجي لتداول الأوراق المالية، فيما تم تنفيذ آخر عملية بتاريخ 25 يونيو 2026. وفي سياق متصل، وكانت أحدث هيكل للمساهمين الذين يملكون 5% فأكثر من رأسمال المطورون العرب القابضة قد أظهر استمرار أحمد طارق خليل علي في صدارة المساهمين الرئيسيين بحصة تبلغ 3.544 مليار سهم تمثل 25.50% من رأس المال، دون تغيير مقارنة بالهيكل السابق. وجاء جمال عبد القادر عبد البصير في المركز الثاني بين كبار المساهمين بحصة مباشرة تبلغ 1.879 مليار سهم تمثل 13.52%، فيما ارتفعت حصة مجموعة الجارحي للاستثمار والتطوير إلى 946.337 مليون سهم بما يعادل 6.81%، مقارنة مع 644.089 مليون سهم تمثل 4.63% في الهيكل السابق. كما استقرت حصة الشركة المصرية للصلب عند 127.649 مليون سهم، بما يمثل 0.92% من رأس المال، ليصل إجمالي ملكية مجموعة الجارحي، متضمنة المساهم الرئيسي والشركات المرتبطة، إلى 2.953 مليار سهم تمثل 21.25% من رأسمال الشركة، مقارنة مع 2.651 مليار سهم تمثل 19.07% في الهيكل السابق. وفي المقابل، استقرت الحصة المباشرة لعبد السلام مسعود عبد الكريم عند 1.062 مليار سهم تمثل 7.64%، بينما تراجعت ملكية شركة ""أسماك م.م.ح"" المرتبطة إلى 437.733 مليون سهم تمثل 3.15%، مقارنة مع 1.094 مليار سهم تمثل 7.87% سابقًا، لينخفض إجمالي ملكية هذه المجموعة إلى 1.500 مليار سهم تمثل 10.79%، مقابل 2.157 مليار سهم تمثل 15.52% في الهيكل السابق. وأظهر الهيكل كذلك تراجع حصة مروة محمد الأمين رجب أحمد إلى 496.452 مليون سهم تمثل 3.57%، مقارنة مع 746.452 مليون سهم تمثل 5.37% في البيان السابق. وبذلك انخفض إجمالي ملكيات المساهمين الرئيسيين والمجموعات المرتبطة الذين يمتلكون 5% فأكثر إلى 8.495 مليار سهم تمثل 61.10% من رأسمال الشركة، مقابل 9.099 مليار سهم تمثل 65.45% في الهيكل السابق، بما يعكس تغيرات في هيكل الملكية بالتزامن مع تعاملات المساهمين الرئيسيين خلال الفترة الأخيرة.",2026-07-07T09:50:10.871535+00:00,
youm7,tier1,https://www.youm7.com/story/2026/7/7/10%D9%85%D9%88%D8%A7%D9%81%D9%82%D8%A7%D8%AA-%D8%AC%D8%AF%D9%8A%D8%AF%D8%A9-%D9%85%D9%86-%D8%A7%D9%84%D8%B1%D9%82%D8%A7%D8%A8%D8%A9-%D8%A7%D9%84%D9%85%D8%A7%D9%84%D9%8A%D8%A9-%D8%AF%D8%AE%D9%88%D9%84-%D8%B4%D8%B1%D9%83%D8%A7%D8%AA-%D8%AC%D8%AF%D9%8A%D8%AF%D8%A9-%D9%84%D9%84%D8%AA%D8%B5%D9%86%D9%8A%D9%81-%D8%A7%D9%84%D8%A7%D8%A6%D8%AA%D9%85%D8%A7%D9%86%D9%89/7473708,10موافقات جديدة من الرقابة المالية.. دخول شركات جديدة للتصنيف الائتمانى - اليوم السابع,كتب هانى الحوتى,2026-07-07 08:33:25+00:00,قررت الهيئة العامة للرقابة المالية، برئاسة الدكتور إسلام عزام، منح 10 موافقات جديدة بمزاولة أنشطة مالية غير مصرفية متنوعة.,اليوم السابع,ar,319,قررت الهيئة العامة للرقابة المالية ، برئاسة الدكتور إسلام عزام، منح 10 موافقات جديدة بمزاولة أنشطة مالية غير مصرفية متنوعة، وذلك في إطار عملها المتواصل لرفع جودة وتنافسية القطاعات الخاضعة لرقابتها وتعزيز جاذبيتها للاستثمار، وتوسيع نطاق استفادة المواطنين من الخدمات المالية. ثاني شركة للتصنيف الائتماني وأول ترخيص وفق ضوابط 2025 وشملت الموافقات الترخيص لإحدى شركات التصنيف الائتماني للعمل في مجال نشاط تقييم وتصنيف وترتيب الأوراق المالية ، لتصبح بذلك ثاني شركة عاملة في هذا المجال بالسوق المصري، وأول شركة تحصل على الترخيص وفقًا لقرار الهيئة رقم (178) لسنة 2025 بشأن معايير المفاضلة بين الطلبات المقدمة للحصول على ترخيص مزاولة هذا النشاط. ارتفاع عدد شركات الوساطة في العقود الآجلة إلى 8 شركات وتضمنت الموافقات الترخيص لشركتين جديدتين بمزاولة نشاط الوساطة في العقود الآجلة ليرتفع بذلك عدد الشركات المرخص لها بمزاولة هذا النشاط إلى 8 منذ تدشين سوق عقود المشتقات في البورصة المصرية، كما منحت الهيئة الترخيص المؤقت لإحدى الشركات لمزاولة نشاط التأمين الطبي المتخصص، كأول شركة تحصل على الترخيص المؤقت في هذا المجال، وفقًا لقانون التأمين الموحد رقم (155) لسنة 2024 وقرار الهيئة رقم (90) لسنة 2025. ومنحت الهيئة الترخيص المؤقت لإحدى الشركات لمزاولة نشاط إدارة برامج الرعاية الصحية، ليرتفع عدد الشركات التي تزاول هذا النشاط بالترخيص المؤقت إلى 8 شركات منذ صدور قانون التأمين الموحد. وتضمنت الموافقات أيضًا الترخيص لشركة لمزاولة نشاط صندوق استثمار عقاري، ومنح الترخيص لشركة لذات الشركة لممارسة الترويج وتغطية الاكتتاب في الأوراق المالية وإدارة صناديق الاستثمار العقاري، والترخيص لشركة أخرى لمزاولة نشاط صندوق استثمار عقاري. ووافقت الهيئة العامة للرقابة المالية، على منح شركة الترخيص بمزاولة نشاط التأجير التمويلي بالإضافة إلى غرضها مع مراعاة الالتزام بنماذج عقود التأجير التمويلي بما يتوافق مع نماذج الهيئة، ومنح شركة الترخيص بمزاولة نشاطي التمويل العقاري والتخصيم. وتمنح الهيئة هذه الموافقات في إطار اختصاصها الدستوري والقانوني بالرقابة والإشراف على الأسواق والأدوات المالية غير المصرفية، بما في ذلك أسواق رأس المال، وبورصات العقود الآجلة، وأنشطة التأمين، والتمويل العقاري، والتأجير التمويلي، والتخصيم، والتوريق، فضلًا عن الموافقة على تأسيس وترخيص الشركات العاملة بتلك الأسواق.,2026-07-07T09:50:10.679307+00:00,
youm7,tier1,https://www.youm7.com/story/2026/7/7/%D8%B3%D8%B9%D8%B1-%D8%A7%D9%84%D8%B0%D9%87%D8%A8-%D8%A7%D9%84%D9%8A%D9%88%D9%85-%D8%A7%D9%84%D8%AB%D9%84%D8%A7%D8%AB%D8%A7%D8%A1-7-%D9%8A%D9%88%D9%84%D9%8A%D9%88-2026-%D9%81%D9%8A-%D9%85%D8%B5%D8%B1-%D8%B9%D9%8A%D8%A7%D8%B1/7473141,سعر الذهب اليوم الثلاثاء 7 يوليو 2026 في مصر.. عيار 21 يستقر عند 5840 جنيها - اليوم السابع,,2026-07-07 02:00:00+00:00,استقرت أسعار الذهب اليوم الثلاثاء 7 يوليو 2026 في مصر مع بداية التعاملات، بعدما سجلت تراجعا خلال جلسة أمس، ليستهل المعدن النفيس تداولات اليوم على استقرار في السوق المصرية.,اليوم السابع,ar,267,استقرت أسعار الذهب اليوم الثلاثاء 7 يوليو 2026 في مصر مع بداية التعاملات، بعدما سجلت تراجعا خلال جلسة أمس، ليستهل المعدن النفيس تداولات اليوم على استقرار في السوق المصرية، وسط ترقب المستثمرين لتحركات الأونصة العالمية وسعر صرف الدولار خلال الساعات المقبلة. وسجل سعر الذهب عيار 21، الأكثر تداولا في السوق المصرية، 5840 جنيها للجرام، ليستقر دون مستوى 5900 جنيه، بينما يواصل السوق مراقبة التطورات العالمية التي قد تحدد اتجاه الأسعار خلال الفترة المقبلة. أسعار الذهب اليوم الثلاثاء 7 يوليو 2026 في مصر (سعر البيع) سعر الذهب عيار 24: 6674.29 جنيها. سعر الذهب عيار 21: 5840.00 جنيها. سعر الذهب عيار 18: 5005.71 جنيها. سعر الذهب عيار 14: 3893.33 جنيها. سعر الجنيه الذهب: 46720 جنيها. سعر أوقية الذهب: 207570 جنيها. ووفقا لتحليل منصة جولد بيليون، يتحرك الذهب في السوق المصرية داخل نطاق سعري محدود، بعدما فشل في الحفاظ على التداول أعلى مستوى 5900 جنيه للجرام، وهو ما دفع الأسعار إلى التراجع بشكل طفيف في محاولة لتكوين قاعدة سعرية جديدة قد تدعم أي موجة صعود مقبلة. ويواصل استقرار سعر صرف الدولار أمام الجنيه، بالقرب من مستوى 49 جنيها، الحد من ارتفاع أسعار الذهب في السوق المصرية، حيث يعتمد تسعير المعدن النفيس محليا على حركة الدولار إلى جانب أسعار الأونصة في البورصات العالمية. كما ساهم تحسن المؤشرات الاقتصادية في دعم استقرار سوق الصرف، مع استمرار تدفقات الاستثمارات الأجنبية إلى أدوات الدين الحكومية، فضلا عن التقدم في برنامج الإصلاح الاقتصادي، وهو ما عزز استقرار الجنيه خلال الفترة الأخيرة. ويرى محللو سوق الذهب أن اتجاه الأسعار خلال الفترة المقبلة سيظل مرهونا بتحركات الأونصة العالمية وتوقعات أسعار الفائدة الأمريكية، إلى جانب تطورات سعر صرف الدولار، باعتبارها العوامل الأكثر تأثيرا على أسعار الذهب في مصر.,2026-07-07T09:50:11.402465+00:00,
youm7,tier1,https://www.youm7.com/story/2026/7/6/%D8%AA%D8%B9%D8%B1%D9%81-%D8%B9%D9%84%D9%89-%D8%A2%D8%AE%D8%B1-%D8%AA%D8%B7%D9%88%D8%B1%D8%A7%D8%AA-%D8%B3%D8%B9%D8%B1-%D8%A7%D9%84%D8%B0%D9%87%D8%A8-%D8%A7%D9%84%D9%8A%D9%88%D9%85-%D8%B9%D9%8A%D8%A7%D8%B1-24-%D8%A8%D9%806674/7472858,تعرف على آخر تطورات سعر الذهب اليوم.. عيار 24 ب6674 جنيها للجرام - اليوم السابع,كتب ـ حسام الشقويرى,2026-07-06 11:01:00+00:00,سجل جرام الذهب عيار 24 اليوم الاثنين 6 يوليو 2026 وفقا لآخر تحديث سعر 6674 جنيها، ويواصل الذهب المحلي التأثر بأداء الأوقية في البورصة العالمية..,اليوم السابع,ar,136,جرام الذهب عيار 24 اليوم الأثنين 6 يوليو 2026 وفقا لآخر تحديث سعر 6674 جنيها، ويواصل الذهب المحلي التأثر بأداء الأوقية في البورصة العالمية ، إلى جانب تأثير تحركات سعر صرف الدولار وتوقعات السياسة النقدية الأمريكية، وهي عوامل رئيسية تحدد اتجاه أسعار الذهب في مصر خلال الفترة المقبلة. وقرر الاحتياطى الفيدرالى الأمريكى في اجتماعه الأخير الإبقاء على أسعار الفائدة على الدولار دون تغيير، لتبقى عند 3.5%، وذلك في أول اجتماع للسياسة النقدية برئاسة كيفن وارش، في خطوة تعكس التشدد بشأن المسار المستقبلى لأسعار الفائدة. أسعار الذهب في مصر اليوم: عيار 24: 6674 جنيها عيار 21: 5840 جنيها عيار 18: 5005 جنيهات عيار 14: 3893 جنيها الجنيه الذهب: 46720 جنيها الأونصة: 207570 جنيها وتتأثر حركة الذهب عالميًا باستمرار قوة الدولار الأمريكي وارتفاع عوائد سندات الخزانة، وهو ما يقلل من الطلب على الذهب باعتباره ملاذًا لا يدر عائدًا.,2026-07-07T09:50:11.620024+00:00,
youm7,tier1,https://www.youm7.com/story/2026/7/7/%D9%85%D9%86-%D8%A7%D9%84%D8%AA%D9%86%D8%B8%D9%8A%D9%85-%D9%84%D8%B4%D8%A8%D9%83%D8%A7%D8%AA-%D8%A7%D9%84%D9%86%D9%81%D9%88%D8%B0-%D8%AC%D8%A8%D9%87%D8%A9-%D9%85%D8%AD%D9%85%D9%88%D8%AF-%D8%AD%D8%B3%D9%8A%D9%86-%D8%AA%D8%AA%D8%AD%D9%88%D9%84-%D8%A5%D9%84%D9%89-%D9%85%D8%AD%D9%88%D8%B1/7471979,من التنظيم لشبكات النفوذ.. جبهة محمود حسين تتحول إلى محور صراع داخلي يعكس أزمة التمويل وتآكل وحدة القرار داخل الجماعة الإرهابية.. القيادي الإخوانى البارز يتحول لمستثمر في بورصة الأجهزة المعادية على حساب مصر - اليوم السابع,كتب إسراء بدر – أحمد عرفة,2026-07-07 09:00:00+00:00,مع اشتعال الأزمات الداخلية لجماعة الإخوان الإرهابية، يبرز اسم محمود حسين بوصفه أحد القيادات البارزة في التنظيم، وأمينه العام السابق، والذي ارتبط اسمه بجبهة إسطنبول,اليوم السابع,ar,484,"مع اشتعال الأزمات الداخلية لجماعة الإخوان الإرهابية، يبرز اسم محمود حسين بوصفه أحد القيادات البارزة في التنظيم ، وأمينه العام السابق، والذي ارتبط اسمه خلال السنوات الأخيرة بما يعرف ب""جبهة إسطنبول "" داخل الجماعة، في ظل الانقسام الداخلي الذي شهده التنظيم بعد عام 2013. مرحلة ما بعد هروب قيادات الجماعة إلى الخارج، شهدت تحولا في طبيعة العمل التنظيمي من هيكل دعوي وسياسي تقليدي إلى شبكات أكثر تعقيدا تعمل عبر الإعلام والمنصات الرقمية والتمويل الخارجي، وفي هذا السياق، يطرح اسم محمود حسين بوصفه أحد أبرز القائمين على إدارة هذا التيار من إسطنبول. ""جبهة إسطنبول"" لم تعد تُقدم فقط كإطار تنظيمي داخلي، بل كمنظومة إدارة نفوذ إعلامي وسياسي، تعمل على التأثير في المشهد المصري والعربي من خلال أدوات متعددة تشمل الإعلام الرقمي، وإدارة الخطاب السياسي، ومحاولة التأثير في الرأي العام، من خلال إدارة مصالح عابرة للحدود. محمود حسين القيادي الإخوان أهم مراكز النفوذ داخل الهيكل التنظيمي للإخوان برز اسم محمود حسين كأحد أهم مراكز النفوذ داخل الهيكل التنظيمي، وسط اتهامات متداولة داخل بعض الدوائر الإخوانية بوجود خلافات حادة حول آليات إدارة التمويل وتوزيعه، في ظل غياب منظومة رقابية داخلية قادرة على ضبط هذا الملف أو حسم النزاعات المرتبطة به. الجماعة أصبحت بعد خلافاتها الأخيرة، أقرب إلى كيانات متوازية تتنافس على النفوذ والموارد، الأمر الذي انعكس بشكل مباشر على وحدة القرار داخل التنظيم، وأدى إلى تراجع قدرته على التحرك بشكل منسق أو إدارة أزماته الداخلية. جبهة محمود حسين التي أصبحت تعتمد بشكل كبير على التمويلات الخارجية من أجل التحريض على مصر، وتحصل على أموال باهظة نظير هذا الدور، من أجل تنفيذ مخططات أجهزة استخبارات أجنبية وإقليمية تعادي النهضة المصرية في كل المجالات. الإخوان اتساع الفجوة بين القيادات والقواعد التنظيمية وفي ظل هذا المشهد، تتسع الفجوة بين القيادات والقواعد التنظيمية، مع تزايد حالة الغموض حول كيفية إدارة التمويلات، وتراجع مستويات الثقة داخل الصف الإخواني، ما أدى إلى حالة من الإحباط داخل قطاعات واسعة من الأعضاء في الخارج، فالصراع حول التمويلات لم يعد مجرد خلاف إداري، بل تحول إلى عامل رئيسي في إعادة تشكيل بنية التنظيم، حيث تتقدم المصالح الفردية ومراكز النفوذ على حساب البنية الجماعية التقليدية التي كانت تميز الجماعة في السا يصنف محمود حسين داخل جماعته السابقة كأحد أبرز الشخصيات التنظيمية التي تولت ملفات إدارية وهيكلية داخل التنظيم، قبل أن يشهد الأخير انقسامات داخلية حادة أدت إلى تعدد مراكز القرار وتباين مواقف القيادات في الخارج، هذا الانقسام فتح الباب أمام قراءات متعددة حول طبيعة الدور الذي تلعبه كل مجموعة، سواء على مستوى التنظيم أو على مستوى النشاط الإعلامي والسياسي. جبهة محمود حسين تتصدر الصراع الداخلى وتتصدر جبهة محمود حسين، القائم بأعمال المرشد، مشهد الصراع الداخلي، مستفيدة من نفوذها الواسع داخل مؤسسات التنظيم وشبكاته المالية والإدارية، حيث تواجه هذه الجبهة اتهامات متكررة تتعلق بإدارة أموال الجماعة، خاصة بعد تداول تسريبات منسوبة إلى قيادات إخوانية تحدثت عن تجاوزات مالية واستغلال موارد التنظيم. التحول في عمل الجماعة الإرهابية في الخارج بات يتجه نحو الاعتماد على ما يمكن أن نسميه أدوات القوة الناعمة، مثل الإعلام الرقمي وشبكات العلاقات الدولية، وهو ما يفسر حالة الجدل الدائم حول مصادر التمويل وأهداف الخطاب السياسي.",2026-07-07T09:50:12.127525+00:00,
youm7,tier1,https://www.youm7.com/story/2026/7/6/%D8%B3%D8%B9%D8%B1-%D8%A7%D9%84%D8%B0%D9%87%D8%A8-%D8%A7%D9%84%D9%8A%D9%88%D9%85-%D8%A7%D9%84%D8%A7%D8%AB%D9%86%D9%8A%D9%86-6-%D9%8A%D9%88%D9%84%D9%8A%D9%88-2026-%D8%B9%D9%8A%D8%A7%D8%B1-24-%D8%A8%D8%AF%D9%88%D9%86/7473214,سعر الذهب اليوم الاثنين 6 يوليو 2026.. عيار 24 بدون مصنعية ب6674 جنيها - اليوم السابع,كتب حسام الشقويرى,2026-07-06 19:04:25+00:00,سجل عيار 24 سعر 6674 جنيه ، فى ظل حالة من الاستقرارالنسبى ،ومن جهة أخرى ارتفع الطلب العالمي على الذهب بنسبة 2% على أساس سنوي ليصل إلى 1230.9 طن في الربع الأول من عام 2026.,اليوم السابع,ar,177,سجل عيار 24 سعر 6674 جنيه ، فى ظل حالة من الاستقرارالنسبى ،ومن جهة أخرى ارتفع الطلب العالمي على الذهب بنسبة 2% على أساس سنوي ليصل إلى 1230.9 طن في الربع الأول من عام 2026، حيث عوض الارتفاع الكبير في مشتريات السبائك و العملات الذهبية ، بالإضافة إلى نمو مشتريات البنوك المركزية بنسبة 3%، انخفاض الطلب على المجوهرات بنسبة 23% أسعار الذهب اليوم في مصر - عيار 24: 6674.29 جنيها - عيار 21: 5840.00 جنيها - عيار 18: 5005.71 جنيها - عيار 14: 3893.33 جنيها - الجنيه الذهب: 46720 جنيها - أوقية الذهب: 207570 جنيها يستمد سعر الذهب اليوم دعمه من عدة عوامل، أبرزها تصاعد التوترات العسكرية في الشرق الأوسط، إضافة إلى حالة عدم اليقين المرتبطة بالسياسات التجارية الأمريكية، وما تبعها من اضطراب في معنويات المستثمرين وتراجع نسبي في الدولار. يُنظر تقليديًا إلى الذهب غير المرتبط بعائد على أنه وسيلة تحوط ضد عدم اليقين الاقتصادي والتضخم وتتغير أسعار الذهب في مصر بشكل مستمر على مدار اليوم، ويتذبذب السعر في حدود 15 إلى 20 جنيهًا صعودًا وهبوطًا، وذلك بسبب التطورات المتسارعة للذهب في البورصة العالمية، وعوامل العرض والطلب.,2026-07-07T09:50:12.553964+00:00,
youm7,tier1,https://www.youm7.com/story/2026/7/7/%D8%A3%D8%B3%D8%B9%D8%A7%D8%B1-%D8%A7%D9%84%D8%B0%D9%87%D8%A8-%D8%A7%D9%84%D9%8A%D9%88%D9%85-%D8%A7%D9%84%D8%AB%D9%84%D8%A7%D8%AB%D8%A7%D8%A1-7-%D9%8A%D9%88%D9%84%D9%8A%D9%88-2026-%D9%81%D9%8A-%D9%85%D8%B5%D8%B1-%D8%A7%D8%B3%D8%AA%D9%82%D8%B1%D8%A7%D8%B1/7473169,أسعار الذهب اليوم الثلاثاء 7 يوليو 2026 في مصر.. استقرار عيار 21 - اليوم السابع,,2026-07-07 04:00:00+00:00,استقرت أسعار الذهب اليوم الثلاثاء 7 يوليو 2026 في السوق المصرية مع بداية التعاملات، بعد التراجع الذي شهدته خلال جلسة أمس، وسط ترقب المستثمرين لتحركات الأونصة العالمية وسعر صرف الدولار..,اليوم السابع,ar,197,استقرت أسعار الذهب اليوم الثلاثاء 7 يوليو 2026 في السوق المصرية مع بداية التعاملات، بعد التراجع الذي شهدته خلال جلسة أمس، وسط ترقب المستثمرين لتحركات الأونصة العالمية وسعر صرف الدولار، اللذين يحددان اتجاه المعدن النفيس خلال الفترة المقبلة. ويأتي استقرار الأسعار في ظل استمرار حالة الحذر في الأسواق، بينما يترقب المتعاملون أي مستجدات اقتصادية عالمية قد تدفع الذهب إلى استئناف الصعود أو مواصلة التراجع. أسعار الذهب اليوم الثلاثاء 7 يوليو 2026 في مصر (سعر البيع) عيار 24: 6674.29 جنيها عيار 21: 5840.00 جنيها عيار 18: 5005.71 جنيها عيار 14: 3893.33 جنيها الجنيه الذهب: 46720 جنيها أوقية الذهب: 207570 جنيها ووفقا لتحليل منصة جولد بيليون، يتحرك الذهب في السوق المصرية داخل نطاق سعري محدود بعد فشله في الاستقرار أعلى مستوى 5900 جنيه لعيار 21، في وقت يواصل فيه استقرار سعر صرف الدولار أمام الجنيه الحد من فرص ارتفاع الأسعار محليا. كما تدعم تحسن المؤشرات الاقتصادية واستمرار تدفقات الاستثمارات الأجنبية إلى أدوات الدين الحكومية استقرار سوق الصرف، وهو ما ينعكس بشكل مباشر على حركة أسعار الذهب في مصر. ويتوقع محللون أن تظل أسعار الذهب في السوق المصرية مرتبطة بأداء الأونصة العالمية، إلى جانب تطورات السياسة النقدية الأمريكية، باعتبارها من أبرز العوامل المؤثرة في حركة المعدن النفيس خلال الفترة المقبلة.,2026-07-07T09:50:12.880620+00:00,
youm7,tier1,https://www.youm7.com/story/2026/7/7/%D8%A3%D8%B3%D8%B9%D8%A7%D8%B1-%D8%A7%D9%84%D8%B0%D9%87%D8%A8-%D8%A7%D9%84%D8%AB%D9%84%D8%A7%D8%AB%D8%A7%D8%A1-7-%D9%8A%D9%88%D9%84%D9%8A%D9%88-2026-%D9%81%D9%89-%D9%85%D8%B5%D8%B1-%D8%B9%D9%8A%D8%A7%D8%B1-21/7473650,أسعار الذهب الثلاثاء 7 يوليو 2026 فى مصر.. عيار 21 يتراجع إلى 5820 جنيها - اليوم السابع,,2026-07-07 07:59:58+00:00,تراجعت أسعار الذهب اليوم الثلاثاء 7 يوليو 2026 في السوق المصرية خلال التعاملات، مواصلة خسائرها للجلسة الثانية على التوالي، مع استمرار الضغوط الناتجة عن انخفاض الأونصة العالمية واستقرار سعر صرف الدولارا.,اليوم السابع,ar,197,تراجعت أسعار الذهب اليوم الثلاثاء 7 يوليو 2026 في السوق المصرية خلال التعاملات، مواصلة خسائرها للجلسة الثانية على التوالي، مع استمرار الضغوط الناتجة عن انخفاض الأونصة العالمية واستقرار سعر صرف الدولار، ليفقد الذهب عيار 21 نحو 20 جنيها مقارنة ببداية التعاملات، بينما تراجع الجنيه الذهب بنحو 160 جنيها. أسعار الذهب اليوم الثلاثاء 7 يوليو 2026 في مصر (سعر البيع) عيار 24: 6651.43 جنيها عيار 21: 5820.00 جنيها عيار 18: 4988.57 جنيها عيار 14: 3880.00 جنيها الجنيه الذهب: 46560 جنيها أوقية الذهب: 206859 جنيها ويأتي هذا التراجع بالتزامن مع انخفاض سعر الأونصة العالمية إلى نحو 4129.70 دولارا، بينما استقر سعر صرف الدولار أمام الجنيه عند 48.85 جنيه، وهو ما انعكس على حركة الذهب في السوق المصرية. وتشير التقديرات إلى أن أسعار الذهب في مصر ما زالت تتحرك داخل نطاق عرضي يميل إلى الهبوط، في ظل عدم قدرة عيار 21 على العودة أعلى مستوى 5900 جنيه للجرام، مع استمرار عمليات جني الأرباح بعد المكاسب التي حققها المعدن النفيس الأسبوع الماضي. ويترقب المتعاملون في سوق الذهب صدور بيانات اقتصادية أمريكية جديدة هذا الأسبوع، بحثا عن مؤشرات بشأن مسار أسعار الفائدة الأمريكية، والتي تعد من أبرز العوامل المؤثرة في حركة الذهب عالميا، إلى جانب تطورات سعر صرف الدولار في السوق المصرية.,2026-07-07T09:50:13.375173+00:00,
youm7,tier1,https://www.youm7.com/story/2026/7/6/%D8%B3%D8%B9%D8%B1-%D8%A7%D9%84%D8%B0%D9%87%D8%A8-%D8%A7%D9%84%D9%8A%D9%88%D9%85-%D8%A7%D9%84%D8%A7%D8%AB%D9%86%D9%8A%D9%86-6-%D9%8A%D9%88%D9%84%D9%8A%D9%88-2026-%D9%81%D9%8A-%D9%85%D8%B5%D8%B1-%D8%A7%D8%B3%D8%AA%D9%82%D8%B1%D8%A7%D8%B1/7473146,سعر الذهب اليوم الاثنين 6 يوليو 2026 في مصر.. استقرار في التعاملات المسائية - اليوم السابع,,2026-07-06 18:01:03+00:00,استقرت أسعار الذهب في السوق المصرية خلال مستهل التعاملات المسائية اليوم الاثنين 6 يوليو 2026، بعدما سجلت تراجعا محدودا في بداية جلسات الأسبوع.,اليوم السابع,ar,276,استقرت أسعار الذهب في السوق المصرية خلال مستهل التعاملات المسائية اليوم الاثنين 6 يوليو 2026، بعدما سجلت تراجعا محدودا في بداية جلسات الأسبوع، وسط استمرار حالة الترقب في الأسواق المحلية والعالمية، مع متابعة المستثمرين لتحركات الأونصة وسعر صرف الدولار. وسجل الذهب عيار 21، الأكثر تداولا في السوق المصرية، 5840 جنيها للبيع، ليستقر عند هذا المستوى بعد انخفاضه خلال التعاملات الصباحية، في ظل تداولات هادئة وترقب لاتجاهات الأسواق العالمية. أسعار الذهب اليوم الاثنين 6 يوليو 2026 في مصر (سعر البيع) عيار 24: 6674.29 جنيها عيار 21: 5840.00 جنيها عيار 18: 5005.71 جنيها عيار 14: 3893.33 جنيها الجنيه الذهب: 46720 جنيها أوقية الذهب: 207570 جنيها ووفقا لتحليل منصة جولد بيليون، يتحرك الذهب المحلي في نطاق عرضي محدود بعد موجة الصعود التي أنهت سلسلة من سبعة أسابيع متتالية من التراجع، إلا أن الأسعار لم تنجح في الاستقرار أعلى مستوى 5900 جنيه لعيار 21، لتعود إلى التداول دونه في محاولة لتكوين قاعدة سعرية جديدة تدعم أي ارتفاعات محتملة خلال الفترة المقبلة. ويواصل استقرار سعر صرف الدولار أمام الجنيه بالقرب من 49 جنيها الضغط على أسعار الذهب المحلية، نظرا لاعتماد تسعير المعدن النفيس في السوق المصرية على حركة الدولار إلى جانب أسعار الأونصة العالمية. كما ساهم تحسن المؤشرات الاقتصادية في دعم استقرار سوق الصرف، بعد عودة تدفقات الاستثمارات الأجنبية إلى أدوات الدين الحكومية، والتي بلغت نحو 8.1 مليار دولار خلال يونيو الماضي، إلى جانب التوصل إلى اتفاق على مستوى الخبراء مع صندوق النقد الدولي بشأن المراجعة السابعة، بما يمهد للحصول على تمويل جديد بقيمة 1.64 مليار دولار. ويرى محللون أن أسعار الذهب ستظل رهينة تحركات الأونصة العالمية وتطورات السياسة النقدية الأمريكية، في وقت يترقب فيه المستثمرون صدور بيانات اقتصادية جديدة قد تحدد اتجاه أسعار الفائدة، وبالتالي مسار الذهب خلال الفترة المقبلة.,2026-07-07T09:50:13.555472+00:00,
youm7,tier1,https://www.youm7.com/story/2026/7/7/%D8%AA%D8%AD%D8%AF%D9%8A%D8%AB-%D9%81%D9%88%D8%B1%D9%8A-%D9%81%D9%8A-%D8%B3%D8%B9%D8%B1-%D8%A7%D9%84%D8%B0%D9%87%D8%A8-%D8%A7%D9%84%D9%8A%D9%88%D9%85-%D8%A7%D9%84%D8%AB%D9%84%D8%A7%D8%AB%D8%A7%D8%A1-7-%D9%8A%D9%88%D9%84%D9%8A%D9%88-2026/7473142,تحديث فوري في سعر الذهب اليوم الثلاثاء 7 يوليو 2026 في مصر - اليوم السابع,,2026-07-07 00:00:00+00:00,استقرت أسعار الذهب في السوق المصرية مع بداية تعاملات اليوم الثلاثاء 7 يوليو 2026، بعدما سجلت تراجعا خلال جلسة أمس، وسط ترقب المستثمرين لتحركات الأونصة العالمية,اليوم السابع,ar,296,استقرت أسعار الذهب في السوق المصرية مع بداية تعاملات اليوم الثلاثاء 7 يوليو 2026، بعدما سجلت تراجعا خلال جلسة أمس، وسط ترقب المستثمرين لتحركات الأونصة العالمية وسعر صرف الدولار، في ظل استمرار التداولات داخل نطاق سعري محدود بعد موجة الصعود التي شهدها المعدن النفيس الأسبوع الماضي. وسجل سعر الذهب عيار 21، الأكثر تداولا في السوق المصرية، 5840 جنيها للجرام، ليستقر عند مستوياته الأخيرة مع بداية التعاملات، بينما يترقب المتعاملون أي مستجدات في الأسواق العالمية قد تحدد اتجاه الأسعار خلال الأيام المقبلة. أسعار الذهب اليوم الثلاثاء 7 يوليو 2026 في مصر (سعر البيع) عيار 24: 6674.29 جنيها عيار 21: 5840.00 جنيها عيار 18: 5005.71 جنيهات عيار 14: 3893.33 جنيها الجنيه الذهب: 46720 جنيها أوقية الذهب: 207570 جنيها ووفقا لتحليل منصة جولد بيليون، افتتح الذهب عيار 21 تداولات الأسبوع بالقرب من مستوى 5850 جنيها قبل أن يتراجع إلى 5840 جنيها، ليستمر في التحرك أسفل مستوى المقاومة البالغ 5900 جنيه، بعدما فشل في الحفاظ على مكاسبه التي حققها بنهاية الأسبوع الماضي. وأشار التقرير إلى أن أسعار الذهب في السوق المصرية تتأثر خلال الفترة الحالية باستقرار سعر صرف الدولار أمام الجنيه، والذي يتحرك بالقرب من 49 جنيها، ما يحد من فرص تسجيل ارتفاعات قوية، نظرا لاعتماد تسعير الذهب محليا على حركة سعر الصرف إلى جانب أسعار الأونصة العالمية. كما ساهم تحسن المؤشرات الاقتصادية في دعم استقرار سوق الصرف، مع عودة تدفقات الاستثمارات الأجنبية إلى أدوات الدين الحكومية، والتي بلغت نحو 8.1 مليار دولار خلال يونيو الماضي، فضلا عن التوصل إلى اتفاق على مستوى الخبراء مع صندوق النقد الدولي بشأن المراجعة السابعة، وهو ما يعزز استقرار الأوضاع النقدية في مصر. ويرى محللو جولد بيليون أن أسعار الذهب في السوق المصرية ستظل مرتبطة بأداء الأونصة العالمية وتحركات الدولار خلال الفترة المقبلة، مع ترقب المستثمرين لأي بيانات اقتصادية أمريكية جديدة قد تؤثر على توقعات أسعار الفائدة، ومن ثم تحدد المسار المقبل للمعدن النفيس.,2026-07-07T09:50:14.020458+00:00,
youm7,tier1,https://www.youm7.com/story/2026/7/6/%D8%AE%D8%A8%D8%B1%D8%A7%D8%A1-%D8%B4%D8%B1%D9%83%D8%A9-%D9%85%D8%B5%D8%B1-%D9%84%D9%84%D8%BA%D8%B2%D9%84-%D9%88%D8%A7%D9%84%D9%86%D8%B3%D9%8A%D8%AC-%D8%A8%D8%A7%D9%84%D9%85%D8%AD%D9%84%D8%A9-%D8%AA%D8%AD%D8%AA%D8%A7%D8%AC-%D8%A8%D8%B5%D9%88%D8%B1%D8%A9-%D8%B9%D8%A7%D8%AC%D9%84%D8%A9-%D8%A5%D9%84%D9%89/7472971,خبراء: شركة مصر للغزل والنسيج بالمحلة تحتاج بصورة عاجلة إلى 2 مليار جنيه - اليوم السابع,كتب عبد الحليم سالم,2026-07-06 14:55:00+00:00,أكد خبراء في صناعة الغزل والنسيج والتمويل ، أن شركة مصر للغزل والنسيج بالمحلة الكبرى تحتاج بصورة عاجلة إلى توفير نحو 2 مليار جنيه لاستكمال المرحلة الأخيرة من مشروع التطوير الشامل.,اليوم السابع,ar,430,أكد خبراء في صناعة الغزل والنسيج والتمويل، أن شركة مصر للغزل والنسيج بالمحلة الكبرى تحتاج بصورة عاجلة إلى توفير نحو 2 مليار جنيه لاستكمال المرحلة الأخيرة من مشروع التطوير الشامل، بما يشمل الانتهاء من إنشاء وتشغيل المصبغة الجديدة، واستكمال توريد وتشغيل ماكينات التفصيل والملابس الجاهزة، وإنهاء بعض أعمال البنية الأساسية والمرافق اللازمة للتشغيل الكامل للمجمع الصناعي الجديد. وقال الدكتور محمد هلال ، خبير أسواق المال وعضو الجمعية المصرية للاقتصاد السياسى، إن سرعة توفير التمويل تمثل عاملًا حاسمًا لتعظيم العائد من الاستثمارات الضخمة التي ضختها الدولة خلال السنوات الماضية، مؤكدين أن أي تأخير في استكمال المشروعات سيؤثر على الجدول الزمني للوصول إلى الطاقة الإنتاجية المستهدفة. الشراكة مع القطاع الخاص وأوضح محمد هلال أن الحديث المتداول بشأن دراسة إنشاء شركة جديدة بالشراكة مع القطاع الخاص لتشغيل الاستثمارات الحديثة، مع استمرار الشركة الحالية في تشغيل الماكينات القديمة، يفرض ضرورة حسم الرؤية الاستثمارية، بما يضمن الحفاظ على وحدة منظومة الإنتاج وتعظيم الاستفادة من الأصول التي أنفقت عليها الدولة مليارات الجنيهات. وأشار إلى أن مشروع تطوير شركة مصر للغزل والنسيج بالمحلة يعد أكبر مشروع لتحديث صناعة الغزل والنسيج في مصر والشرق الأوسط، حيث تجاوزت استثماراته 24 مليار جنيه في المحلة وحدها ضمن المشروع القومي لتطوير شركات الغزل والنسيج التابعة لقطاع الأعمال العام الذي يتكلف 80 مليار جنيه. تفاصيل المشروع وأضاف مهندس أشرف بدوي خبير صناعة الغزل ، أن المشروع شمل إنشاء مصانع جديدة بالكامل، وتحديث مصانع قائمة، وتركيب مئات الماكينات الحديثة من كبرى الشركات العالمية، وفي مقدمتها مصنع غزل (1) الذي يعد أكبر مصنع للغزل في العالم من حيث عدد المرادن تحت سقف واحد، ومصنع 4 ، إلى جانب إنشاء مصانع متخصصة للغزل الرفيع والسميك والنسيج والتجهيز والصباغة والوبريات، فضلاً عن تطوير شبكات الكهرباء ومحطات المحولات والمياه والطرق الداخلية والمخازن والبنية التحتية الداعمة للعملية الإنتاجية. أهمية المصبغة وأكد أن المصبغة الجديدة تمثل إحدى الحلقات الرئيسية لتحقيق التكامل الصناعي ورفع القيمة المضافة للمنتجات المصرية، فيما يعد مشروع الملابس الجاهزة والتفصيل خطوة أساسية للتحول من تصدير الخيوط والأقمشة إلى تصدير منتجات نهائية ذات قيمة اقتصادية أعلى، وهو ما يسهم في زيادة الصادرات وخلق فرص عمل جديدة. وشدد بدوي على أن استكمال التمويل المطلوب سيؤدي إلى الإسراع بتشغيل جميع مراحل المشروع، وزيادة الطاقة الإنتاجية، وتحسين جودة المنتجات، وتعزيز القدرة التنافسية للصناعة المصرية في الأسواق العالمية، وتحقيق العائد المستهدف من الاستثمارات التي ضختها الدولة في هذا القطاع الاستراتيجي يشار أن مشروع تطوير مصانع الغزل والنسيج يستهدف رفع الطاقة الإنتاجية من الغزل لتصل إلى 188 ألف طن سنويًا بعد التطوير، مقابل نحو 35 ألف طن قبل التطوير ، و زيادة قدرة النسيج إلى 198 مليون متر سنويًا، مقارنة ب 50 مليون متر قبل التطوير مع زيادة إنتاج الملابس الجاهزة والمشغولات إلى 50 مليون قطعة سنويًا مقابل 8 ملايين قبل التطوير.,2026-07-07T09:50:14.525689+00:00,
youm7,tier1,https://www.youm7.com/story/2026/7/6/%D9%85%D9%86%D8%AA%D8%AE%D8%A8-%D9%85%D8%B5%D8%B1-%D9%8A%D8%AD%D8%AA%D9%81%D9%89-%D8%A8%D8%AA%D9%87%D9%86%D8%A6%D8%A9-%D8%A7%D9%84%D8%B1%D8%A6%D9%8A%D8%B3-%D8%A7%D9%84%D8%B3%D9%8A%D8%B3%D9%89-%D8%AE%D9%84%D8%A7%D9%84-%D8%A7%D9%81%D8%AA%D8%AA%D8%A7%D8%AD-%D8%A7%D9%84%D9%82%D9%8A%D8%A7%D8%AF%D8%A9-%D8%A7%D9%84%D8%A7%D8%B3%D8%AA%D8%B1%D8%A7%D8%AA%D9%8A%D8%AC%D9%8A%D8%A9/7472944,منتخب مصر يحتفى بتهنئة الرئيس السيسى خلال افتتاح القيادة الاستراتيجية.. فيديو - اليوم السابع,كتب محمد عبد العظيم,2026-07-06 12:00:00+00:00,في أجواء امتزجت فيها مشاعر الفخر الوطني بالاحتفاء بالإنجاز الرياضي، تفاعل الجهاز الفني ولاعبو منتخب مصر مع كلمات الرئيس عبد الفتاح السيسي..,اليوم السابع,ar,130,"في أجواء امتزجت فيها مشاعر الفخر الوطني بالاحتفاء بالإنجاز الرياضي، تفاعل الجهاز الفني ولاعبو منتخب مصر لكرة القدم، مع كلمات الرئيس عبد الفتاح السيسي خلال افتتاح مقر القيادة الاستراتيجية للدولة المصرية بالعاصمة الإدارية الجديدة، بعدما حرص على تهنئة الشعب المصري بصعود الفراعنة لدور ال 16 ببطولة كأس العالم 2026، مؤكدًا أن هذا الإنجاز يمثل ""يومًا جميلًا"" أكرم الله فيه المصريين وجبر خاطرهم. الرئيس السيسي يقدم التهنئة بمناسبة فوز منتخب مصر وقدم الرئيس عبد الفتاح السيسي، التهنئة للشعب المصري بمناسبة فوز منتخب مصر في بطولة كأس العالم. وقال الرئيس السيسي في بداية كلمته في افتتاح مقر القيادة الاستراتيجية للدولة المصرية بالعاصمة الجديدة: ""أوجه التحية والاعتزاز وأهنئ الشعب المصري بنجاح منتخب مصر في بطولة كأس العالم.. وده يوم جميل إن ربنا سبحانه تعالي يكرمنا ويجبر خاطرنا جبر جميل في يوم زي ده"".",2026-07-07T09:50:14.800389+00:00,
youm7,tier1,https://www.youm7.com/story/2026/7/7/%D9%85%D8%B9%D8%A7%D9%88%D9%86-%D9%88%D8%B2%D9%8A%D8%B1-%D8%A7%D9%84%D8%B3%D9%8A%D8%A7%D8%AD%D8%A9-%D9%8A%D9%83%D8%B4%D9%81-%D8%A3%D8%B3%D8%B1%D8%A7%D8%B1-%D8%A7%D9%84%D8%AD%D8%B6%D8%A7%D8%B1%D8%A7%D8%AA-%D8%A7%D9%84%D8%BA%D8%A7%D8%B1%D9%82%D8%A9-%D9%81%D9%89-%D9%85%D8%AD%D8%A7%D8%B6%D8%B1%D8%A9-%D8%A8%D9%82%D8%B5%D8%B1/7473826,معاون وزير السياحة يكشف أسرار الحضارات الغارقة فى محاضرة بقصر الأمير طاز - اليوم السابع,كتب محمد أسعد,2026-07-07 09:35:00+00:00,نظمت مؤسسة زاهي حواس للآثار والتراث، محاضرة علمية وتوعوية استثنائية تحت عنوان «الآثار المغمورة بالمياه .. أسرار حضارة غارقة» بمركز إبداع قصر الأمير طاز بحي الخليفة,اليوم السابع,ar,301,نظمت مؤسسة زاهي حواس للآثار والتراث، محاضرة علمية وتوعوية استثنائية تحت عنوان «الآثار المغمورة بالمياه .. أسرار حضارة غارقة» بمركز إبداع قصر الأمير طاز بحي الخليفة، وذلك في إطار برامجها الثقافية المستمرة لنشر الوعي الأثري، وشهدت الندوة حضوراً نخبوياً حاشداً ومتميزاً من قيادات وزارة السياحة والآثار والأكاديميين. وجاء في مقدمة الحضور الدكتور محمد شعبان معاون وزير السياحة والآثار للخدمات الرقمية والتحول الرقمي، والدكتور جمال مصطفى مستشار الأمين العام للآثار الإسلامية، والدكتور ضياء زهران رئيس قطاع الآثار الإسلامية، والدكتور محمد عبد البديع رئيس قطاع الآثار المصرية، والدكتورة نشوى جابر نائب رئيس متحف الحضارة، وسعيد شبل رئيس قطاع تسجيل الآثار، والدكتور مؤمن سعد مدير عام الإدارة العامة للرقابة علي المنافذ الأثرية، والدكتور إسلام سليم مدير عام إدارة الغوص والانشطة البحرية بوزارة السياحة والآثار، إلى جانب لفيف من الأثريين وعشاق التراث المصري. وألقى المحاضرة الدكتور أحمد رحيمة، معاون وزير السياحة والآثار والمشرف العام على وحدة التدريب المركزي، حيث اصطحب الحضور في رحلة معرفية وتاريخية شيقة في أعماق البحار، مستعرضاً طيفاً من المحاور الاستراتيجية والعلمية الهامة؛ حيث بدأت المحاضرة بتقديم مقدمة شاملة وعميقة عن تخصص الآثار المغمورة بالمياه، ونشأة هذا العلم الدقيق والصعوبات اللوجستية والفنية التي تواجه الأثريين تحت سطح الماء، مع تصويب المفاهيم المغلوطة والمرتبطة به لدى الكثيرين. كما طاف بالحضور في جولة سريعة وموجزة للتعرف على أهم مواقع الآثار المغمورة بالمياه حول العالم، قبل الانتقال إلى الشأن المحلي لتسليط الضوء على الريادة المصرية في هذا المجال، مستعرضاً بدايات الكشف عن الآثار المغمورة في مصر والقصص التاريخية وراء اكتشافها، وأبرز المواقع المكتشفة التي تذخر بها السواحل المصرية وتحديداً في الإسكندرية والساحل الشمالي وبحر أحمر، والتي تعد شواهد حية على حقب تاريخية متعاقبة من العصور الفرعونية والبطلمية والرومانية. واختتمت المحاضرة بمسح تحليلي شامل للجهود المؤسسية الحثيثة والمستمرة للدولة المصرية في مجال الكشف عن الآثار المغمورة بالمياه، والآليات التكنولوجية الحديثة وأجهزة الممسح الصوتي والراداري المتبعة للحفاظ عليها وصونها وترميمها كجزء لا يتجزأ من الإرث الحضاري الإنساني.,2026-07-07T09:50:15.350580+00:00,
youm7,tier1,https://www.youm7.com/story/2026/7/6/%D8%AF%D9%85%D9%88%D9%8A%D8%A9-%D8%A7%D9%84%D8%A7%D8%AE%D9%88%D8%A7%D9%86-%D8%A8%D8%B9%D8%AF-30-%D9%8A%D9%88%D9%86%D9%8A%D9%88-%D9%85%D8%AD%D8%B7%D8%A7%D8%AA-%D9%81%D9%8A-%D9%85%D9%88%D8%A7%D8%AC%D9%87%D8%A9-%D8%A7%D9%84%D8%AF%D9%88%D9%84%D8%A9-%D8%A7%D9%84%D9%85%D8%B5%D8%B1%D9%8A%D8%A9/7472924,دموية الاخوان بعد 30 يونيو.. محطات في مواجهة الدولة المصرية مع الجماعة الإرهابية.. عام من الحكم أظهر أهدافهم بتكفير معارضيهم وإثارة الأزمات بالاعتصامات والتفجيرات لإحكام السيطرة على مؤسسات الدولة - اليوم السابع,كتب محمد عبد الرازق,2026-07-06 19:00:00+00:00,لم تكن أحداث 30 من يونيو 2013 مجرد تحول سياسي أنهى عامًا من حكم الرئيس الأسبق محمد مرسي، بل مثلت بداية مرحلة أمنية بالغة التعقيد، دخلت خلالها الدولة المصرية,اليوم السابع,ar,704,"لم تكن أحداث 30 من يونيو 2013 مجرد تحول سياسي أنهى عامًا من حكم الرئيس الأسبق محمد مرسي، بل مثلت بداية مرحلة أمنية بالغة التعقيد، دخلت خلالها الدولة المصرية مواجهة مفتوحة مع موجة من أعمال العنف والعمليات الإرهابية امتدت لسنوات، واستهدفت قوات الجيش والشرطة والمنشآت العامة ودور العبادة، وسط اتهامات رسمية لجماعة الإخوان الارهابية بالتحريض على العنف، بينما نفت الجماعة تلك الاتهامات. وبين مشهد الملايين التي خرجت إلى الشوارع مطالبة بانتخابات رئاسية مبكرة، واعتصامين استمرا لأسابيع في رابعة العدوية والنهضة، تصاعدت الأحداث بوتيرة متسارعة، لتفتح واحدة من أكثر صفحات التاريخ المصري الحديث إثارة للجدل. عام من الحكم... وانقسام متزايد مع تولي محمد مرسي رئاسة الجمهورية في يونيو 2012، دخلت البلاد مرحلة اتسمت باستقطاب سياسي حاد. واتهمت قوى سياسية ومدنية جماعة الإخوان بالسعي إلى إحكام سيطرتها على مؤسسات الدولة، بينما أكدت الجماعة أنها تمارس حقها في تنفيذ برنامجها الانتخابي. ومع تزايد الاحتجاجات واتساع رقعة المعارضة، بدأت الدعوات للتظاهر في 30 يونيو، مطالبة بإنهاء حكم مرسي وإجراء انتخابات رئاسية مبكرة. خطاب «الشرعية»... اللحظات الأخيرة قبل أيام من المظاهرات، ألقى مرسي خطابًا أكد فيه تمسكه بالشرعية الدستورية ورفضه الاستجابة لمطالب التنحي، محذرًا من تداعيات المسار الذي كانت تتجه إليه البلاد. غير أن الخطاب لم ينجح في احتواء الأزمة، إذ خرجت حشود كبيرة في مختلف المحافظات، لتعلن القوات المسلحة في 3 يوليو 2013 عزل مرسي، استنادًا إلى ما وصفته بانحيازها لإرادة الشعب. اعتصامان في قلب الأزمة تحول ميدانا رابعة العدوية والنهضة إلى مركزين رئيسيين لاعتصامات أنصار الرئيس المعزول، حيث ألقيت خطابات متكررة لعدد من قيادات الجماعة وحلفائها، من بينهم محمد بديع، وصفوت حجازي، ومحمد البلتاجي، وطارق الزمر. ورأت السلطات أن بعض تلك التصريحات حملت رسائل تحريضية وتصعيدية، بينما أكد المعتصمون أنهم يمارسون حقهم في الاحتجاج السلمي، وهو ما جعل الاعتصامين محورًا رئيسيًا للأزمة السياسية والأمنية. من الاحتجاج إلى المواجهات بمرور الوقت، امتدت الاشتباكات إلى عدد من المحافظات، وشهدت مناطق مثل بين السرايات مواجهات دامية بين مؤيدين ومعارضين للرئيس المعزول، أسفرت عن سقوط قتلى ومصابين. وفي الإسكندرية، أثارت واقعة إلقاء أشخاص من أعلى أحد العقارات في منطقة سيدي جابر خلال اشتباكات بين أطراف متنازعة صدمة واسعة، بعدما وثقتها مقاطع مصورة انتشرت على نطاق واسع. وفي الوقت ذاته، شهد محيط الحرس الجمهوري مواجهات بين قوات الأمن وعدد من أنصار مرسي، بعد دعوات للتوجه إلى المنطقة اعتقادًا بوجود الرئيس المعزول داخلها. سيناء... تصاعد العمليات الإرهابية بالتوازي مع الأزمة السياسية، تصاعد نشاط الجماعات المسلحة في شمال سيناء، حيث استهدفت الهجمات الكمائن الأمنية، وأقسام الشرطة، وخطوط الغاز، ومنشآت حيوية أخرى. واستندت السلطات إلى تصريحات منسوبة لمحمد البلتاجي، ربط فيها توقف العنف في سيناء بعودة مرسي إلى السلطة، باعتبارها أحد الأدلة التي استشهدت بها في التحقيقات، بينما رفضت الجماعة تلك الاتهامات، ونفت أي صلة لها بالعمليات المسلحة. تفويض شعبي وتحرك أمني في 24 يوليو 2013، دعا وزير الدفاع آنذاك،"" عبد الفتاح السيسي""، المصريين إلى النزول لمنحه تفويضًا لمواجهة الإرهاب والعنف المحتمل. وبعد يومين، خرجت حشود كبيرة في ميادين عدة، في مشهد اعتبرته الدولة دعمًا شعبيًا لاتخاذ إجراءات أمنية ضد الجماعات المسلحة. فض رابعة والنهضة... نقطة فاصلة في 14 أغسطس 2013، نفذت قوات الأمن عملية فض اعتصامي رابعة العدوية والنهضة، وهي العملية التي أسفرت عن سقوط أعداد كبيرة من الضحايا، مع اختلاف التقديرات بين الجهات الرسمية والمنظمات الحقوقية. وأعقب الفض موجة من أعمال العنف في عدد من المحافظات، شملت الهجوم على أقسام الشرطة والمنشآت الحكومية، وكان من أبرزها الهجوم على قسم شرطة كرداسة، الذي أسفر عن مقتل عدد من رجال الشرطة. كما تعرضت عشرات الكنائس والمنشآت التابعة لها لأعمال حرق وتخريب في محافظات مختلفة، في هجمات أدانتها مؤسسات الدولة والكنائس المصرية. سنوات من المواجهة خلال السنوات التالية، كثفت القوات المسلحة ووزارة الداخلية عملياتهما ضد التنظيمات المسلحة، خاصة في شمال سيناء، معلنتين تنفيذ مئات المداهمات، وضبط أسلحة ومتفجرات، والقضاء على عناصر مصنفة إرهابية. وفي المقابل، شهدت المحاكم المصرية سلسلة من القضايا المتعلقة بأحداث العنف والإرهاب، انتهت بإصدار أحكام بحق عدد من قيادات وأعضاء جماعة الإخوان وآخرين، بينما استمرت المنظمات الحقوقية في إبداء ملاحظاتها بشأن بعض الإجراءات، وهو ما رفضته السلطات مؤكدة أن جميع الإجراءات تمت وفقًا للقانون. المشهد بعد أكثر من عقد بعد مرور أكثر من عشر سنوات على تلك الأحداث، لا تزال تداعياتها حاضرة في المشهد المصري، سواء على المستوى السياسي أو الأمني. وبين روايات متباينة حول تفاصيل المرحلة، يبقى الثابت أن مصر شهدت واحدة من أكثر الفترات اضطرابًا في تاريخها الحديث، وأن مواجهة الإرهاب أصبحت أحد أبرز ملفات الدولة خلال العقد الأخير، مع استمرار الجهود الأمنية والقانونية لمنع عودة العنف وحماية مؤسسات الدولة والمجتمع.",2026-07-07T09:50:15.647829+00:00,
youm7,tier1,https://www.youm7.com/story/2026/7/6/19-9-%D9%AA-%D8%B2%D9%8A%D8%A7%D8%AF%D8%A9-%D9%81%D9%8A-%D9%82%D9%8A%D9%85%D8%A9-%D8%B5%D8%A7%D8%AF%D8%B1%D8%A7%D8%AA-%D9%85%D8%B5%D8%B1-%D8%A5%D9%84%D9%89-%D8%A7%D9%84%D9%88%D9%84%D8%A7%D9%8A%D8%A7%D8%AA/7472894,"19,9 ٪ زيادة في قيمة صادرات مصر إلى الولايات المتحدة الأمريكية عام 2025 - اليوم السابع",كتب مدحت عادل,2026-07-06 11:21:00+00:00,"أصدر الجهاز المركزي للتعبئة العامة والإحصاء اليوم الإثنين نشرة العلاقات الاقتصادية بين مصر والولايات المتحدة الأمريكية عام 2025"".",اليوم السابع,ar,176,"أصدر الجهاز المركزي للتعبئة العامة والإحصاء اليوم الإثنين نشرة العلاقات الاقتصادية بين مصر والولايات المتحدة الأمريكية عام 2025 "". وتتناول النشرة بالعرض والتحليل حجم التجارة الخارجية مع الولايات المتحدة الأمريكية (صادرات - واردات) عامي ( 2024، 2025 ). أهم المؤشرات بلغت قيمة الصادرات المصرية إلى الولايات المتحدة الامريكية 2,7 مليار دولار عام 2025 وتمثل 5.2% من صادرات مصر للعالم مقابل 2,3 مليار دولار عام 2024 بنسبة زيادة قدرها 19,9%. وجاءت الصادرات من الملابس الجاهزة فى المرتبة الأولى بنسبة 48,7 % من إجمالى الصادرات للولايات المتحدة الأمريكية حيث بلغت 1,3 مليار دولار عام 2025 مقابل 1,2 مليار دولار عام 2024 بنسبة زيادة قدرها 11,4٪. واردات مصر وبلغت قيمة الواردات المصرية من الولايات المتحدة الأمريكية 13,0 مليار دولار عام 2025 وتمثل 12,6 % من واردات مصر من العالم مقابل 7,6 مليار دولار عام 2024 بنسبة زيادة قدرها 70,6 %. وجاءت الواردات من وقود وزيوت معدنية ومنتجات تقطيرها فى المرتبة الأولى بنسبة 59,7 % من إجمالى الواردات من الولايات المتحدة الأمريكية حيث بلغت 7,8 مليار دولار عام 2025 مقابل 3,3 مليار دولار عام 2024 بنسبة زيادة قدرها 133,3 ٪.",2026-07-07T09:50:15.744396+00:00,
youm7,tier1,https://www.youm7.com/story/2026/7/6/%D9%85%D8%AD%D9%85%D8%AF-%D8%B9%D8%A8%D8%AF%D8%A9-%D8%AF%D9%88%D9%84%D8%A9-%D8%A7%D9%84%D8%AA%D9%84%D8%A7%D9%88%D8%A9-%D8%AA%D8%B9%D9%8A%D8%AF-%D8%AA%D9%82%D8%AF%D9%8A%D9%85-%D8%A7%D9%84%D9%85%D8%AF%D8%B1%D8%B3%D8%A9-%D8%A7%D9%84%D9%85%D8%B5%D8%B1%D9%8A%D8%A9-%D8%A7%D9%84%D8%B9%D8%B1%D9%8A%D9%82%D8%A9-%D9%84%D9%84%D8%A3%D8%AC%D9%8A%D8%A7%D9%84/7472600,محمد عبدة: دولة التلاوة تعيد تقديم المدرسة المصرية العريقة للأجيال الجديدة - اليوم السابع,كتب _ هشام عبد الجليل,2026-07-06 11:00:00+00:00,"أشاد النائب محمد عبدة، عضو مجلس النواب، بانطلاق فعاليات الموسم الثاني من برنامج ""دولة التلاوة""، مؤكدًا أن البرنامج يعكس اهتمامًا واضحًا بالحفاظ على الهوية المصرية الأصيلة..",اليوم السابع,ar,229,"أشاد النائب محمد عبدة، عضو مجلس النواب، بانطلاق فعاليات الموسم الثاني من برنامج "" دولة التلاوة ""، مؤكدًا أن البرنامج يعكس اهتمامًا واضحًا بالحفاظ على الهوية المصرية الأصيلة وإعادة إحياء المدرسة المصرية العريقة في تلاوة القرآن الكريم، والتي شكلت لعقود طويلة أحد أهم عناصر التأثير الثقافي والديني لمصر داخل العالم الإسلامي. وأوضح عضو مجلس النواب، أن مصر نجحت على مدار تاريخها في تأسيس مدرسة فريدة في التلاوة والإنشاد الديني، وأصبحت أصوات كبار القراء المصريين علامة بارزة ارتبطت بوجدان الشعوب العربية والإسلامية، مشيرًا إلى أن استمرار دعم هذه المسيرة من خلال برامج متخصصة يمثل خطوة مهمة للحفاظ على هذا التراث الكبير ونقله بصورة حديثة إلى الأجيال الجديدة. الاهتمام بالأصوات واكتشاف المواهب وأشار محمد عبدة، إلى أن البرنامج يؤدي دورًا مهمًا في اكتشاف المواهب التي ربما لا تتاح لها الفرصة للوصول إلى الجمهور، مؤكدًا أن العديد من الأصوات المتميزة تحتاج فقط إلى الرعاية والدعم والتدريب المناسب حتى تتمكن من إبراز قدراتها الحقيقية، لافتًا إلى أن توفير منصات متخصصة يضمن تقديم هذه المواهب بصورة تليق بمكانة القرآن الكريم ورسالة مصر الدينية والثقافية. وأضاف أن الاهتمام بحفظة القرآن الكريم يمثل استثمارًا طويل الأمد في المجتمع، لأن هذه النماذج تحمل منظومة من القيم والأخلاق والانضباط، كما أن رعاية الموهوبين في هذا المجال تعزز من نشر الفكر الوسطي الصحيح وتدعم جهود الدولة في بناء أجيال أكثر وعيًا وقدرة على مواجهة الأفكار المتطرفة، بما يرسخ استمرار الدور المصري التاريخي في خدمة القرآن الكريم ونشر رسالته السمحة.",2026-07-07T09:50:16.185435+00:00,
youm7,tier1,https://www.youm7.com/story/2026/7/7/%D8%B3%D8%B9%D8%B1-%D8%A7%D9%84%D8%AF%D9%88%D9%84%D8%A7%D8%B1-%D8%B9%D9%84%D9%89-%D9%85%D8%AF%D8%A7%D8%B1-%D8%A7%D9%84%D8%B3%D8%A7%D8%B9%D8%A9-48-75-%D8%AC%D9%86%D9%8A%D9%87-%D8%B4%D8%B1%D8%A7%D8%A1-%D8%A7%D9%84%D8%A3%D8%AE%D8%B6%D8%B1/7473134,سعر الدولار على مدار الساعة.. 48.75 جنيه شراء الأخضر فى بنك الإسكندرية - اليوم السابع,كتب أيمن رمضان الشريف,2026-07-07 03:00:00+00:00,استقر سعر الدولار الأمريكى أمام الجنيه المصرى، اليوم الثلاثاء 7 يوليو 2026، فى بنك الإسكندرية عند 48.75 جنيه للشراء، و48.85 جنيه للبيع.,اليوم السابع,ar,211,استقر سعر الدولار الأمريكى أمام الجنيه المصرى، اليوم الثلاثاء 7 يوليو 2026، فى بنك الإسكندرية عند 48.75 جنيه للشراء، و48.85 جنيه للبيع. وثبت سعر الدولار في بنك مصر عند 48.82 جنيه للشراء 48.92 جنيه للبيع، وفى البنك الأهلى المصرى 48.82 جنيه للشراء 48.92 جنيه للبيع. واستقر سعر الدولار فى البنك المركزي المصرى عند 48.79 جنيه للشراء 48.93 جنيه للبيع، وفى البنك التجارى الدولى 48.75 جنيه للشراء 48.85 جنيه للبيع. أسعار الدولار في البنوك المصرية: سعر الدولار فى البنك المركزي المصري - 48.79 جنيه للشراء. - 48.93 جنيه للبيع. سعر الدولار فى البنك الأهلي المصري - 48.82 جنيه للشراء. - 48.92 جنيه للبيع. سعر الدولار فى بنك مصر - 48.82 جنيه للشراء. - 48.92 جنيه للبيع. سعر الدولار فى بنك الإسكندرية - 48.75 جنيه للشراء. - 48.85 جنيه للبيع. سعر الدولار فى البنك التجاري الدولي CIB - 48.75 جنيه للشراء. - 48.85 جنيه للبيع. سعر الدولار فى بنك البركة - 48.80 جنيه للشراء. - 48.90 جنيه للبيع. سعر الدولار فى المصرف المتحد - 48.80 جنيه للشراء. - 48.90 جنيه للبيع. سعر الدولار فى بنك كريدى اجريكول - 48.75 جنيه للشراء. - 48.85 جنيه للبيع. سعر الدولار فى بنك قناة السويس - 48.83 جنيه للشراء. - 48.93 جنيه للبيع. سعر الدولار فى البنك المصرى الخليجى - 48.82 جنيه للشراء. - 48.92 جنيه للبيع.,2026-07-07T09:50:16.561881+00:00,
youm7,tier1,https://www.youm7.com/story/2026/7/6/%D8%B3%D8%B9%D8%B1-%D8%A7%D9%84%D8%B0%D9%87%D8%A8-%D8%A7%D9%84%D9%8A%D9%88%D9%85-%D8%A7%D9%84%D8%A5%D8%AB%D9%86%D9%8A%D9%86-6-%D9%8A%D9%88%D9%84%D9%8A%D9%88-2026-%D9%81%D9%89-%D9%85%D8%B5%D8%B1-%D8%B9%D9%8A%D8%A7%D8%B1/7472937,سعر الذهب اليوم الإثنين 6 يوليو 2026 فى مصر.. عيار 21 يتراجع 60 جنيها - اليوم السابع,,2026-07-06 12:00:00+00:00,تراجعت أسعار الذهب اليوم الاثنين 6 يوليو 2026 في مصر خلال التعاملات، مواصلة خسائرها مع بداية الأسبوع، بالتزامن مع انخفاض أسعار الذهب في الأسواق العالمية وتراجع سعر الدولار أمام الجنيه.,اليوم السابع,ar,241,تراجعت أسعار الذهب اليوم الاثنين 6 يوليو 2026 في مصر خلال التعاملات، مواصلة خسائرها مع بداية الأسبوع، بالتزامن مع انخفاض أسعار الذهب في الأسواق العالمية وتراجع سعر الدولار أمام الجنيه، ما انعكس على أسعار جميع الأعيرة في السوق المحلية. وسجل سعر الذهب عيار 21، الأكثر تداولا في مصر، 5840 جنيها للبيع، منخفضا بنحو 60 جنيها مقارنة بمستويات أمس، فيما تراجع سعر الجنيه الذهب إلى 46720 جنيها، فاقدا نحو 480 جنيها. أسعار الذهب اليوم الاثنين 6 يوليو 2026 في مصر (سعر البيع) - عيار 24: 6674.29 جنيها - عيار 21: 5840.00 جنيها - عيار 18: 5005.71 جنيها - عيار 14: 3893.33 جنيها - الجنيه الذهب: 46720 جنيها - أوقية الذهب: 207570 جنيها وجاء تراجع أسعار الذهب محليا بالتزامن مع انخفاض سعر الأونصة العالمية إلى نحو 4144.50 دولارا، بينما سجل سعر الدولار أمام الجنيه 48.88 جنيه، الأمر الذي ضغط على أسعار المعدن النفيس في السوق المحلية. ويراقب المتعاملون تطورات الأسواق العالمية مع استئناف التداولات عقب عطلة نهاية الأسبوع، وسط ترقب لأي مؤشرات جديدة بشأن السياسة النقدية الأمريكية، التي تعد المحرك الرئيسي لاتجاه أسعار الذهب خلال الفترة المقبلة. وفي الوقت نفسه، تستعد شعبة الذهب والمعادن الثمينة باتحاد الصناعات، برئاسة إيهاب واصف، لإطلاق مبادرة جديدة تستهدف تنشيط مبيعات المشغولات الذهبية، بعد تراجع الطلب عليها خلال السنوات الثلاث الماضية لصالح السبائك والعملات الذهبية. وتستهدف المبادرة إعادة التوازن إلى سوق الذهب من خلال تشجيع شراء المشغولات عبر طرح تصميمات جديدة، وعروض تسويقية تستهدف مختلف الشرائح، بما يدعم الصناعة المحلية ويعزز القيمة المضافة ويزيد من تنافسية المنتج المصري.,2026-07-07T09:50:17.271821+00:00,
almasry,tier1,https://www.almasryalyoum.com/news/details/4309109,البورصة تعتزم التوسع فى تطبيقات الذكاء الاصطناعي والإفصاح الرقمي | المصري اليوم,زين دياب,2026-07-06 10:06:00+00:00,أكد عمر رضوان، رئيس مجلس إدارة البورصة المصرية، أن البورصة تستهدف تعزيز مكانة سوق المال المصرى ضمن منظومة أسواق المال الإقليمية والدولية، مشددًا على أهمية الدور الذى تطلع به...,المصري اليوم,ar,386,البورصة تعتزم التوسع فى تطبيقات الذكاء الاصطناعي والإفصاح الرقمي البورصة تعتزم التوسع فى تطبيقات الذكاء الاصطناعي والإفصاح الرقمي أكد عمر رضوان، رئيس مجلس إدارة البورصة المصرية، أن البورصة تستهدف تعزيز مكانة سوق المال المصرى ضمن منظومة أسواق المال الإقليمية والدولية، مشددًا على أهمية الدور الذى تطلع به مصر داخل القارة الإفريقية مشيرا إلى أن المرحلة المقبلة ستشهد حراكًا دوليًا بالتعاون مع مختلف أطراف سوق المال، بما يدعم جهود تطوير السوق ويعزز تنافسيته وجاذبيته الاستثمارية. ووفق بيان صادر عن البورصة، اليوم الإثنين، شاركت البورصة المصرية فى جلسة نقاشية حول «التكنولوجيا المالية وسهولة الوصول إلى الأسواق» ضمن فعاليات مؤتمر «بناء البورصات الإفريقية» الذى استضافته بورصة دار السلام بجمهورية تنزانيا المتحدة خلال الفترة من 1 إلى 2 يوليو، بمشاركة عدد كبير من رؤساء وممثلى البورصات وأسواق المال والمؤسسات المالية الإفريقية والدولية فى اجتماعات مجلس إدارة اتحاد البورصات الإفريقية. وخلال الجلسة النقاشية، قالت رحاب سلام مدير عام العلاقات الدولية بالبورصة المصرية، إن تجربة توظيف التكنولوجيا المالية وسعت قاعدة المستثمرين فى مصر وعززت سهولة الوصول إلى السوق، مؤكدة أن السوق المصرى شهد خلال الفترة الماضية نموًا ملحوظًا وتضاعفًا فى أعداد المستثمرين الجدد خاصة من فئة الشباب، وذلك فى ظل الدعم الذى تم توجيهه لملف التطورات التشريعية والتنظيمية، وفى مقدمتها قانون التكنولوجيا المالية وتطبيقات التحقق الإلكترونى من الهوية (eKYC). واستعرضت «سلام»، عددًا من المشروعات التى تعمل البورصة المصرية على تنفيذها، من بينها تطبيقات الذكاء الاصطناعى، ومشروع الإفصاح الرقمى باستخدام لغة XBRL، والتوسع فى التطبيقات الذكية للمستثمرين، إلى جانب أحدث التطورات فى سوق المشتقات المالية. وسلطت مدير عام العلاقات الدولية بالبورصة المصرية، الضوء على أداء المؤشرات فى السوق المصرى، وما تمثله تلك الأدوات من أهمية فى تعزيز كفاءة السوق وزيادة تنافسيته وجاذبيته أمام المستثمرين. وأكدت أن البورصة المصرية تواصل تبنى المبادرات التكنولوجية والابتكارات، التى تسهم فى تحسين تجربة المستثمرين المحليين والأجانب، وفقًا لأفضل الممارسات العالمية، بما يدعم كفاءة السوق ويعزز مستويات الشفافية والإفصاح. وتأتى المشاركة فى إطار استراتيجية البورصة المصرية الهادفة إلى تعزيز انفتاحها على الأسواق الإقليمية والدولية خاصة الإفريقية ودعم جهود تطوير سهولة وصول المستثمرين إلى سوق المال المصرى وإبراز التطورات التى يشهدها، إلى جانب تبادل الخبرات وأفضل الممارسات مع مختلف أسواق المال. وعلى هامش المؤتمر، عقدت سلسلة من اللقاءات مع الرئيس التنفيذى للاتحاد العالمى للبورصات، بحضور مستشارين من الاتحاد، لبحث عدد من الموضوعات ذات الاهتمام المشترك وسبل تعزيز التعاون بين الجانبين كما تم عقد عدد من اللقاءات الثنائية مع بعض ممثلى أسواق المال ورجال الأعمال المصريين فى تنزانيا، بهدف تعزيز التواصل.,2026-07-07T09:50:17.597963+00:00,
almasry,tier1,https://www.almasryalyoum.com/news/details/4309654,«الرقابة المالية» تحدد المقابل المالي لخدمات تسوية العقود الآجلة بالبورصة | المصري اليوم,زين دياب,2026-07-06 23:36:00+00:00,أصدر مجلس إدارة الهيئة العامة للرقابة المالية برئاسة الدكتور إسلام عزام، قرارًا بتحديد مقابل خدمات التقاص والتسوية المقدمة فى عمليات تسوية العقود الآجلة بالبورصة، وذلك فى...,المصري اليوم,ar,442,أصدر مجلس إدارة الهيئة العامة للرقابة المالية برئاسة الدكتور إسلام عزام، قرارًا بتحديد مقابل خدمات التقاص والتسوية المقدمة فى عمليات تسوية العقود الآجلة بالبورصة، وذلك فى إطار استكمال الإطار التنظيمى لسوق المشتقات، بما يكفل تنشيطها وجاهزية جميع أطراف السوق، بالتعاون مع مجلس إدارة البورصة المصرية. وأوضحت الهيئة تفاصيل الخدمات والمقابل المالى المحدد، ويبلغ مقابل العضوية لعضو التسوية 20 ألف جنيه تُحصّل مرة واحدة، الاشتراك السنوى لعضو التسوية 10 آلاف جنيه سنويًا، ويشمل استخدام شاشة واحدة لنظام التسوية، فتح حساب للعميل: مجانًا، خدمات التسوية: واحد فى العشرة آلاف من قيمة العملية، وبحد أقصى 5 آلاف جنيه أو ما يعادلها بعملة التداول أو التسوية. وحددت الهيئة مصاريف الإيداع النقدى: مجانًا، مصاريف السحب النقدى: مجانًا، تنفيذ العمليات بالإنابة: واحد فى الألف من قيمة العملية، وبحد أقصى 5 آلاف جنيه أو ما يعادلها بعملة التداول أو التسوية. (إعفاء لمدة عام)، التسوية النهائية: واحد فى العشرة آلاف من قيمة المراكز المفتوحة فى تاريخ انتهاء العقد، وبحد أقصى 5 آلاف جنيه أو ما يعادلها بعملة التداول أو التسوية. (إعفاء لمدة عام)، تحويل مراكز عضو تسوية إلى عضو تسوية آخر: واحد فى الألف من قيمة المراكز المفتوحة، وبحد أقصى 5 آلاف جنيه أو ما يعادلها بعملة التداول أو التسوية، (إعفاء لمدة عام). ويبلغ إصدار كشف حساب: 100 جنيه لكل كشف، (إعفاء لمدة عام)، إضافة مستخدم للنظام: 5 آلاف جنيه سنويًا (إعفاء لمدة عام)، الربط الآلى بنظام التسوية: 50 ألف جنيه سنويًا، (إعفاء لمدة عام). وتقدَّم هذه الخدمات من خلال شركة «تسويات لخدمات التقاص» وهى الجهة المُرخص لها من الهيئة العامة للرقابة المالية بمزاولة نشاط المقاصة والتسوية للعقود التى يُجرى التعامل عليها فى بورصات العقود الآجلة، حيث تلعب دورًا محوريًا فى إدارة وتقييم المخاطر على مستوى حساب العميل لأعضاء تداول وتسوية المشتقات المالية، فضلًا عن إدارة مخاطر الطرف المقابل فى عمليات التداول، بما يدعم سلامة واستقرار سوق المال. وينص القرار على إعفاء عدد من الخدمات من سداد المقابل المادى لمدة عام، بما يعكس التزام الهيئة والبورصة بتطوير البنية الإجرائية والفنية لسوق رأس المال، وتنويع الأدوات الاستثمارية، وتعزيز كفاءة إدارة المخاطر بما يتوافق مع أفضل المعايير والممارسات الدولية. وتشمل الخدمات التى تقرر إعفاؤها لمدة عام من تاريخ العمل بالقرار: تنفيذ العمليات بالإنابة والتسوية النهائية للعقود، وتحويل المراكز بين أعضاء التسوية، وإصدار كشوف الحساب، وإضافة مستخدمين للنظام، وخدمات الربط الآلى بنظام التسوية. وتضمن القرار مجانية فتح حساب للعميل، ومصاريف الإيداع النقدى، ومصاريف السحب النقدى. وأكد الدكتور إسلام عزام، رئيس الهيئة العامة للرقابة المالية، أن القرار يحقق التوازن بين توفير مقابل مناسب للخدمات التى تقدمها شركة التسوية وبين تشجيع أعضاء السوق والمتعاملين على المشاركة فى سوق العقود الآجلة فى مرحلة الإطلاق، كما أن الإعفاء المؤقت لبعض الخدمات يمثل حافزًا عمليًا للمستثمرين وشركات الوساطة الحاصلة على ترخيص لمزاولة نشاطها فى العقود الآجلة المشتقة من الأوراق والأدوات المالية، بما يساعد على توسيع النشاط وزيادة جاذبيته.,2026-07-07T09:50:17.536273+00:00,
almasry,tier1,https://www.almasryalyoum.com/news/details/4309890,هيئة الرقابة المالية تصدر 10 موافقات جديدة بمزاولة أنشطة مالية غير مصرفية | المصري اليوم,زين دياب,2026-07-07 09:35:00+00:00,قررت الهيئة العامة للرقابة المالية، برئاسة الدكتور إسلام عزام، منح 10 موافقات جديدة بمزاولة أنشطة مالية غير مصرفية متنوعة، وذلك فى إطار عملها المتواصل لرفع جودة وتنافسية...,المصري اليوم,ar,345,الرقابة المالية تصدر 10 موافقات جديدة بمزاولة أنشطة مالية غير مصرفية الرقابة المالية تصدر 10 موافقات جديدة بمزاولة أنشطة مالية غير مصرفية قررت الهيئة العامة للرقابة المالية، برئاسة الدكتور إسلام عزام، منح 10 موافقات جديدة بمزاولة أنشطة مالية غير مصرفية متنوعة، وذلك فى إطار عملها المتواصل لرفع جودة وتنافسية القطاعات الخاضعة لرقابتها وتعزيز جاذبيتها للاستثمار، وتوسيع نطاق استفادة المواطنين من الخدمات المالية. وشملت الموافقات الترخيص ل«الشركة الدولية لحلول التصنيف الائتماني»، للعمل فى مجال نشاط تقييم وتصنيف وترتيب الأوراق المالية، لتصبح بذلك ثانى شركة عاملة فى هذا المجال بالسوق المصرى، وأول شركة تحصل على الترخيص وفقًا لقرار الهيئة رقم (178) لسنة 2025 بشأن معايير المفاضلة بين الطلبات المقدمة للحصول على ترخيص مزاولة هذا النشاط. وتضمنت الموافقات الترخيص لشركتين جديدتين بمزاولة نشاط الوساطة فى العقود الآجلة هما «سيجما لتداول الأوراق المالية»، و«أسباير لتداول الأوراق المالية والسندات»، ليرتفع بذلك عدد الشركات المرخص لها بمزاولة هذا النشاط إلى 8 منذ تدشين سوق عقود المشتقات فى البورصة المصرية. كما منحت الهيئة، الترخيص المؤقت لشركة «ميدرايت لحلول الصحة»، لمزاولة نشاط التأمين الطبى المتخصص، كأول شركة تحصل على الترخيص المؤقت فى هذا المجال، وفقًا لقانون التأمين الموحد رقم (155) لسنة 2024 وقرار الهيئة رقم (90) لسنة 2025. ومنحت الهيئة، الترخيص المؤقت لشركة «نكستكير» لمزاولة نشاط إدارة برامج الرعاية الصحية، ليرتفع عدد الشركات التى تزاول هذا النشاط بالترخيص المؤقت إلى 8 شركات منذ صدور قانون التأمين الموحد. وتضمنت الموافقات، أيضًا الترخيص لشركة صندوق «كو ويلث»، لمزاولة نشاط صندوق استثمار عقارى، ومنح الترخيص لشركة «كو ويلث» لترويج وتغطية الاكتتاب فى الأوراق المالية، وإدارة صناديق الاستثمار العقارى، والترخيص لشركة صندوق «ثاندر للاستثمار فى الأصول العقارية»، لمزاولة نشاط صندوق استثمار عقارى. ووافقت الهيئة، على منح شركة «التجارى الدولى للتمويل»، الترخيص بمزاولة نشاط التأجير التمويلى بالإضافة إلى غرضها مع مراعاة الالتزام بنماذج عقود التأجير التمويلى بما يتوافق مع نماذج الهيئة، ومنح شركة «حالًا لخدمات التمويل غير المصرفي» الترخيص بمزاولة نشاطى التمويل العقارى والتخصيم. وتمنح الهيئة، هذه الموافقات فى إطار اختصاصها الدستورى والقانونى بالرقابة والإشراف على الأسواق والأدوات المالية غير المصرفية، بما فى ذلك أسواق رأس المال، وبورصات العقود الآجلة، وأنشطة التأمين، والتمويل العقارى، والتأجير التمويلى، والتخصيم، والتوريق، فضلًا عن الموافقة على تأسيس وترخيص الشركات العاملة بتلك الأسواق.,2026-07-07T09:50:17.902680+00:00,
almasry,tier1,https://www.almasryalyoum.com/news/details/4309140,بعد ارتفاع الكيلو.. أسعار الفراخ اليوم الإثنين 6 يوليو 2026 في بورصة الدواجن | المصري اليوم,حنان الوالي,2026-07-06 10:39:00+00:00,استقرت أسعار الفراخ البيضاء، اليوم الإثنين 6 يوليو 2026، في بورصة الدواجن والمزرعة عند الارتفاع الأخير، إذ صعد سعر كيلو الفراخ البيضاء بقيمة 5 جنيهات في المزرعة أمس، بينما...,المصري اليوم,ar,311,محمود طه بعد ارتفاع الكيلو.. أسعار الفراخ اليوم الاثنين 6 يوليو 2026 في بورصة الدواجن - صورة أرشيفية محمود طه بعد ارتفاع الكيلو.. أسعار الفراخ اليوم الاثنين 6 يوليو 2026 في بورصة الدواجن - صورة أرشيفية استقرت أسعار الفراخ البيضاء ، اليوم الإثنين 6 يوليو 2026، في بورصة الدواجن والمزرعة عند الارتفاع الأخير، إذ صعد سعر كيلو الفراخ البيضاء بقيمة 5 جنيهات في المزرعة أمس، بينما استقرت أسعار البيض، وخلال السطور التالية نرصد تحديثات أسعار الفراخ اليوم والبيض. أسعار الفراخ البيضاء اليوم الاثنين 6 يوليو 2026 محمود طه بعد ارتفاع الكيلو.. أسعار الفراخ اليوم الاثنين 6 يوليو 2026 في بورصة الدواجن - صورة أرشيفية سجلت أسعار الفراخ البيضاء ، اليوم الاثنين 6 يوليو 2026، قيمة 66 جنيها فى المزرعة، ليصل سعر الفراخ البيضاء اليوم للمستهلك إلى 77 جنيهًا للكيلو. أسعار الفراخ الساسو اليوم سجلت أسعار الفراخ الساسو، اليوم الاثنين 6 يوليو 2026، قيمة 78 جنيها في المزرعة وبورصة الدواجن، بينما يسجل سعر الفراخ الساسو فى المحال 88 جنيها. أسعار الفراخ البلدي اليوم سجلت أسعار الفراخ البلدي ، اليوم الاثنين 6 يوليو 2026، قيمة 105 جنيها فى المزرعة وبورصة الدواجن، بينما يسجل سعر الفراخ الساسو فى المحال 115 جنيها. أسعار الديك الرومي بعد ارتفاع الكيلو.. أسعار الفراخ اليوم الاثنين 6 يوليو 2026 في بورصة الدواجن سجل سعر كيلو الرومى سجل 190 جنيها، بينما يصل سعر «الديك» وزن 7 كيلو 1330 جنيها، بينما يصل سعر الديك الرومى وزن 10 كيلو 1900 جنيه، ويسجل كيلو الرومى الخالى من العظم 400 جنيه. سعر البانيه اليوم فيما سجل سعر كيلو البانيه من «200 - 210 جنيهات للكيلو». أسعار الكتكوت الأبيض اليوم ووصلت أسعار الكتكوت الأبيض فى الشركات ل 26 جنيها حسب التحديثات. أسعار البيض اليوم فى المزرعة بعد ارتفاع الكيلو.. أسعار الفراخ اليوم الاثنين 6 يوليو 2026 في بورصة الدواجن سجلت أسعار البيض الأبيض، اليوم الاثنين 6 يوليو 2026، نحو 75 جنيها للكرتونة، بينما سجل البيض الأحمر 85 جنيها للكرتونة، وسعر البيض البلدى 90 جنيها للكرتونة.,2026-07-07T09:50:18.274883+00:00,
almasry,tier1,https://www.almasryalyoum.com/news/details/4309680,مبيعات «طلعت مصطفى» ترتفع إلى 219.1 مليار جنيه في 6 أشهر | المصري اليوم,"ياسمين كرم, زين دياب",2026-07-07 00:07:00+00:00,أعلنت مجموعة طلعت مصطفى القابضة تحقيق إجمالى مبيعات تعاقدية بقيمة 219.1 مليار جنيه خلال النصف الأول من عام 2026، مقارنة بنحو 211 مليار جنيه خلال الفترة نفسها من عام 2025، مدفوعة...,المصري اليوم,ar,374,أعلنت مجموعة طلعت مصطفى القابضة تحقيق إجمالى مبيعات تعاقدية بقيمة 219.1 مليار جنيه خلال النصف الأول من عام 2026، مقارنة بنحو 211 مليار جنيه خلال الفترة نفسها من عام 2025، مدفوعة باستمرار قوة الطلب على مشروعاتها فى مصر والمملكة العربية السعودية وسلطنة عُمان. وأوضحت المجموعة أن الربع الثانى من العام سجل أداءً استثنائيًا، بإجمالى مبيعات بلغ نحو 170 مليار جنيه، مقابل 133 مليار جنيه خلال الربع الثانى من العام الماضى، بنمو 28٪، بما يعكس الزخم المتواصل فى مبيعات مشروعاتها. وجاءت الحصة الكبرى من النمو بفضل مشروع «ساوث ميد» بالساحل الشمالى، الذى سجل مبيعات تقارب 94 مليار جنيه خلال النصف الأول من العام، منها نحو 87 مليار جنيه خلال الربع الثانى فقط، لترتفع المبيعات التراكمية للمشروع إلى نحو 500 مليار جنيه منذ إطلاقه فى يوليو 2024. وأسهمت المجموعة فى تعزيز الإقبال على المشروع من خلال طرح واحدة من أقوى الحزم التمويلية فى السوق، تضمنت مقدمات حجز تبدأ من 1.5٪ وفترات سداد تصل إلى 15 عامًا، وهى الأطول فى مشروعات الساحل الشمالى. كما حقق مشروع «ذا سباين»، الذى أطلقته المجموعة فى مايو 2026، مبيعات تقارب 34 مليار جنيه، ويضم المشروع منطقة استثمارية خاصة تستهدف جذب كبرى الشركات العالمية، مع توفير منظومة تشغيل متكاملة تشمل دائرة جمركية ومكتبا تنفيذيا لهيئة الاستثمار، للمرة الأولى داخل منطقة استثمارية، ومجلس إدارة مستقلا، بما يسرع إجراءات التأسيس والتراخيص والتصدير والاستيراد، ويعزز قدرة المشروع على استقطاب الاستثمارات والعلامات التجارية العالمية. وعلى المستوى الإقليمى، واصل مشروع «بنان» فى المملكة العربية السعودية تحقيق نتائج قوية، مسجلًا مبيعات بلغت نحو 6.8 مليار جنيه خلال النصف الأول من 2026، منها 3.6 مليار جنيه خلال الربع الثانى، لترتفع مبيعاته التراكمية إلى 101 مليار جنيه منذ إطلاقه فى مايو 2024. وأكدت المجموعة، فى وقت سابق، أن موافقة مجلس الوزراء السعودى على اللائحة التنفيذية لنظام تملك غير السعوديين للعقار من المتوقع أن تنعكس إيجابًا على الطلب فى مشروع «بنان» لوقوعه ضمن المناطق المشمولة بقرار السماح بالتملك، بما يعزز جاذبيته أمام المشترين الأجانب. ويُقام المشروع شمال شرق مدينة الرياض على مساحة تقارب 10 كيلومترات مربعة، ويضم نحو 27 ألف وحدة سكنية، إلى جانب مساحات خضراء تمثل 40٪ من إجمالى المشروع، ومجموعة متكاملة من الخدمات الصحية والتعليمية والتجارية والرياضية. وأكدت المجموعة أن هذه النتائج تدعم استمرار نمو الإيرادات والتدفقات النقدية، وتعكس نجاح استراتيجيتها التوسعية القائمة على تطوير المجتمعات العمرانية المتكاملة، بما يعزز مكانتها فى السوقين المحلية والإقليمية ويحقق قيمة مستدامة للمساهمين.,2026-07-07T09:50:19.094393+00:00,
almasry,tier1,https://www.almasryalyoum.com/news/details/4309566,سعر الفراخ البيضاء والساسو وطبق البيض اليوم الثلاثاء 7 يوليو 2026 | المصري اليوم,منار عصام,2026-07-06 21:21:00+00:00,سعر الفراخ البيضاء والساسو.. شهدت أسعار الفراخ البيضاء اليوم الثلاثاء 7 يوليو 2026، تراجع خلال تعاملات الأسواق، فيما انخفض سعر كيلو الفراخ الساسو بالمزرعة، وكذا ثبت سعر البيض...,المصري اليوم,ar,162,أسعار الفراخ اليوم في أسواق الإسكندرية - صورة أرشيفية أسعار الفراخ اليوم في أسواق الإسكندرية - صورة أرشيفية سعر الفراخ البيضاء والساسو .. شهدت أسعار الفراخ البيضاء اليوم الثلاثاء 7 يوليو 2026، تراجع خلال تعاملات الأسواق ، فيما انخفض سعر كيلو الفراخ الساسو بالمزرعة، وكذا ثبت سعر البيض الأحمر اليوم وفقًا لآخر تحديث لبورصة الدواجن. وجاءت أسعار الفراخ والبيض وفقًا لبورصة الدواجن على النحو التالي: أسعار الفراخ اليوم في أسواق الإسكندرية - صورة أرشيفية أخبار متعلقة سجلت أسعار الفراخ البيضاء 63 : 64 جنيهًا/ كيلو، لتباع فى الأسواق 73: 74جنيهًا مسجلاً تراجع قدره 2 جنيها تراوحت أسعار الدواجن الحمراء الساسو بين 73و 74 جنيهًا للكيلو فى البورصة، لتباع بالأسواق ما بين 83و 84جنيهًا للكيلو مسجلاً تراجع قدره 4 جنيهات أسعار الفراخ اليوم في أسواق الإسكندرية - صورة أرشيفية سعر كيلو البانيه تراوح بين 230 و 270 جنيهًا باختلاف الأسواق. أسعار البيض اليوم الاثنين 6 يوليو 2026 أحمد علي عبدالغني أسعار الفراخ في الأسواق - صورة أرشيفية العرض والطلب. تكاليف الإنتاج. العوامل البيئية.,2026-07-07T09:50:19.184866+00:00,
almasry,tier1,https://www.almasryalyoum.com/news/details/4309553,وول ستريت تغلق على ارتفاع كبير بفضل صعود أسهم الرقائق | المصري اليوم,عمر علاء,2026-07-06 21:01:00+00:00,اختتم المؤشران ستاندرد اند بورز 500 وناسداك المجمع تعاملات اليوم الاثنين على ارتفاع كبير، وسط صعود سهم شركة برودكوم وغيرها من أسهم شركات تصنيع الرقائق الإلكترونية، فى وقت...,المصري اليوم,ar,240,آخرون بورصة وول ستريت - صورة أرشيفية آخرون بورصة وول ستريت - صورة أرشيفية اختتم المؤشران ستاندرد اند بورز 500 وناسداك المجمع تعاملات اليوم الاثنين على ارتفاع كبير، وسط صعود سهم شركة برودكوم وغيرها من أسهم شركات تصنيع الرقائق الإلكترونية، فى وقت اشترى فيه المستثمرون أسهم شركات مرتبطة بالذكاء الاصطناعى تشير توقعات إلى أنها ستقود موسم نتائج قوى فى الربع الثانى. وقفز سهم برودكوم بعد أن اتفقت شركة تصنيع الرقائق الإلكترونية مع شركة أبل على تمديد صفقة لتطوير مجموعة من الرقائق المخصصة وتوريدها حتى 2031. وارتفع مؤشر قطاع تكنولوجيا المعلومات المدرجة ضمن المؤشر ستاندرد اند بورز 500، فيما صعد مؤشر فيلادلفيا لأشباه الموصلات بعد أن تكبد خسائر لجلستين متتاليتين. وقال جيك دولارهايد الرئيس التنفيذى لشركة لونجباو أسيت مانجمينت فى تولسا بولاية أوكلاهوما: «هذه سوق تخيب آمال الكثيرين. إذا لم تكن مستثمرا فى شركات تكنولوجية معينة، أو فى قطاع أشباه الموصلات، فأنت بذلك تفوت فرصة الاستفادة الكاملة من هذا الارتفاع». وأضاف «أعتقد أن هذا الارتفاع هش للغاية، وتكمن هنالك مخاطرة، لاسيما إذا استمر مجلس الاحتياطى الاتحادى (البنك المركزى الأمريكي) فى رفع أسعار الفائدة لفترة أطول». وتراجع سهم شركة مايكروسوفت بعد أن أعلن عملاق التكنولوجيا أنه بصدد خفض نحو 2.1 بالمئة من قوته العاملة، أى نحو 4800 وظيفة. وتشير بيانات السوق إلى صعود المؤشر ستاندرد اند بورز 500 بواقع 55.10 نقطة، أو 0.74 بالمئة، إلى 7538.34 نقطة، وتقدم المؤشر ناسداك المجمع 288.49 نقطة، أو 1.12 بالمئة، إلى 26121.16 نقطة، وارتفاع المؤشر داو جونز الصناعى 159.68 نقطة، أو 0.29 بالمئة، إلى 53053.59 نقطة.,2026-07-07T09:50:19.296052+00:00,
almasry,tier1,https://www.almasryalyoum.com/news/details/4309767,بكام الفراخ النهارده؟.. أسعار الدواجن والبيض في أسواق الشرقية اليوم الثلاثاء 7 يوليو 2026 | المصري اليوم,وليد صالح,2026-07-07 04:44:00+00:00,استقرت أسعار الفراخ البيضاء والحمراء،اليوم الثلاثاء 7 يوليو 2026، خلال تعاملات الأسواق في الشرقية، وذلك بعد أن تذبذبت أسعار الدواجن والبيض بأنواعها بين الإرتفاع والانخفاض...,المصري اليوم,ar,395,بكام الفراخ النهارده؟.. أسعار الدواجن والبيض في أسواق الشرقية اليوم الثلاثاء 7 يوليو 2026 بكام الفراخ النهارده؟.. أسعار الدواجن والبيض في أسواق الشرقية اليوم الثلاثاء 7 يوليو 2026 استقرت أسعار الفراخ البيضاء والحمراء ،اليوم الثلاثاء 7 يوليو 2026، خلال تعاملات الأسواق في الشرقية ، وذلك بعد أن تذبذبت أسعار الدواجن والبيض بأنواعها بين الإرتفاع والانخفاض خلال الأيام الماضية. بكام الفراخ النهارده؟.. أسعار الدواجن والبيض في أسواق الشرقية اليوم الثلاثاء 7 يوليو 2026 كما استقرت أسعار البيض الأحمر والأبيض اليوم ، وفقاً لتعاملات البورصة والأسواق في الشرقية،خلال ختام الأيام الماضية أمام منتجي الدواجن والبيض. بكام الفراخ النهارده؟.. أسعار الدواجن والبيض في أسواق الشرقية اليوم الثلاثاء 7 يوليو 2026 سعر الفراخ البيضاء في الشرقية اليوم الثلاثاء 7 يوليو 2026 بكام الفراخ النهارده؟.. أسعار الدواجن والبيض في أسواق الشرقية اليوم الثلاثاء 7 يوليو 2026 سعر الفراخ البيضاء في المزارع 65 جنيهًا للكيلو، وتتراوح في الأسواق ما بين 70 إلى 75 جنيهات. سجل سعر كيلو الفراخ الأبيض البياض 45 جنيهًا، وتتراوح فيه الأسواق ما بين 50 إلى 55 جنيهًا. سعر الفراخ الحمراء في الشرقية اليوم الثلاثاء 7 يوليو 2026 بكام الفراخ النهارده؟.. أسعار الدواجن والبيض في أسواق الشرقية اليوم الثلاثاء 7 يوليو 2026 سجل سعر كيلو الفراخ الأحمر البياض 70 جنيهًا، وتتراوح في الأسواق ما بين 75 إلى 80 جنيهًا. سجل سعر كيلو الفراخ الساسو الأحمر 90 جنيها، وتتراوح في الأسواق ما بين 95 إلى 100 جنيه. سجل سعر كيلو الفراخ الساسو الرزي في المزارع 100 جنيها، وتتراوح في الأسواق ما بين 100 إلى 105 جنيهات. سعر الفراخ الأمهات البيضاء بالشرقية الثلاثاء 7 يوليو 2026 بكام الفراخ النهارده؟.. أسعار الدواجن والبيض في أسواق الشرقية اليوم الثلاثاء 7 يوليو 2026 سجل سعر كيلو الفراخ الأمهات البيضاء في المزارع 50 جنيهًا، وتتراوح في الأسواق ما بين 55 و 60 جنيهًا. سعر الكتكوت في الشرقية اليوم اليوم الثلاثاء 7 يوليو 2026 بكام الفراخ النهارده؟.. أسعار الدواجن والبيض في أسواق الشرقية اليوم الثلاثاء 7 يوليو 2026 تراوح سعر الكتكوت الأهالي ما بين 7 و 10 جنيهات. تراوح سعر الكتكوت الشركات ما بين 12 و 15 جنيهًا. سعر البيض في الشرقية اليوم اليوم الثلاثاء 7 يوليو 2026 بكام الفراخ النهارده؟.. أسعار الدواجن والبيض في أسواق الشرقية اليوم الثلاثاء 7 يوليو 2026 سعر كرتونة البيض الأحمر 95 جملة وللمستهلك تتراوح ما بين 100 إلى 105 جنيهات. سعر كرتونة البيض الأبيض 80 جنيهًا جملة وللمستهلك تتراوح ما بين 85 إلى 90 جنيهًا. سعر كرتونة البيض البلدي 100 جنيه جملة وللمستهلك تتراوح بين 105 إلى 110 جنيهات.,2026-07-07T09:50:19.775652+00:00,
almasry,tier1,https://www.almasryalyoum.com/news/details/4309396,«مستوى تاريخي».. 193 مليار دولار قيمة تداولات الذهب خلال 3 أشهر | المصري اليوم,ياسمين كرم,2026-07-06 16:16:00+00:00,كشف «مرصد الذهب» أن سوق الذهب العالمي يشهد تحولًا هيكليًا هو الأكبر منذ الأزمة المالية العالمية، مع انتقال مركز الثقل تدريجيًا من الأسواق الغربية إلى آسيا، مدفوعًا بقفزة...,المصري اليوم,ar,765,تساؤلات واسعة بين المستثمرين حول مستقبل أسعار الذهب - صورة أرشيفية تساؤلات واسعة بين المستثمرين حول مستقبل أسعار الذهب - صورة أرشيفية كشف «مرصد الذهب» أن سوق الذهب العالمي يشهد تحولًا هيكليًا هو الأكبر منذ الأزمة المالية العالمية، مع انتقال مركز الثقل تدريجيًا من الأسواق الغربية إلى آسيا، مدفوعًا بقفزة تاريخية في الاستثمار بالسبائك والعملات الذهبية، واستمرار مشتريات البنوك المركزية، مقابل تراجع الإقبال على المشغولات، وانخفاض تأثير التدفقات الاستثمارية الغربية مقارنة بالسنوات الماضية. وأوضح المرصد، استنادًا إلى أحدث بيانات مجلس الذهب العالمي وتحليلات شركة هيراوس بريشيوس ميتاليز Heraeus Precious Metals، أن إجمالي الطلب العالمي على الذهب، بما يشمل التداولات خارج البورصة «OTC»، بلغ 1231 طنًا خلال الربع الأول من عام 2026، بزيادة 2% على أساس سنوي، بينما قفزت القيمة السوقية للطلب إلى مستوى قياسي بلغ 193 مليار دولار، بارتفاع 74% مقارنة بالفترة نفسها من العام الماضي، مدفوعة بالارتفاع القياسي في أسعار الذهب خلال بداية العام. وأضاف أن اللافت في هذه الأرقام لا يتمثل فقط في نمو الطلب العالمي، وإنما في التغير الواضح في تركيبته، إذ ارتفع الطلب على السبائك والعملات الذهبية إلى 474 طنًا خلال الربع الأول، بزيادة 42% على أساس سنوي، ليسجل ثاني أعلى مستوى فصلي في تاريخ هذا القطاع، في حين تراجع الطلب على المشغولات الذهبية بنسبة 23% إلى نحو 300 طن، رغم ارتفاع قيمة الإنفاق على المجوهرات بنسبة 31% بفعل صعود الأسعار. وقال الدكتور وليد فاروق، مدير «مرصد الذهب للدراسات الاقتصادية»، إن هذه الأرقام تؤكد أن الذهب لم يعد يتحرك فقط وفق قرارات مجلس الاحتياطي الفيدرالي الأمريكي أو قوة الدولار، بل أصبح الطلب المادي القادم من آسيا عنصرًا رئيسيًا في تحديد اتجاهات السوق العالمية. وأضاف أن المستثمر الآسيوي يختلف جذريًا عن نظيره الغربي؛ ففي الوقت الذي يتعامل فيه المستثمر الغربي مع الذهب كأصل مالي يرتبط بأسعار الفائدة والعائد على السندات، ينظر المستثمر الآسيوي إلى الذهب باعتباره مخزنًا طويل الأجل للقيمة، وأداة لحماية المدخرات من التضخم وتقلبات العملات والأزمات الجيوسياسية. وأشار إلى أن جزءًا من هذا التحول يعود إلى تغير طبيعة المستثمر الغربي، الذي أصبح أكثر حساسية لتحركات الفائدة وعوائد السندات، في حين يعتمد الطلب الآسيوي بدرجة أكبر على الشراء الفعلي للذهب بغرض الادخار والحفاظ على الثروة، وهو ما يجعل هذا الطلب أكثر استقرارًا وأقل ارتباطًا بالتقلبات قصيرة الأجل. وأوضح التقرير أن الصين كانت المحرك الأكبر لهذا التحول، بعدما سجل الطلب على السبائك والعملات الذهبية 207 أطنان خلال الربع الأول من عام 2026، بزيادة 67% مقارنة بالفترة نفسها من العام الماضي، وهو أعلى مستوى ربع سنوي في تاريخ السوق الصينية، متجاوزًا الرقم القياسي السابق البالغ 155 طنًا والمسجل في الربع الثاني من عام 2013. وأضاف أن هذه الأرقام تعكس تحول السوق الصينية من الاعتماد على شراء المشغولات إلى الاستثمار المباشر في الذهب المادي، في ظل تنامي الإقبال على أدوات الادخار المرتبطة بالمعدن النفيس. ولم يقتصر النمو على الصين، إذ شهدت أسواق الهند واليابان وكوريا الجنوبية ارتفاعًا ملحوظًا في الطلب على الذهب الاستثماري، بينما واصلت الصناديق المدرجة في الأسواق الآسيوية جذب التدفقات، في الوقت الذي تعرضت فيه الصناديق الأمريكية لعمليات تخارج خلال شهر مارس، بما يعكس اختلافًا واضحًا في سلوك المستثمرين بين الشرق والغرب. وتدعم بيانات التجارة الخارجية هذا الاتجاه، إذ ارتفعت واردات الصين من الذهب إلى 162.6 طنًا خلال مايو 2026، مقارنة مع 99.5 طنًا في مايو 2025، بزيادة سنوية بلغت 63%، فيما وصلت واردات الذهب غير النقدي خلال الفترة من يناير إلى مايو إلى 691.6 طنًا، بارتفاع 76% على أساس سنوي، مدفوعة بالطلب القوي على السبائك وبرامج الادخار في الذهب التي تسمح للمستثمرين بشراء المعدن على دفعات شهرية صغيرة. وأوضح الدكتور وليد فاروق أن هذه البيانات تؤكد أن آسيا لم تعد مجرد أكبر منطقة استهلاك للذهب، بل أصبحت تقود أيضًا الاستثمار المادي في المعدن الأصفر، وهو ما يمنحها تأثيرًا متزايدًا في تحديد اتجاهات الأسعار العالمية. وأضاف أن هذا التحول لا يرتبط بالمستثمرين الأفراد فقط، وإنما يمتد إلى البنوك المركزية، التي واصلت شراء الذهب رغم وصول الأسعار إلى مستويات تاريخية، حيث سجلت مشترياتها الصافية 244 طنًا خلال الربع الأول من عام 2026، بزيادة 3% على أساس سنوي، وهو مستوى يفوق متوسط المشتريات خلال السنوات الخمس الماضية. وأشار إلى أن البنوك المركزية حافظت على مشتريات سنوية تجاوزت 1000 طن خلال الأعوام من 2022 إلى 2024، قبل أن تسجل 863 طنًا في عام 2025، بما يؤكد أن الذهب أصبح عنصرًا استراتيجيًا دائمًا في إدارة الاحتياطيات الدولية، وليس مجرد أداة تحوط مؤقتة.ولفت إلى أن 45% من البنوك المركزية حول العالم تتوقع زيادة احتياطياتها من الذهب خلال الإثنى عشر شهرًا المقبلة، مقابل 1% فقط تتوقع خفضها، وهو ما يعكس استمرار الثقة في الذهب كأصل استراتيجي في ظل تزايد المخاطر الاقتصادية والجيوسياسية. وأكد مدير «مرصد الذهب» أن تراجع الطلب على المشغولات لا يعني ضعفًا في مكانة الذهب، بل يعكس تغيرًا في طبيعة الطلب العالمي، حيث يتجه المستثمرون بصورة متزايدة إلى السبائك والعملات باعتبارها أقل تكلفة من حيث المصنعية، وأسهل في التخزين وإعادة البيع، وأكثر ارتباطًا بالسعر الفوري للمعدن.,2026-07-07T09:50:19.958655+00:00,
almasry,tier1,https://www.almasryalyoum.com/news/details/4309843,وزير البترول: استثمارات جديدة في القطاع ب17 مليار دولار خلال ال5 سنوات المقبلة | المصري اليوم,ريهام سعيد أحمد,2026-07-07 08:45:00+00:00,في إطار حرص تنسيقية شباب الأحزاب والسياسيين على تعزيز الحوار المباشر بين الشباب وصناع القرار، استضافت التنسيقية المهندس كريم بدوي، وزير البترول والثروة المعدنية، أمس، في...,المصري اليوم,ar,607,في إطار حرص تنسيقية شباب الأحزاب والسياسيين على تعزيز الحوار المباشر بين الشباب وصناع القرار، استضافت التنسيقية المهندس كريم بدوي، وزير البترول والثروة المعدنية، أمس، في لقاء موسع مع أعضائها، استعرض خلاله مستجدات قطاع البترول والثروة المعدنية، وخطط الدولة لزيادة الإنتاج وجذب الاستثمارات وتعظيم الاستفادة من الثروات التعدينية، مؤكدًا أن العمل الجماعي والتكامل بين مؤسسات الدولة يمثلان أساس النجاح وتحقيق التنمية المستدامة. استهل المهندس كريم بدوي، حديثه بتوجيه الشكر لأعضاء التنسيقية، مشيدًا بقانون الثروة المعدنية الذي تقدمت به التنسيقية من خلال الدكتور محمد إسماعيل، مؤكدًا أنه يمثل نقلة نوعية كبيرة لقطاع التعدين والصناعات التعدينية، بما يسهم في رفع مساهمة قطاع التعدين في الناتج المحلي الإجمالي من 1% إلى 6%. وأكد وزير البترول والثروة المعدنية، أن النجاح الحقيقي لا يُنسب إلى فرد بعينه، وإنما يتحقق من خلال العمل التكاملي والتعاون بين جميع الأطراف، مشيدًا بالدور الذي تقوم به تنسيقية شباب الأحزاب والسياسيين في دعم الحوار حول القضايا الوطنية وتعزيز التواصل بين مؤسسات الدولة والشباب. وأوضح بدوي أن قطاع البترول يعمل وفق رؤية تستهدف في المقام الأول خدمة المواطن المصري وتأمين احتياجاته من الطاقة، مؤكدًا أن ما تحقق من نتائج خلال الفترة الماضية جاء بفضل جهود العاملين بالقطاع والتعاون المستمر مع مختلف مؤسسات الدولة، بما في ذلك البرلمان بغرفتيه النواب والشيوخ، ومجلس الوزراء والوزارات المعنية، فضلًا عن المستثمرين المصريين والشركاء الأجانب. وأشار الوزير إلى أن الوزارة تعاملت مع التحديات التي واجهت القطاع من خلال التركيز على الأولويات الرئيسية، وهو ما انعكس إيجابًا على الأداء العام للقطاع، موضحًا أن تراكم مستحقات الشركاء خلال فترات سابقة أثر على معدلات الاستثمار والإنتاج، بالتزامن مع ارتفاع معدلات الاستهلاك المصاحبة للنمو الاقتصادي. وأكد أن انتظام سداد المستحقات وتصفير المديونيات المستحقة للشركاء الأجانب أسهما في استعادة الثقة وتحفيز الشركات على ضخ استثمارات جديدة، بما ساعد على وقف تراجع الإنتاج وإعادة تنشيط أعمال البحث والاستكشاف. وكشف الوزير عن وجود تعهدات باستثمارات أجنبية جديدة في قطاع البترول تتجاوز 17 مليار دولار خلال السنوات الخمس المقبلة، فضلًا عن طرح 62 فرصة استثمارية عبر بوابة مصر للاستكشاف والإنتاج مشيرًا إلى تنفيذ 9 برامج للمسح السيزمي للكشف عن فرص جديدة، والعمل على مشروعين جديدين للمسح السيزمي في شرق المتوسط وغرب اسيوط. وأوضح أن الوزارة تواصل مع الشركاء تنفيذ خطط البحث والاستكشاف للوصول إلى اكتشافات جديدة وكان لها نتائج هامة منها تحقيق كشف دينيس الهام بالبحر المتوسط، إلى جانب البئر المكتشفة في الدلتا غرب ابوماضي، لافتاً إلى عودة شركة توتال إنرجيز الفرنسية للعمل في البحث والاستكشاف للغاز الطبيعي مجددا في مصر. وأكد بدوي أن محاور عمل الوزارة خلال المرحلة الحالية ترتكز على تأمين احتياجات المواطنين من الطاقة من خلال زيادة الإنتاج المحلي، وتعظيم الاستفادة من البنية التحتية عبر التوسع في أنشطة التكرير والبتروكيماويات، وتحقيق انطلاقة جديدة لقطاع التعدين وزيادة القيمة المضافة له، إلى جانب المساهمة في تشكيل مزيج الطاقة الأمثل لمصر وتعزيز السلامة وحماية البيئة وكفاءة استهلاك الطاقة، وتعزيز التعاون الإقليمي واستقدام الغاز القبرصي إلي مصر. وأشار في هذا الإطار إلى أهمية التكامل بين قطاعي البترول والكهرباء والطاقة المتجددة لتحقيق مزيج طاقة متوازن ومستدام، موضحًا أن التوسع في الطاقة المتجددة يسهم في تقليل الاعتماد على الغاز، كما يمثل أساسًا لإنتاج المشتقات الخضراء وعلى رأسها الهيدروجين الأخضر. ولفت الوزير إلى أن مصر تمتلك مقومات واعدة في مجالات البتروكيماويات والأسمدة، بما يعزز أمن الطاقة ويرفع من قيمة الصادرات المصرية، مؤكدًا أن المؤشرات الصادرة عن الجهات المختصة تعكس تحسن أداء القطاع واستعادة ثقة المستثمرين والشركاء الدوليين. وأوضح الوزير في ختام حديثه على أن مصلحة مصر تظل دائمًا في مقدمة الأولويات، مؤكدًا أن العمل المشترك والتنسيق المستمر بين مؤسسات الدولة كانا عاملًا رئيسيًا في مواجهة التحديات وتحقيق النتائج الإيجابية التي يشهدها القطاع خلال الفترة الحالية. أدار اللقاء الدكتور هيثم الشيخ مقرر تنسيقية شباب الأحزاب والسياسيين، بمشاركة الدكتور محمد إسماعيل، عضو مجلس النواب عن التنسيقية في الفصل التشريعي الثاني، وبحضور قيادات قطاع البترول وعدد من أعضاء مجلسي النواب والشيوخ عن التنسيقية، وأعضاء تنسيقية شباب الأحزاب والسياسيين.,2026-07-07T09:50:20.885274+00:00,
almasry,tier1,https://www.almasryalyoum.com/news/details/4309496,أحمد سالم: نحتاج جهة تنظيمية لحماية حقوق المشترين وتنظيم العلاقة مع المطورين العقاريين | المصري اليوم,بسام رمضان,2026-07-06 19:00:00+00:00,أكد الإعلامى أحمد سالم، مقدم برنامج «كلمة أخيرة» على قناة ON، أن العلاقة بين المطورين العقاريين والمشترين تحتاج إلى مراجعة وتنظيم أكثر وضوحًا، فى ظل تزايد الشكاوى المتعلقة...,المصري اليوم,ar,243,أكد الإعلامى أحمد سالم، مقدم برنامج «كلمة أخيرة» على قناة ON، أن العلاقة بين المطورين العقاريين والمشترين تحتاج إلى مراجعة وتنظيم أكثر وضوحًا، فى ظل تزايد الشكاوى المتعلقة ببعض الممارسات داخل السوق العقارية، بما يستدعى تدخلًا يحمى حقوق جميع الأطراف. وقال «سالم» إن بعض المطورين يتعاملون مع المشروعات السكنية باعتبارهم أصحابها الدائمين، رغم بيع الوحدات للملاك، موضحًا أن دور المطور بعد البيع يجب أن يقتصر على الإدارة وتقديم الخدمات وفقًا للعقود المبرمة، دون فرض شروط جديدة على السكان. وانتقد ما وصفه بقيام بعض الشركات بتغيير قواعد أو استخدامات داخل المشروعات بعد البيع، مثل تقليص المساحات المشتركة أو فرض قيود على دخول الزائرين، معتبرًا أن هذه الممارسات تثير إشكاليات حول حدود سلطة إدارة المجمعات السكنية. وتطرق إلى أزمة مقدمات الحجز، مشيرًا إلى أن بعض العملاء يخسرون كامل مقدم التعاقد عند التراجع بسبب ظروف طارئة، فى الوقت الذى تكون فيه غرامات تأخير الشركات أقل بكثير فى حال عدم الالتزام بمواعيد التسليم، ما يخلق حالة من عدم التوازن فى العقود. وأكد سالم أن هذه الانتقادات لا تنطبق على جميع المطورين، مشيدًا بنماذج ناجحة داخل السوق العقارية استطاعت الالتزام بالعقود وتحقيق إدارة احترافية للمشروعات دون مشكلات مع العملاء. ودعا إلى إنشاء جهة تنظيمية مستقلة أو وضع عقد موحد ينظم العلاقة بين المطورين والمشترين، على غرار ما هو مطبق فى قطاعات أخرى، مثل قطاع الاتصالات، بما يضمن حماية حقوق المستهلكين ويحد من النزاعات. واختتم حديثه بالتأكيد على أن استمرار نمو السوق العقارية يتطلب تحقيق توازن عادل بين حقوق المطور والمشترى، بما يعزز الثقة فى القطاع ويضمن استدامة تطوره.,2026-07-07T09:50:20.755672+00:00,
almasry,tier1,https://www.almasryalyoum.com/news/details/4309328,خسارة محلية وعالمية.. سعر الذهب اليوم الاثنين 6 يوليو 2026 في ختام التعاملات (آخر تحديث) | المصري اليوم,همسة هشام,2026-07-06 14:17:00+00:00,سجل سعر الذهب اليوم الاثنين 6 يوليو 2026 تراجعًا بختام تعاملات الصاغة، وسجل سعر الذهب العالمي خسارة جديدة في بورصة الذهب العالمية. سعر الذهب اليوم عيار 24 سجل سعر الذهب عيار 24...,المصري اليوم,ar,133,خسارة محلية وعالمية.. سعر الذهب اليوم الاثنين 6 يوليو 2026 في ختام التعاملات (آخر تحديث) خسارة محلية وعالمية.. سعر الذهب اليوم الاثنين 6 يوليو 2026 في ختام التعاملات (آخر تحديث) سعر الذهب اليوم الاثنين 6 يوليو 2026 تراجعًا بختام تعاملات الصاغة، وسجل سعر الذهب العالمي خسارة جديدة في بورصة الذهب العالمية. سعر الذهب اليوم عيار 24 سجل سعر الذهب عيار 24 اليوم الاثنين مساءً 6651 جنيهًا. سعر الذهب اليوم عيار 21 سجل سعر الذهب عيار 21 نحو 5820 جنيهًا. سعر الذهب عيار 18 اليوم سجل سعر الذهب عيار 18 اليوم 4988 جنيهًا. سعر الذهب اليوم عيار 14 سجل سعر الذهب عيار 14 اليوم 3880 جنيهًا. سعر الجنيه الذهب اليوم سجل سعر الجنيه الذهب اليوم 46560 جنيهًا. سعر الذهب العالمي اليوم وانخفض سعر الذهب فى المعاملات الفورية بنسبة 0.5% إلى 4155.10 دولار للأوقية (الأونصة).,2026-07-07T09:50:21.609533+00:00,
almasry,tier1,https://www.almasryalyoum.com/news/details/4309555,سعر السمك البلطي والسبيط في الأسواق اليوم الثلاثاء 7 يوليو 2026 | المصري اليوم,منار عصام,2026-07-06 21:02:00+00:00,سعر البلطى والجمبرى اليوم.. تزايدت معدلات بحث عدد كبير من المواطنين عن هذه الكلمات عبر محرك البحث «جوجل»، اليوم الثلاثاء 7يوليو 2026.**media[02 7473602 ]**وفيما يلى آخر تحديث لمتوسط أسعار...,المصري اليوم,ar,144,أسعار السمك اليوم الجمعة في أسواق مطروح - صورة أرشيفية أسعار السمك اليوم الجمعة في أسواق مطروح - صورة أرشيفية سعر البلطى والجمبرى اليوم .. تزايدت معدلات بحث عدد كبير من المواطنين عن هذه الكلمات عبر محرك البحث «جوجل»، اليوم الثلاثاء 7يوليو 2026. **media[02 7473602 ]** وفيما يلى آخر تحديث لمتوسط أسعار السمك والمأكولات البحرية، وفقًا ل بوابة الأسعار التابعة لمجلس الوزراء سعر السمك اليوم الثلاثاء 7 يوليو 2026 **media[02 747362]** أخبار متعلقة **media[02 747363]** بورصة الأسعار اليوم الثلاثاء النوع متوسط سعر /كيلو جمبرى وسط 390.53 جنيه الماكريل المجمد 173.85 جنيه مكرونة سويسي 132.93 جنيه السردين المجمد 123.86 جنيه شعور 211.05 جنيه جمبرى جامبو 612.92 جنيه حدادي 94.17 جنيه المرجان وسط 146.71 جنيه الكابوريا 165.31 جنيه سبيط 338.96 جنيه سعر السمك البلطى اليوم: **media[02 747364]** النوع متوسط السعر/كيلو البلطى الصغير 69.58 جنيه البلطى أسواني 95.37 جنيه فيليه بلطي 184.72 جنيه البلطى ممتاز 104.07 جنيه,2026-07-07T09:50:21.820807+00:00,
almasry,tier1,https://www.almasryalyoum.com/news/details/4309866,خسارة عالمية ومحلية.. كم سجل سعر الذهب اليوم الثلاثاء 7-7-2026 فى الصاغة؟ | المصري اليوم,همسة هشام,2026-07-07 09:11:00+00:00,خسر سعر الذهب اليوم الثلاثاء 7-7-2026 على الصعيدين المحلى والعالمى، ووفقًا لشعبة الذهب تراجع سعر الذهب محليًا 20 جنيهًا وعالميًا 0.9 فى البورصة العالمية. أسعار الذهب اليوم سجلت...,المصري اليوم,ar,133,خسارة عالمية ومحلية.. كم سجل سعر الذهب اليوم الثلاثاء 7-7-2026 فى الصاغة؟ خسارة عالمية ومحلية.. كم سجل سعر الذهب اليوم الثلاثاء 7-7-2026 فى الصاغة؟ سعر الذهب اليوم الثلاثاء 7-7-2026 على الصعيدين المحلى والعالمى، ووفقًا لشعبة الذهب تراجع سعر الذهب محليًا 20 جنيهًا وعالميًا 0.9 فى البورصة العالمية. أسعار الذهب اليوم سجلت الأعيرة الذهبية انخفاض فى الصاغة. سعر الذهب اليوم عيار 24 سعر الذهب عيار 24 اليوم الثلاثاء 6651 جنيهًا. سعر الذهب عيار 21 بالمصنعية سعر الذهب عيار 21 بالمصنعية 5819 جنيهًا وبالمصنعية 5919 جنيهًا. سعر الجنيه الذهب اليوم سجل سعر الجنيه الذهب اليوم 46557 جنيهًا. سعر الذهب العالمى اليوم انخفضت أسعار الذهب اليوم الثلاثاء مع ارتفاع الدولار وعوائد سندات الخزانة الأمريكية، مع ترقب المستثمرين صدور محضر ​اجتماع (مجلس الاحتياطى الاتحادى (البنك المركزى الأمريكى، وتراجع الذهب فى المعاملات الفورية 0.9 بالمئة إلى 4127.59 دولار,2026-07-07T09:50:21.960035+00:00,
akhbarelyom,tier2,https://akhbarelyom.com/news/VideoDisplay/4846477/1/%D9%82%D9%81%D8%B2%D8%A9-%D8%AA%D8%A7%D8%B1%D9%8A%D8%AE%D9%8A%D8%A9-%D8%A7%D9%84%D8%A8%D9%88%D8%B1%D8%B5%D8%A9-%D8%A7%D9%84%D9%85%D8%B5%D8%B1%D9%8A%D8%A9-%D8%AA%D8%B1%D8%A8%D8%AD-57-%D9%85%D9%84%D9%8A,قفزة تاريخية.. البورصة المصرية تربح 57 مليار جنيه بدعم من مشتريات المصريين,akhbarelyom,2026-07-06 15:48:00+00:00,اختتمت البورصة المصرية، تعاملات جلسة اليوم الإثنين، بارتفاع جماعي للمؤشرات، مدفوعة بعمليات شراء من المتعاملين المصريين. وسط تداولات بلغت 12.2 مليار جنيه، وارتفع رأس المال السوقي 57 مليار جنيه ليغلق عند مستوى 3.807 تريليون جنيه,بوابة اخبار اليوم,,142,"اختتمت البورصة المصرية ، تعاملات جلسة اليوم الإثنين، بارتفاع جماعي للمؤشرات، مدفوعة بعمليات شراء من المتعاملين المصريين. وسط تداولات بلغت 12.2 مليار جنيه، وارتفع رأس المال السوقي 57 مليار جنيه ليغلق عند مستوى 3.807 تريليون جنيه. وارتفع مؤشر ""EGX 30"" بنسبة 2.68% ليغلق عند مستوى 52502 نقطة، وارتفع مؤشر الشركات المتوسطة والصغيرة ""EGX 70 متساوي الأوزان"" بنسبة 1.12% ليغلق عند مستوى 16132 نقطة، وصعد مؤشر ""EGX 100 متساوى الأوزان"" بنسبة 1.25% ليغلق عند مستوى 21925 نقطة، وقفز مؤشر الشريعة الإسلامية بنسبة 2.45% ليغلق عند مستوى 5910 نقطة. اقرأ أيضا / البورصة تستهل تعاملات اليوم بارتفاع جماعي للمؤشرات.. وشاشة التداول تكتسي باللون الأخضر وصعد مؤشر ""EGX 30 محدد الأوزان"" بنسبة 2.43% ليغلق عند مستوى 64499 نقطة، وقفز مؤشر ""EGX 30 للعائد الكلى"" بنسبة 2.69% ليغلق عند مستوى 24493 نقطة، وزاد مؤشر الأسهم منخفضة التقلبات السعرية ""EGX35-LV"" بنسبة 1.31% ليغلق عند مستوى 6122 نقطة.",2026-07-07T09:50:22.630957+00:00,
akhbarelyom,tier2,https://akhbarelyom.com/news/VideoDisplay/4846340/1/%D9%87%D9%8A%D8%A6%D8%A9-%D8%A7%D9%84%D8%B1%D9%82%D8%A7%D8%A8%D8%A9-%D8%A7%D9%84%D9%85%D8%A7%D9%84%D9%8A%D8%A9-%D8%AA%D8%AD%D8%AF%D8%AF-%D8%A7%D9%84%D9%85%D9%82%D8%A7%D8%A8%D9%84-%D8%A7%D9%84%D9%85%D8%A7%D9%84%D9%8A,هيئة الرقابة المالية تحدد المقابل المالي لخدمات تسوية العقود الآجلة تنشيطًا لسوق المشتقات,akhbarelyom,2026-07-06 12:15:00+00:00,أصدر مجلس إدارة الهيئة العامة للرقابة المالية برئاسة الدكتور إسلام عزام، قرارًا بتحديد مقابل خدمات التقاص والتسوية المقدمة في عمليات تسوية العقود الآجلة بالبورصة، وذلك في إطار استكمال الإطار التنظيمي لسوق المشتقات، بما يكفل تنشيطها وجاهزية جميع أطراف السوق، بالتعاون مع مجلس إدارة البورصة المصرية.,بوابة اخبار اليوم,,592,"أصدر مجلس إدارة الهيئة العامة للرقابة المالية برئاسة الدكتور إسلام عزام، قرارًا بتحديد مقابل خدمات التقاص والتسوية المقدمة في عمليات تسوية العقود الآجلة بالبورصة، وذلك في إطار استكمال الإطار التنظيمي لسوق المشتقات، بما يكفل تنشيطها وجاهزية جميع أطراف السوق، بالتعاون مع مجلس إدارة البورصة المصرية. وتقدَّم هذه الخدمات من خلال شركة "" تسويات لخدمات التقاص "" وهي الجهة المُرخص لها من الهيئة العامة للرقابة المالية بمزاولة نشاط المقاصة والتسوية للعقود التي يُجرى التعامل عليها في بورصات العقود الآجلة، حيث تلعب دورًا محوريًا في إدارة وتقييم المخاطر على مستوى حساب العميل لأعضاء تداول و تسوية المشتقات المالية ، فضلًا عن إدارة مخاطر الطرف المقابل في عمليات التداول، بما يدعم سلامة واستقرار سوق المال. وينص القرار الذي يحمل رقم (110) لسنة 2026 ونُشر في ""الوقائع المصرية"" على إعفاء عدد من الخدمات من سداد المقابل المادي لمدة عام، بما يعكس التزام الهيئة والبورصة بتطوير البنية الإجرائية والفنية لسوق رأس المال، وتنويع الأدوات الاستثمارية، وتعزيز كفاءة إدارة المخاطر بما يتوافق مع أفضل المعايير والممارسات الدولية. وتشمل الخدمات التي تقرر إعفاؤها لمدة عام من تاريخ العمل بالقرار، كلًا من: تنفيذ العمليات بالإنابة والتسوية النهائية للعقود، وتحويل المراكز بين أعضاء التسوية، وإصدار كشوف الحساب، وإضافة مستخدمين للنظام، وخدمات الربط الآلي بنظام التسوية. كما يتضمن القرار ثلاث خدمات مجانية هي: فتح حساب للعميل، ومصاريف الإيداع النقدي، ومصاريف السحب النقدي. وأكد الدكتور إسلام عزام، رئيس الهيئة العامة للرقابة المالية، أن بدء تداول العقود المستقبلية بعد تدشين سوق المشتقات يمثل محطة مهمة في مسار تطوير البورصة المصرية، باعتبارها إحدى الأدوات الرئيسية لتطوير سوق رأس المال المصري، وأن الهيئة تستهدف تشجيع الاستثمار في هذه الأدوات لتصبح خيارًا استثماريًا حيويًا أمام مختلف شرائح المتعاملين يساعد على تنويع الفرص الاستثمارية المتاحة وتعميق السوق. وأضاف رئيس الهيئة أن القرار يحقق التوازن بين توفير مقابل مناسب للخدمات التي تقدمها شركة التسوية وبين تشجيع أعضاء السوق والمتعاملين على المشاركة في سوق العقود الآجلة في مرحلة الإطلاق، كما أن الإعفاء المؤقت لبعض الخدمات يمثل حافزًا عمليًا للمستثمرين وشركات الوساطة الحاصلة على ترخيص لمزاولة نشاطها في العقود الآجلة المشتقة من الأوراق والأدوات المالية، بما يساعد على توسيع النشاط وزيادة جاذبيته. وكانت البورصة المصرية قد دشنت سوق المشتقات المالية تزامنًا مع اندلاع حرب إيران الأخيرة، في خطوة أكدت ما تحظى به مصر من استقرار وفرص للازدهار على الرغم من التغيرات الجيوسياسية الحادة، وخلال شهر يونيو الماضي أطلقت البورصة المصرية عقودًا مستقبلية على اثنين من الأسهم القيادية بالسوق. كما أصدرت الهيئة العامة للرقابة المالية سلفًا قرار مجلس الإدارة رقم (7) لسنة 2026 بشأن متطلبات وشروط الترخيص بمزاولة نشاط الوساطة في العقود الآجلة، وأصدرت موافقتها بالفعل لعدد من الشركات بعد استيفاء الاشتراطات والمتطلبات المالية والفنية. - تفاصيل الخدمات والمقابل المالي المحدد: -مقابل العضوية لعضو التسوية: 20 ألف جنيه تُحصّل مرة واحدة. -الاشتراك السنوي لعضو التسوية: 10 آلاف جنيه سنويًا، ويشمل استخدام شاشة واحدة لنظام التسوية. -فتح حساب للعميل: مجانًا. -خدمات التسوية: واحد في العشرة آلاف من قيمة العملية، وبحد أقصى 5 آلاف جنيه أو ما يعادلها بعملة التداول أو التسوية. -مصاريف الإيداع النقدي: مجانًا. -مصاريف السحب النقدي: مجانًا. -تنفيذ العمليات بالإنابة: واحد في الألف من قيمة العملية، وبحد أقصى 5 آلاف جنيه أو ما يعادلها بعملة التداول أو التسوية. (إعفاء لمدة عام). -التسوية النهائية: واحد في العشرة آلاف من قيمة المراكز المفتوحة في تاريخ انتهاء العقد، وبحد أقصى 5 آلاف جنيه أو ما يعادلها بعملة التداول أو التسوية. (إعفاء لمدة عام). -تحويل مراكز عضو تسوية إلى عضو تسوية آخر: واحد في الألف من قيمة المراكز المفتوحة، وبحد أقصى 5 آلاف جنيه أو ما يعادلها بعملة التداول أو التسوية. (إعفاء لمدة عام). -إصدار كشف حساب: 100 جنيه لكل كشف. (إعفاء لمدة عام). -إضافة مستخدم للنظام: 5 آلاف جنيه سنويًا. (إعفاء لمدة عام). -الربط الآلي بنظام التسوية: 50 ألف جنيه سنويًا. (إعفاء لمدة عام).",2026-07-07T09:50:22.766647+00:00,
akhbarelyom,tier2,https://akhbarelyom.com/news/newdetails/4846687/1/%D8%A3%D8%B3%D8%B9%D8%A7%D8%B1-%D8%A7%D9%84%D9%81%D8%B1%D8%A7%D8%AE-%D8%A7%D9%84%D9%8A%D9%88%D9%85-%D8%A7%D9%84%D8%AB%D9%84%D8%A7%D8%AB%D8%A7%D8%A1-7-%D9%8A%D9%88%D9%84%D9%8A%D9%88-2026,أسعار الفراخ اليوم الثلاثاء 7 يوليو 2026 في البورصة والأسواق,akhbarelyom,2026-07-07 06:26:13+00:00,بوابة أخبار اليوم الإلكترونية,بوابة اخبار اليوم,,170,تنشر «بوابة أخبار اليوم» أسعار الفراخ البيضاء والساسو والبلدي في بداية تعاملات اليوم الثلاثاء 7 يوليو 2026 بالبورصة والأسواق المحلية. ● أسعار الفراخ البيضاء اليوم: تراوحت أسعار الفراخ البيضاء داخل بورصة الدواجن بين 65 و70 جنيهًا للكيلو، بينما تصل إلى المستهلك في المحال التجارية بأسعار تتراوح بين 75 و85 جنيهًا للكيلو، وفقًا للمنطقة وتكاليف النقل. ● أسعار الفراخ البلدي اليوم: سجل سعر كيلو الفراخ البلدي في المزارع نحو 100 جنيهًا، فيما تراوح سعره للمستهلك في الأسواق بين 105 و110 جنيهًا للكيلو، بحسب المنطقة. ● أسعار الفراخ الساسو اليوم: سعر كيلو الفراخ الساسو في المزارع نحو 85 جنيهًا، بينما تراوح للمستهلك بين 95 إلى 100 جنيهًا للكيلو في الأسواق المحلية. وتواصل صناعة الدواجن في مصر دورها الحيوي في تحقيق الأمن الغذائي، إذ يبلغ حجم الإنتاج السنوي نحو 1.4 مليار طائر، بما يحقق الاكتفاء الذاتي بنسبة تقارب 100%. كما تُعد من الصناعات كثيفة العمالة، حيث توفر فرص عمل لنحو 3 ملايين عامل، بإجمالي استثمارات تُقدر بحوالي 100 مليار جنيهًا. اقرا أيضا أسعار الخضروات واللحوم والدواجن في الأسواق اليوم الثلاثاء 7 يوليو 2026,2026-07-07T09:50:23.094056+00:00,
akhbarelyom,tier2,https://akhbarelyom.com/news/VideoDisplay/4846508/1/%D8%A7%D8%B1%D8%AA%D9%81%D8%A7%D8%B9-%D8%A3%D8%B3%D8%B9%D8%A7%D8%B1-%D8%A7%D9%84%D9%86%D8%AD%D8%A7%D8%B3-%D8%A7%D9%84%D9%85%D8%AD%D9%84%D9%8A%D8%A9-%D9%88%D8%A7%D9%84%D8%B9%D8%A7%D9%84%D9%85%D9%8A%D8%A9-%D8%A7%D9%84,ارتفاع أسعار النحاس المحلية والعالمية اليوم الإثنين 6 يوليو 2026,akhbarelyom,2026-07-06 17:16:00+00:00,"سجلت أسعار النحاس العالمية اليوم الاثنين 6 يوليو 2026 ارتفاعاً ملحوظاً بزيادة تصل إلى 0.7% ليتداول الطن عند 13,402.50 دولاراً أمريكياً في بورصة لندن للمعادن",بوابة اخبار اليوم,,172,"سجلت أسعار النحاس العالمية اليوم الإثنين 6 يوليو 2026 ارتفاعاً ملحوظاً بزيادة تصل إلى 0.7% ليتداول الطن عند 13,402.50 دولاراً أمريكياً في بورصة لندن للمعادن، بينما استقرت عقود النحاس الآجلة في بورصة كومكس Comex فوق حاجز 6.22 دولاراً للرطل. وجاء هذا الانتعاش مدعوماً بتراجع رهانات المستثمرين على قيام مجلس الاحتياطي الفيدرالي برفع أسعار الفائدة، بالإضافة إلى زيادة استثمارات الصناديق الصينية في عقود المعادن الآجلة، أما على الصعيد المحلي في السوق المصري، فتختلف الأسعار بحسب نوع النحاس ودرجة نقائه. اقرأ أيضا | ارتفاع أسعار النحاس لأعلى مستوياتها اليوم الثلاثاء 2 يونيو 2026 أسعار النحاس في الأسواق المحلية اليوم الإثنين 6 يوليو 2026 سعر كيلو النحاس الأصفر الخردة : يتراوح بين 280 إلى 340 جنيهاً مصرياً بحسب جودة السبيكة ونقائها. سعر كيلو النحاس الأحمر: يرتفع سعره عن النحاس الأصفر ليتجاوز هذا النطاق نظراً لنقائه العالي وكفاءته الكبيرة في التوصيل الكهربائي. أسعار النحاس عالمياً ببورصة المعادن اليوم الإثنين 6 يوليو 2026 سعر طن النحاس تسليم 3 أشهر: 13,402.50 دولاراً أمريكياً. سعر رطل النحاس عقود كومكس الآجلة: يتأرجح في نطاق يومي بين 6.20 و 6.26 دولاراً.",2026-07-07T09:50:23.655246+00:00,
akhbarelyom,tier2,https://akhbarelyom.com/news/VideoDisplay/4846499/1/%D8%A7%D9%86%D8%AE%D9%81%D8%A7%D8%B6-%D8%A3%D8%B3%D8%B9%D8%A7%D8%B1-%D8%A7%D9%84%D9%85%D9%88%D8%A7%D8%AF-%D8%A7%D9%84%D8%BA%D8%B0%D8%A7%D8%A6%D9%8A%D8%A9-%D8%A7%D9%84%D8%B9%D8%A7%D9%84%D9%85%D9%8A%D8%A9-%D8%A7%D9%84,انخفاض أسعار المواد الغذائية العالمية اليوم الإثنين 6 يوليو 2026,akhbarelyom,2026-07-06 16:54:00+00:00,سجل مؤشر منظمة الأغذية والزراعة الفاو للأسعار العالمية انخفاضاً طفيفاً إلى 130.3 نقطة، وسط تراجع طفيف مقارنة بالشهر الماضي,بوابة اخبار اليوم,,320,انخفاض أسعار المواد الغذائية العالمية اليوم الإثنين 6 يوليو 2026 الرئيسية أخبار مصر محافظات سياحة وسفر عربي ودولي عالم أفريقيا أخبار اليوم أوتو برلمان اليوم اقتصاد بنوك وشركات عقارات طاقة أخبار الرياضة أخبار الحوادث فن وثقافة منوعات حكايات كلاسيك المرأة والطفل اخبار مديكال مجتمع كاريكاتير علوم وتكنولوجيا اتصالات الفضاء سلاح العاب وتطبيقات المزيد تحقيقات T.Vاخبار اليوم توك شو إنفوجراف أخبار الصين في خدمتك عاجل الجامعة العربية تحذّر من كارثة إنسانية في مدينة الأبيض النيران تلتهم سيارة نقل ثقيل بمدخل العبور.. والحماية المدنية تسيطر| صور مصر في مواجهة تاريخية أمام الأرجنتين بثمن نهائي كأس العالم.. حلم جديد دي لا فوينتي: مواجهة البرتغال كانت نهائيًا مبكرًا.. والبدلاء سر تأهل إسبانيا انفجارات تهز دمشق بالقرب من مقر إقامة ماكرون كأس العالم 2026.. منتخب سويسرا يواجه كولومبيا لمواصلة الحلم المونديالي خاص.. بلانكو يكشف طريقة الأرجنتين في بناء اللعب أمام مصر مدرب الأرجنتين: مصر جعلت الأمور صعبة على الجميع.. ومستعدون لأي شيء كأس العالم 2026.. بلجيكا يضرب موعدا مع إسبانيا في ربع نهائي ناري إعلام إيراني: مهاجمة ناقلة غاز في مضيق هرمز بعد تجاهلها التحذيرات انخفاض أسعار المواد الغذائية العالمية اليوم الإثنين 6 يوليو 2026 محمد احمد علي الإثنين، 06 يوليه 2026 - 06:54 م سجل مؤشر منظمة الأغذية والزراعة الفاو للأسعار العالمية انخفاضاً طفيفاً إلى 130.3 نقطة، وسط تراجع طفيف مقارنة بالشهر الماضي، بينما زادت الأسعار بنسبة 2.2% سنوياً بسبب توترات الشرق الأوسط والطاقة. اقرأ أيضا| تراجع في أسعار المواد الغذائية العالمية اليوم الثلاثاء 16 يونيو 2026 أسعار السلع الغذائية العالمية بورصة شيكاغو اليوم الإثنين 6 يوليو 2026 القمح : سجل نحو $6.09 (للبوشل) وتعني حجم الأوزان للطن وهي وحدة قياس أمريكية. فول الصويا: ارتفع إلى $11.82( للبوشل) وتعنى حجم الأوزان للطن وهي وحدة قياس أمريكية في الأسواق المصرية للمستهلك اليوم الاثنين 6 يوليو 2026 الأرز المعبأ: 35 جنيهاً للكيلو. السكر الأبيض : 36.5 جنيهاً للكيلو. الفول المعبأ: 61.5 جنيهاً للكيلو. زيت عباد الشمس: 101 جنيه للتر. كرتونة البيض: تراوحت بين 95 إلى 106 جنيهات. © الحقوق محفوظة لمؤسسة أخبار اليوم 1944 - 2024,2026-07-07T09:50:23.794743+00:00,
akhbarelyom,tier2,https://m.akhbarelyom.com/news/newdetails/4846333/1/%D8%B5%D8%A7%D8%AF%D8%B1%D8%A7%D8%AA-%D9%85%D8%B5%D8%B1,بالأرقام| تقرير يكشف زيادة حجم الصادرات المصرية إلى أمريكا,akhbarelyom,2026-07-07 05:37:30+00:00,بوابة أخبار اليوم الإلكترونية,بوابة اخبار اليوم,,207,"بالأرقام| تقرير يكشف زيادة حجم الصادرات المصرية إلى أمريكا كشف تقرير التجارة الخارجية الصادر عن الجهاز المركزي للتعبئة العامة والإحصاء، اليوم الاثنين، بعنوان ""العلاقات الاقتصادية بين مصر والولايات المتحدة الأمريكية عام 2025"" حجم التجارة الخارجية مع الولايات المتحدة الأمريكية ""صادرات - واردات"" عامي ""2024، 2025"". اقرا ايضا | وزير الاستثمار والسفير البريطاني يتابعان عددًا من الملفات الاقتصادية والتجارية أشار التقرير أن قيمة الصادرات المصرية إلى الولايات المتحدة الأمريكية بلغت 2,7 مليار دولار عام 2025 وتمثل 5.2% من صادرات مصر للعالم مقابل 2,3 مليار دولار عام 2024 بنسبة زيادة قدرها 19,9%. في سياق متصل ذكر التقرير أن الصادرات تركزت في الملابس الجاهزة فى المرتبة الأولى بنسبة 48,7 % من إجمالي الصادرات للولايات المتحدة الأمريكية حيث بلغت 1,3 مليار دولار عام 2025 مقابل 1,2 مليار دولار عام 2024 بنسبة زيادة قدرها 11,4٪. من جهة أخرى، ذكر التقرير أن قيمة الواردات المصرية من الولايات المتحدة الأمريكية سجلت 13,0 مليار دولار عام 2025 وتمثل 12,6 % من واردات مصر من العالم مقابل 7,6 مليار دولار عام 2024 بنسبة زيادة قدرها 70,6 %. وجاءت الواردات من وقود وزيوت معدنية ومنتجات تقطيرها فى المرتبة الأولى بنسبة 59,7 % من إجمالي الواردات من الولايات المتحدة الأمريكية حيث بلغت 7,8 مليار دولار عام 2025 مقابل 3,3 مليار دولار عام 2024 بنسبة زيادة قدرها 133,3 ٪.",2026-07-07T09:50:25.495322+00:00,
akhbarelyom,tier2,https://akhbarelyom.com/news/newdetails/4846489/1/%D8%A7%D8%B3%D8%AA%D9%82%D8%B1%D8%A7%D8%B1-%D8%A3%D8%B3%D8%B9%D8%A7%D8%B1-%D8%A7%D9%84%D8%A3%D8%B3%D9%85%D9%86%D8%AA-%D8%A7%D9%84%D9%8A%D9%88%D9%85-%D8%A7%D9%84%D8%A5%D8%AB%D9%86%D9%8A%D9%86-6-%D9%8A%D9%88,استقرار أسعار الأسمنت اليوم الإثنين 6 يوليو 2026,akhbarelyom,2026-07-06 15:59:42+00:00,بوابة أخبار اليوم الإلكترونية,بوابة اخبار اليوم,,119,استقرت أسعار الأسمنت اليوم في السوق المحلية، حيث سجل متوسط سعر طن الأسمنت للمستهلك نحو 4200 جنيه، بينما بلغ متوسط سعر الطن تسليم أرض المصنع نحو 3820 جنيهًا، وفقًا لبوابة الأسعار المحلية والعالمية التابعة لمجلس الوزراء. ويعد الأسمنت من أهم مواد البناء الأساسية، لذلك يحرص العاملون في قطاع التشييد على متابعة الأسعار بشكل يومي، خاصة مع تنفيذ المشروعات السكنية والتجارية والقومية في مختلف المحافظات. اقرأ أيضاً| أسعار الأسمنت اليوم الخميس 2 يوليو 2026 أسعار الأسمنت بعض الشركات وأنواعها اليوم الإثنين 6 يوليو 2026 الأسمنت الرمادي: يتراوح بين 3937 و4114 جنيهًا للطن. أسمنت السويدي: 3650 جنيهًا للطن. أسمنت السويس وحلوان: يتراوح بين 3450 و3460 جنيهًا للطن. أسمنت النصر: 3640 جنيهًا للطن.الأنواع الاقتصادية الفهد / المعلم: تبدأ من 3340 جنيهًا للطن.,2026-07-07T09:50:24.389019+00:00,
akhbarelyom,tier2,https://m.akhbarelyom.com/news/newdetails/4846493/1/%D8%A3%D8%B3%D8%B9%D8%A7%D8%B1-%D8%A7%D9%84%D9%81%D8%B6%D8%A9,ارتفاع أسعار الفضة اليوم الإثنين 6 يوليو 2026,akhbarelyom,2026-07-07 05:15:00+00:00,بوابة أخبار اليوم الإلكترونية,بوابة اخبار اليوم,,110,ارتفاع أسعار الفضة اليوم الإثنين 6 يوليو 2026 سجلت أسعار الفضة اليوم الإثنين 6 يوليو 2026 ارتفاعًا ملحوظًا في الأسواق المحلية والعالمية خلال تعاملات اليوم الإثنين 6 يوليو 2026، متأثرة بتحركات الأسعار العالمية وسط تحركات بأسواق المعادن الثمينة بالتزامن مع تراجع حدة التوترات الجيوسياسية العالمية. اقرأ أيضا | ارتفاع فى أسعار الفضة اليوم الاثنين 15 يونيو 2026 أسعار الفضة للجرام الواحد اليوم الإثنين 6 يوليو 2026: فضة عيار 999 النقية: 99.90 جنيهًا مصريًا. فضة عيار 925 الإسترليني: 92.50 جنيهًا مصريًا. فضة عيار 800: 80.00 جنيهًا مصريًا. أما أسعار الفضة على الصعيد العالمي اليوم الإثنين 6 يوليو 2026 فتراوح سعر أونصة الفضة بين $62.20 و$62.91 متأثرة ببيانات الوظائف الأمريكية وضعف الدولار.,2026-07-07T09:50:25.853184+00:00,
akhbarelyom,tier2,https://akhbarelyom.com/news/newdetails/4846765/1/%D9%87%D9%8A%D8%A6%D8%A9-%D8%A7%D9%84%D8%B1%D9%82%D8%A7%D8%A8%D8%A9-%D8%A7%D9%84%D9%85%D8%A7%D9%84%D9%8A%D8%A9-%D8%AA%D8%B5%D8%AF%D8%B1-10-%D9%85%D9%88%D8%A7%D9%81%D9%82%D8%A7%D8%AA-%D8%AC%D8%AF%D9%8A,هيئة الرقابة المالية تصدر 10 موافقات جديدة,akhbarelyom,2026-07-07 09:15:28+00:00,بوابة أخبار اليوم الإلكترونية,بوابة اخبار اليوم,,343,"قررت الهيئة العامة للرقابة المالية ، برئاسة الدكتور إسلام عزام ، منح 10 موافقات جديدة بمزاولة أنشطة مالية غير مصرفية متنوعة، وذلك في إطار عملها المتواصل لرفع جودة وتنافسية القطاعات الخاضعة لرقابتها وتعزيز جاذبيتها للاستثمار، وتوسيع نطاق استفادة المواطنين من الخدمات المالية. وشملت الموافقات الترخيص ل""الشركة الدولية لحلول التصنيف الائتماني"" للعمل في مجال نشاط تقييم وتصنيف وترتيب الأوراق المالية ، لتصبح بذلك ثاني شركة عاملة في هذا المجال بالسوق المصري، وأول شركة تحصل على الترخيص وفقًا لقرار الهيئة رقم (178) لسنة 2025 بشأن معايير المفاضلة بين الطلبات المقدمة للحصول على ترخيص مزاولة هذا النشاط. اقرأ أيضا / هيئة الرقابة المالية تحدد المقابل المالي لخدمات تسوية العقود الآجلة تنشيطًا لسوق المشتقات وتضمنت الموافقات الترخيص لشركتين جديدتين بمزاولة نشاط الوساطة في العقود الآجلة هما ""سيجما لتداول الأوراق المالية "" و""أسباير لتداول الأوراق المالية والسندات"" ليرتفع بذلك عدد الشركات المرخص لها بمزاولة هذا النشاط إلى 8 منذ تدشين سوق عقود المشتقات في البورصة المصرية. كما منحت الهيئة الترخيص المؤقت لشركة ""ميدرايت لحلول الصحة"" لمزاولة نشاط التأمين الطبي المتخصص، كأول شركة تحصل على الترخيص المؤقت في هذا المجال، وفقًا لقانون التأمين الموحد رقم (155) لسنة 2024 وقرار الهيئة رقم (90) لسنة 2025. ومنحت الهيئة الترخيص المؤقت لشركة ""نكستكير"" لمزاولة نشاط إدارة برامج الرعاية الصحية، ليرتفع عدد الشركات التي تزاول هذا النشاط بالترخيص المؤقت إلى 8 شركات منذ صدور قانون التأمين الموحد. وتضمنت الموافقات أيضًا الترخيص لشركة صندوق ""كو ويلث"" لمزاولة نشاط صندوق استثمار عقاري، ومنح الترخيص لشركة ""كو ويلث"" لترويج وتغطية الاكتتاب في الأوراق المالية وإدارة صناديق الاستثمار العقاري، والترخيص لشركة صندوق ""ثاندر للاستثمار في الأصول العقارية"" لمزاولة نشاط صندوق استثمار عقاري. ووافقت الهيئة على منح شركة ""التجاري الدولي للتمويل"" الترخيص بمزاولة نشاط التأجير التمويلي بالإضافة إلى غرضها مع مراعاة الالتزام بنماذج عقود التأجير التمويلي بما يتوافق مع نماذج الهيئة، ومنح شركة ""حالًا لخدمات التمويل غير المصرفي"" الترخيص بمزاولة نشاطي التمويل العقاري والتخصيم. وتمنح الهيئة هذه الموافقات في إطار اختصاصها الدستوري والقانوني بالرقابة والإشراف على الأسواق والأدوات المالية غير المصرفية، بما في ذلك أسواق رأس المال، وبورصات العقود الآجلة، وأنشطة التأمين، والتمويل العقاري، والتأجير التمويلي، والتخصيم، والتوريق، فضلًا عن الموافقة على تأسيس وترخيص الشركات العاملة بتلك الأسواق.",2026-07-07T09:50:25.189082+00:00,
akhbarelyom,tier2,https://m.akhbarelyom.com/news/newdetails/4846682/1/%D8%A3%D8%B3%D8%B9%D8%A7%D8%B1-%D8%A7%D9%84%D8%AE%D8%B6%D8%B1%D9%88%D8%A7%D8%AA-%D9%88%D8%A7%D9%84%D9%84%D8%AD%D9%88%D9%85-%D9%88%D8%A7%D9%84%D8%AF%D9%88%D8%A7%D8%AC%D9%86,أسعار الخضروات واللحوم والدواجن في الأسواق اليوم الثلاثاء 7 يوليو 2026,akhbarelyom,2026-07-07 04:52:30+00:00,بوابة أخبار اليوم الإلكترونية,بوابة اخبار اليوم,,664,"شهدت الأسواق المصرية، اليوم الثلاثاء 7 يوليو 2026، حالة من الاستقرار النسبي في أسعار الخضروات والفاكهة والأسماك والدواجن واللحوم، مدعومة بتوافر المعروض وانتظام حركة التداول، وفقًا لآخر تحديثات سوق العبور للجملة وبورصة الدواجن. ورصدت جولة ميدانية تفاوتًا طفيفًا بين أسعار الجملة والتجزئة، نتيجة تكاليف النقل وهوامش الربح، دون وجود قفزات سعرية ملحوظة. ■أسعار الخضروات اليوم سجلت أسعار الخضروات استقرارًا نسبيًا، مع زيادة تتراوح بين 3 و7 جنيهات للكيلو في أسواق التجزئة مقارنة بالجملة، حيث تراوح سعر الطماطم بين 12.5 و22.5 جنيهًا للكيلو، والبطاطس بين 11 و16 جنيهًا، بينما سجل البصل الأبيض من 8 إلى 11 جنيهًا، والبصل الأحمر من 7 إلى 10 جنيهات. كما تراوح سعر الجزر بدون عروش بين 10 و20 جنيهًا للكيلو، فيما سجل الباذنجان البلدي من 3 إلى 7 جنيهات، والباذنجان الرومي من 3 إلى 6 جنيهات للكيلو. ■أسعار الفاكهة استقرت أسعار الفاكهة مع فروق بسيطة عند البيع للمستهلك: تراوح سعر البرتقال الصيفي بين 10 و18 جنيهًا للكيلو، والجريب فروت بين 12 و20 جنيهًا، بينما سجل الليمون البلدي من 25 إلى 45 جنيهًا. وسجل العنب البناتي أسعارًا تراوحت بين 25 و40 جنيهًا، وعنب كرمسن والعنب الأسود بين 30 و45 جنيهًا للكيلو. أما المانجو البلدي فتراوح سعرها بين 15 و25 جنيهًا، والمانجو العويس بين 30 و70 جنيهًا، فيما سجلت المانجو الفص أسعارًا تراوحت بين 50 و100 جنيه للكيلو. كما تراوح سعر التفاح المصري بين 30 و48 جنيهًا، والموز البلدي بين 20 و25 جنيهًا، بينما تراوح سعر الشمام والكانتلوب بين 10 و20 جنيهًا للكيلو، وسجل البطيخ أسعارًا تراوحت بين 24 و100 جنيه للثمرة وفقًا للوزن. ■أسعار الأسماك حافظت أسعار الأسماك على استقرارها، خاصة البلطي الأكثر طلبًا:وفيما يتعلق بأسعار الأسماك، تراوح سعر البلطي الممتاز (بلطي 1) بين 77 و81 جنيهًا للكيلو، والبلطي (2) بين 71 و75 جنيهًا، بينما سجل البلطي الأسواني أسعارًا تراوحت بين 30 و80 جنيهًا. وسجل البوري أسعارًا تراوحت بين 100 و170 جنيهًا، والقراميط بين 30 و70 جنيهًا، فيما تراوح سعر الدنيس بين 275 و475 جنيهًا، والقشر البياض بين 200 و300 جنيه، والبياض الأملس بين 80 و250 جنيهًا للكيلو. كما تراوح سعر سمك موسى بين 250 و450 جنيهًا، والسبيط والكاليماري بين 250 و450 جنيهًا، بينما سجل القاروص واللوت أسعارًا تراوحت بين 150 و350 جنيهًا للكيلو. أما أسعار الجمبري، فقد تراوح سعر الجمبري (2) بين 750 و850 جنيهًا للكيلو، والجمبري المجمد بين 175 و525 جنيهًا، فيما سجل الجمبري (3) أسعارًا تراوحت بين 200 و400 جنيه. وفيما يخص باقي الأصناف، تراوح سعر الماكريل المجمد بين 150 و250 جنيهًا للكيلو، والسردين المجمد بين 30 و130 جنيهًا، والمرجان بين 120 و180 جنيهًا، بينما سجل البربون أسعارًا تراوحت بين 170 و200 جنيه للكيلو. ■أسعار الفراخ البيضاء اليوم: تراوحت أسعار الفراخ البيضاء داخل بورصة الدواجن بين 60 و65 جنيهًا للكيلو، بينما تصل إلى المستهلك في المحال التجارية بأسعار تتراوح بين 70 و75 جنيهًا للكيلو، وفقًا للمنطقة وتكاليف النقل. ● أسعار الفراخ الساسو اليوم: بلغ سعر كيلو الفراخ الساسو في المزارع نحو 90 جنيهًا، فيما تراوح سعره للمستهلك في الأسواق بين 105 و 110 جنيهًا للكيلو، بحسب المنطقة. ● أسعار الفراخ البلدي اليوم: سجل سعر كيلو الفراخ البلدي في المزارع نحو 100 جنيهًا، فيما تراوح سعره للمستهلك في الأسواق بين 110 و 120 جنيهًا للكيلو، بحسب المنطقة. ■أسعار البيض استقرت أسعار بيض المائدة في الجملة والتجزئة:البيض الأحمر 65 جنيهًا (جملة) من 75 إلى 90 جنيهًا للمستهلك حسب المنطقة. ● كما سجلت كرتونة البيض الأبيض 60 جنيهًا (جملة) من 70 إلى 80 جنيهًا للمستهلك حسب المنطقة ■أسعار اللحوم استقرت أسعار اللحوم مع توافر المعروض فى المنافذ والمجمعات الاستهلاكية بمختلف أنواعها: اللحم البلدي الكندوز: 350 – ●420 جنيهًا/الكيلو عِرق الفلتو البلدي: نحو ●430 جنيهًا/الكيلو اللحم الضأن البلدي: 350 – ●400 جنيهًا/الكيلو اللحم الجملي: 300 – ●350 جنيهًا/الكيلو ●الكبدة البلدي: 350 – 400 جنيهًا/الكيلو ●الكبدة الضأن: نحو 320 جنيهًا/الكيلو ■منافذ الدولة تخفف الضغط على الأسواق تواصل المنافذ التابعة للقوات المسلحة ومبادرة ""حياة كريمة"" ووزارات الزراعة والداخلية والتموين طرح اللحوم الحمراء بأسعار مخفضة، ما يسهم في زيادة المعروض وتحقيق توازن نسبي في الأسواق، خاصة مع ارتفاع الطلب. كما يعكس استقرار الأسعار اليوم توازنًا نسبيًا بين العرض والطلب، مدعومًا بتوافر السلع الأساسية وزيادة ضخ المنتجات عبر المنافذ الحكومية، وهو ما يحد من تقلبات السوق ويحافظ على استقرار أسعار الغذاء في مصر خلال الفترة الحالية.",2026-07-07T09:50:26.450644+00:00,
akhbarelyom,tier2,https://m.akhbarelyom.com/news/newdetails/4846683/1/%D8%A7%D9%84%D8%B0%D9%87%D8%A8,الصين تقود أكبر تحول في الطلب على الذهب,akhbarelyom,2026-07-07 04:52:30+00:00,بوابة أخبار اليوم الإلكترونية,بوابة اخبار اليوم,,930,يشهد سوق الذهب العالمي تحولًا هيكليًا يعد الأكبر منذ الأزمة المالية العالمية، مع انتقال مركز الثقل تدريجيًا من الأسواق الغربية إلى آسيا، مدفوعًا بقفزة تاريخية في الاستثمار بالسبائك و العملات الذهبية ، واستمرار مشتريات البنوك المركزية، مقابل تراجع الإقبال على المشغولات، وانخفاض تأثير التدفقات الاستثمارية الغربية مقارنة بالسنوات الماضية وفقا لتقرير صادر عن مرصد الذهب. وأوضح التقرير أنه استنادًا إلى أحدث بيانات مجلس الذهب العالمي وتحليلات شركة هيراوس بريشيوس ميتاليز Heraeus Precious Metals، أن إجمالي الطلب العالمي على الذهب، بما يشمل التداولات خارج البورصة «OTC»، بلغ 1231 طنًا خلال الربع الأول من عام 2026، بزيادة 2% على أساس سنوي، بينما قفزت القيمة السوقية للطلب إلى مستوى قياسي بلغ 193 مليار دولار، بارتفاع 74% مقارنة بالفترة نفسها من العام الماضي، مدفوعة بالارتفاع القياسي في أسعار الذهب خلال بداية العام. وأضاف أن اللافت في هذه الأرقام لا يتمثل فقط في نمو الطلب العالمي، وإنما في التغير الواضح في تركيبته، إذ ارتفع الطلب على السبائك والعملات الذهبية إلى 474 طنًا خلال الربع الأول، بزيادة 42% على أساس سنوي، ليسجل ثاني أعلى مستوى فصلي في تاريخ هذا القطاع، في حين تراجع الطلب على المشغولات الذهبية بنسبة 23% إلى نحو 300 طن، رغم ارتفاع قيمة الإنفاق على المجوهرات بنسبة 31% بفعل صعود الأسعار. اقرأ أيضا | تراجع أسعار الذهب عالميًا بعد تجاوز الأوقية 4200 دولار.. واستقرار السوق المحلية وقال الدكتور وليد فاروق، مدير «مرصد الذهب للدراسات الاقتصادية»، إن هذه الأرقام تؤكد أن الذهب لم يعد يتحرك فقط وفق قرارات مجلس الاحتياطي الفيدرالي الأمريكي أو قوة الدولار، بل أصبح الطلب المادي القادم من آسيا عنصرًا رئيسيًا في تحديد اتجاهات السوق العالمية. وأضاف أن المستثمر الآسيوي يختلف جذريًا عن نظيره الغربي؛ ففي الوقت الذي يتعامل فيه المستثمر الغربي مع الذهب كأصل مالي يرتبط بأسعار الفائدة والعائد على السندات، ينظر المستثمر الآسيوي إلى الذهب باعتباره مخزنًا طويل الأجل للقيمة، وأداة لحماية المدخرات من التضخم وتقلبات العملات والأزمات الجيوسياسية. وأشار إلى أن جزءًا من هذا التحول يعود إلى تغير طبيعة المستثمر الغربي، الذي أصبح أكثر حساسية لتحركات الفائدة وعوائد السندات، في حين يعتمد الطلب الآسيوي بدرجة أكبر على الشراء الفعلي للذهب بغرض الادخار والحفاظ على الثروة، وهو ما يجعل هذا الطلب أكثر استقرارًا وأقل ارتباطًا بالتقلبات قصيرة الأجل. وأوضح التقرير أن الصين كانت المحرك الأكبر لهذا التحول، بعدما سجل الطلب على السبائك والعملات الذهبية 207 أطنان خلال الربع الأول من عام 2026، بزيادة 67% مقارنة بالفترة نفسها من العام الماضي، وهو أعلى مستوى ربع سنوي في تاريخ السوق الصينية، متجاوزًا الرقم القياسي السابق البالغ 155 طنًا والمسجل في الربع الثاني من عام 2013. وأضاف أن هذه الأرقام تعكس تحول السوق الصينية من الاعتماد على شراء المشغولات إلى الاستثمار المباشر في الذهب المادي، في ظل تنامي الإقبال على أدوات الادخار المرتبطة بالمعدن النفيس. ولم يقتصر النمو على الصين، إذ شهدت أسواق الهند واليابان وكوريا الجنوبية ارتفاعًا ملحوظًا في الطلب على الذهب الاستثماري، بينما واصلت الصناديق المدرجة في الأسواق الآسيوية جذب التدفقات، في الوقت الذي تعرضت فيه الصناديق الأمريكية لعمليات تخارج خلال شهر مارس، بما يعكس اختلافًا واضحًا في سلوك المستثمرين بين الشرق والغرب. وتدعم بيانات التجارة الخارجية هذا الاتجاه، إذ ارتفعت واردات الصين من الذهب إلى 162.6 طنًا خلال مايو 2026، مقارنة مع 99.5 طنًا في مايو 2025، بزيادة سنوية بلغت 63%، فيما وصلت واردات الذهب غير النقدي خلال الفترة من يناير إلى مايو إلى 691.6 طنًا، بارتفاع 76% على أساس سنوي، مدفوعة بالطلب القوي على السبائك وبرامج الادخار في الذهب التي تسمح للمستثمرين بشراء المعدن على دفعات شهرية صغيرة. وأوضح فاروق أن هذه البيانات تؤكد أن آسيا لم تعد مجرد أكبر منطقة استهلاك للذهب، بل أصبحت تقود أيضًا الاستثمار المادي في المعدن الأصفر، وهو ما يمنحها تأثيرًا متزايدًا في تحديد اتجاهات الأسعار العالمية. وأضاف أن هذا التحول لا يرتبط بالمستثمرين الأفراد فقط، وإنما يمتد إلى البنوك المركزية، التي واصلت شراء الذهب رغم وصول الأسعار إلى مستويات تاريخية، حيث سجلت مشترياتها الصافية 244 طنًا خلال الربع الأول من عام 2026، بزيادة 3% على أساس سنوي، وهو مستوى يفوق متوسط المشتريات خلال السنوات الخمس الماضية. وأشار إلى أن البنوك المركزية حافظت على مشتريات سنوية تجاوزت 1000 طن خلال الأعوام من 2022 إلى 2024، قبل أن تسجل 863 طنًا في عام 2025، بما يؤكد أن الذهب أصبح عنصرًا استراتيجيًا دائمًا في إدارة الاحتياطيات الدولية، وليس مجرد أداة تحوط مؤقتة. ولفت إلى أن 45% من البنوك المركزية حول العالم تتوقع زيادة احتياطياتها من الذهب خلال الاثني عشر شهرًا المقبلة، مقابل 1% فقط تتوقع خفضها، وهو ما يعكس استمرار الثقة في الذهب كأصل استراتيجي في ظل تزايد المخاطر الاقتصادية والجيوسياسية. وأكد مدير «مرصد الذهب» أن تراجع الطلب على المشغولات لا يعني ضعفًا في مكانة الذهب، بل يعكس تغيرًا في طبيعة الطلب العالمي، حيث يتجه المستثمرون بصورة متزايدة إلى السبائك والعملات باعتبارها أقل تكلفة من حيث المصنعية، وأسهل في التخزين وإعادة البيع، وأكثر ارتباطًا بالسعر الفوري للمعدن. وأضاف أن هذا التحول بدأ ينعكس بوضوح على السوق المصرية، إذ أظهر أحدث استطلاع أجراه «مرصد الذهب» بمشاركة 521 تاجرًا أن 92.6% من التجار أكدوا أن الاتجاه الغالب للعملاء أصبح نحو شراء السبائك والجنيهات الذهبية بغرض الادخار والاستثمار، فيما استحوذت هذه المنتجات على نحو 88.9% من إجمالي المبيعات، مقابل 11.1% فقط للمشغولات الذهبية، بما يعكس انتقال جزء متزايد من الطلب المحلي من الذهب الاستهلاكي إلى الذهب الاستثماري. وأوضح أن هذا التشابه بين السوق المصرية والأسواق الآسيوية يؤكد أن ارتفاع الأسعار وتزايد التقلبات الاقتصادية يدفعان المستهلكين إلى تفضيل المنتجات منخفضة المصنعية والأكثر ارتباطًا بسعر الذهب الخام، باعتبارها أدوات أكثر كفاءة في الادخار والحفاظ على القيمة. وشدد على أن خريطة سوق الذهب العالمية دخلت مرحلة جديدة، لم يعد فيها المستثمر الغربي وحده صاحب الكلمة العليا، بل أصبحت آسيا والبنوك المركزية تمثلان القوة الأكثر تأثيرًا في الطلب الحقيقي على المعدن النفيس، وهو ما سيجعل قراءة اتجاهات الذهب خلال السنوات المقبلة تعتمد بصورة متزايدة على متابعة الأسواق الآسيوية إلى جانب قرارات مجلس الاحتياطي الفيدرالي الأمريكي، باعتبارهما العاملين الأكثر تأثيرًا في مستقبل الأسعار.,2026-07-07T09:50:26.906494+00:00,
akhbarelyom,tier2,https://m.akhbarelyom.com/news/newdetails/4846243/1/%D9%88%D8%B2%D9%8A%D8%B1-%D8%A7%D9%84%D8%AA%D9%85%D9%88%D9%8A%D9%86?__cf_chl_rt_tk=j.KmHMtPGSsXpnvnpbJ170fkSE9VtZiVWvtxE4v7yQw-1783417825-1.0.1.1-m3_E0f0ztJXl9PxmrGXNqTJdL07K0kBKp22NI8WjXwU,وزير التموين يبحث توفير حلول تمويلية وبنكية لتمكين المستفيدين من بدء مشروعاتهم في Carry On,akhbarelyom,2026-07-07 05:15:00+00:00,بوابة أخبار اليوم الإلكترونية,بوابة اخبار اليوم,,285,وزير التموين يبحث توفير حلول تمويلية وبنكية لتمكين المستفيدين من بدء مشروعاتهم في Carry On عقد الدكتور شريف فاروق، وزير التموين والتجارة الداخلية، اجتماعًا مع مسؤولي شركة إرادة فاينانس، لبحث آليات التعاون في توفير حلول تمويلية وبنكية متكاملة للمستفيدين من المشروع القومي “Carry On”، بما يسهم في تمكينهم من بدء مشروعاتهم والتوسع فيها، ودعم استدامة أعمالهم. يأتي ذلك في إطار جهود وزارة التموين والتجارة الداخلية لتعزيز الشمول المالي، وتوسيع الشراكات مع مؤسسات التمويل لدعم المشروعات الصغيرة ومتناهية الصغر وتناول الاجتماع مناقشة آليات التعاون لتوفير برامج تمويلية ميسرة، وفي مقدمتها القروض الصغيرة، إلى جانب إتاحة حلول وخدمات بنكية متكاملة تتناسب مع طبيعة المشروع القومي “Carry On”، بما ييسر حصول المستفيدين على التمويل اللازم لبدء مشروعاتهم أو تطويرها والتوسع فيها، ويسهم في رفع كفاءة التشغيل وتعزيز فرص النجاح والاستدامة. كما ناقش الجانبان إمكانية تصميم برامج تمويلية مرنة تتوافق مع احتياجات أصحاب المنافذ والمستفيدين من المشروع، بما يدعم خطط الوزارة للتوسع في تطبيق نموذج “Carry On” على مستوى الجمهورية، ويشجع المزيد من الشباب ورواد الأعمال على الانضمام إلى المشروع. وأكد فاروق أن وزارة التموين والتجارة الداخلية تعمل على بناء منظومة متكاملة من الشراكات مع مؤسسات التمويل والقطاع المصرفي، لتوفير مختلف أوجه الدعم المالي والفني للمستفيدين من المشروع القومي “Carry On”، بما يسهم في تمكين الشباب ورواد الأعمال، وتعزيز كفاءة المشروعات الصغيرة ومتناهية الصغر، وتحقيق مستهدفات الدولة في التنمية الاقتصادية، وزيادة معدلات الشمول المالي، وخلق فرص عمل مستدامة. اقرأ أيضا| التموين: تحديث البيانات على مصر الرقمية شرط الحصول على الخدمات| مستند ومن جانبهم، أعرب مسؤولو شركة إرادة فاينانس عن ترحيبهم بالتعاون مع وزارة التموين والتجارة الداخلية، مؤكدين استعداد الشركة لتقديم حلول تمويلية مرنة ومبتكرة تتناسب مع احتياجات مستفيدي المشروع القومي “Carry On”، بما يسهم في تسهيل حصولهم على التمويل، ودعم نمو مشروعاتهم، وتعزيز نجاح المشروع وتحقيق أهدافه الاقتصادية والتنموية.,2026-07-07T09:50:27.507472+00:00,
akhbarelyom,tier2,https://m.akhbarelyom.com/news/newdetails/4846427/1/%D8%A7%D9%84%D8%B4%D8%B9%D9%8A%D8%B1-%D9%88%D8%A7%D9%84%D8%AE%D8%B6%D8%B1,"""الزراعة"" تعلن تسجيل 5 أصناف جديدة من الشعير والخضر",akhbarelyom,2026-07-07 05:15:00+00:00,بوابة أخبار اليوم الإلكترونية,بوابة اخبار اليوم,,381,"""الزراعة"" تعلن تسجيل 5 أصناف جديدة من الشعير والخضر أكد علاء فاروق، وزير الزراعة واستصلاح الأراضي، أن الدولة المصرية تضع البحث العلمي الزراعي في مقدمة أولوياتها لتحقيق الأمن الغذائي وتقليل الفجوة الاستيرادية، مشدداً على أن الابتكار الزراعي واستنباط الهجن الوطنية هما الركيزة الأساسية لمواجهة التحديات المناخية والبيئية الحالية، بما يضمن تعظيم العائد الاقتصادي للفلاح المصري وتوفير منتجات زراعية آمنة وبأسعار مناسبة للمواطنين. بحوث الصحراء: إنتاج تقاوي بطاطس خالية من مسببات الامراض وكشف فاروق عن نجاح وزارة الزراعة، ممثلة في مركز البحوث الزراعية ، في تسجيل خمسة أصناف مصرية جديدة من محاصيل الحبوب والخضر، والتي تم استنباطها عبر المعاهد البحثية المتخصصة، في خطوة تعكس توجه الدولة نحو تعظيم دور البحث العلمي التطبيقي لزيادة الإنتاجية الزراعية وتلبية احتياجات السوق المحلي والتصديري. وأكد وزير الزراعة أن تسجيل هذه الأصناف يمثل إضافة نوعية حقيقية للقطاع الزراعي تعزز تنافسية مصر إقليمياً ودولياً، مؤكداً استمرار الوزارة في تقديم الدعم الكامل لعلمائها وباحثيها لتقديم حلول تطبيقية مبتكرة تخدم خطط التنمية الزراعية المستدامة وتدعم فرص التوسع الأفقي والرأسي في رقعة مصر الزراعية. وقال الدكتور عادل عبد العظيم رئيس مركز البحوث الزراعية، إن المركز قد نجح في تسجيل خمسة أصناف وهجن جديدة جرى استنباطها بأيدي باحثين مصريين، بهدف سد الفجوة الاستيرادية وتوفير تقاوي محلية عالية الجودة تضمن أعلى إنتاجية وأقل استهلاك للموارد المائية، لافتا الى أن هذه الأصناف، تشمل: تسجيل صنفين جديدين من الشعير هما (جيزة 201 وجيزة 202)، واللذين يمثلان حلولاً عملية للزراعة في الأراضي المستصلحة والحديثة، بإنتاجية فائقة، إضافة إلى تسجيل ثلاثة أصناف متميزة من الخضر تشمل صفي الفلفل الحلو (سويت ماجيك الأحمر وسويت ماجيك الأصفر)، بالإضافة إلى صنف الفاصوليا الجافة (ياقوت)، وكلها أصناف تمتاز بمواصفات تسويقية وتصديرية وتتحمل عمليات النقل والتخزين لمسافات طويلة. ومن جهته، أوضح الدكتور مجاهد عمار، مدير معهد المحاصيل الحقلية، أن الأصناف الجديدة شملت صنفي شعير هما ""جيزة 201"" و""جيزة 202""، واللذين يتميزان بإنتاجية مرتفعة وقدرة عالية على التأقلم مع ظروف الأراضي الجديدة خاصة في مناطق الوادي الجديد وشرق العوينات، فضلاً عن نضجهما خلال 125 يوماً، ومقاومتهما للأمراض الفطرية وكبر حجم الحبوب، مما يسهم في زيادة إنتاجية الفدان. ومن جانبه، أشار الدكتور أحمد حلمي، مدير معهد بحوث البساتين، إلى تسجيل ثلاثة أصناف متميزة من الخضر تجمع بين الإنتاجية العالية والجودة التسويقية، وتضم صنفي الفلفل الحلو ""سويت ماجيك الأحمر"" و""سويت ماجيك الأصفر"" اللذين يتميزان بالتبكير في الإنتاج وقوة النمو وتحمل النقل والتخزين، إلى جانب صنف الفاصوليا الجافة ""ياقوت"" الذي يتميز بإنتاجية مرتفعة وبذوره الحمراء الفريدة",2026-07-07T09:50:27.638973+00:00,
akhbarelyom,tier2,https://akhbarelyom.com/news/newdetails/4846188/1/%D8%A3%D8%B3%D8%B9%D8%A7%D8%B1-%D8%A7%D9%84%D8%AF%D9%88%D8%A7%D8%AC%D9%86-%D8%A7%D9%84%D9%8A%D9%88%D9%85-%D8%A7%D9%84%D8%A5%D8%AB%D9%86%D9%8A%D9%86-6-%D9%8A%D9%88%D9%84%D9%8A%D9%88-2026,أسعار الدواجن اليوم الإثنين 6 يوليو 2026 في البورصة والأسواق,akhbarelyom,2026-07-06 12:20:56+00:00,بوابة أخبار اليوم الإلكترونية,بوابة اخبار اليوم,,167,تنشر «بوابة أخبار اليوم» أسعار الفراخ البيضاء والساسو والبلدي في بداية تعاملات اليوم الإثنين 6 يوليو 2026 بالبورصة والأسواق المحلية. أسعار الفراخ البيضاء اليوم: تراوحت أسعار الفراخ البيضاء داخل بورصة الدواجن بين 65 و70 جنيهًا للكيلو، بينما تصل إلى المستهلك في المحال التجارية بأسعار تتراوح بين 75 و85 جنيهًا للكيلو، وفقًا للمنطقة وتكاليف النقل. أسعار الفراخ البلدي اليوم: سجل سعر كيلو الفراخ البلدي في المزارع نحو 100 جنيهًا، فيما تراوح سعره للمستهلك في الأسواق بين 105 و110 جنيهًا للكيلو، بحسب المنطقة. اقرأ أيضا| أسعار الفراخ اليوم السبت 4 يوليو 2026 في البورصة والأسواق أسعار الفراخ الساسو اليوم: بلغ سعر كيلو الفراخ الساسو في المزارع نحو 85 جنيهًا، بينما تراوح للمستهلك بين 95 إلى 100 جنيهًا للكيلو في الأسواق المحلية. وتواصل صناعة الدواجن في مصر دورها الحيوي في تحقيق الأمن الغذائي، إذ يبلغ حجم الإنتاج السنوي نحو 1.4 مليار طائر، بما يحقق الاكتفاء الذاتي بنسبة تقارب 100%. كما تُعد من الصناعات كثيفة العمالة، حيث توفر فرص عمل لنحو 3 ملايين عامل، بإجمالي استثمارات تُقدر بحوالي 100 مليار جنيهًا.,2026-07-07T09:50:27.049809+00:00,
akhbarelyom,tier2,https://m.akhbarelyom.com/news/newdetails/4846421/1/%D8%A7%D9%84%D8%A3%D9%86%D8%B4%D8%B7%D8%A9-%D8%A7%D9%84%D8%B2%D8%B1%D8%A7%D8%B9%D9%8A%D8%A9,«بحوث الصحراء» ينفذ برنامج لدمج «ذوي الهمم» في الأنشطة الزراعية,akhbarelyom,2026-07-07 05:15:00+00:00,بوابة أخبار اليوم الإلكترونية,بوابة اخبار اليوم,,366,«بحوث الصحراء» ينفذ برنامج لدمج «ذوي الهمم» في الأنشطة الزراعية استقبلت محطة بحوث جنوب سيناء التابعة لمركز بحوث الصحراء وفدًا من المركز البريطاني الدولي للتكامل الحسي وتنمية المهارات، في يوم تفاعلي حافل بالأنشطة الزراعية والبيئية والتنموية، استهدف إدخال البهجة على أطفال ذوي الهمم وتنمية مهاراتهم الحسية والإدراكية وذلك في إطار الدور المجتمعي لوزارة الزراعة واستصلاح الأراضي والحرص على تعزيز قيم الدمج والتكافل الاجتماعي. اقرأ أيضا | بدء مهام فرق الانفاء على شواطىء العريش والشيخ زويد وجاء ذلك تنفيذًا لتوجيهات علاء فاروق، وزير الزراعة واستصلاح الأراضي، وتعليمات الدكتور حسام شوقي، رئيس مركز بحوث الصحراء، وإشراف الدكتور محمد عزت، نائب رئيس المركز للمشروعات والمشرف على المحطات البحثية، بضرورة فتح المواقع الإنتاجية والبحثية للوزارة أمام المبادرات الإنسانية والمجتمعية المؤثرة. وشهدت الزيارة تنفيذ برنامج متكامل أُعد بعناية لربط التأهيل الحسي بالبيئة الزراعية؛ حيث تفاعل الأطفال بشكل مباشر مع مكونات المزرعة البحثية من خلال مشاركتهم في أنشطة تطبيقية شملت جمع البيض وإطعام الجمال، وهي تجارب زراعية حية أسهمت في تعزيز ثقتهم بأنفسهم، وتشجيعهم على التواصل الإيجابي مع الكائنات الحية والبيئة المحيطة في أجواء اتسمت بالفرح والحماس. وتضمن البرنامج جولة تعليمية موسعة داخل الصوب الزراعية بالمحطة، تعرف خلالها الأطفال على أنواع مختلفة من المحاصيل والنباتات، وتفاعلوا مع الألوان والروائح الطبيعية في تجربة عملية استهدفت تنشيط الحواس البصرية واللمسية والشمية، بجانب مشاركتهم في مجموعة من التجارب العلمية الزراعية المبسطة التي اتسمت بالأمان والتشويق لنمو فضولهم المعرفي. ومن جانبه، أكد الدكتور محمد السيد، رئيس محطة بحوث الصحراء بجنوب سيناء، أن استضافة أطفال ذوي الهمم وإدماجهم في الأنشطة الزراعية يأتي ضمن استراتيجية الوزارة والمركز لتنفيذ مبادرات مجتمعية مستدامة، مشيرًا إلى أن تسخير الإمكانيات البيئية والزراعية لخدمة هذه الفئة يمثل مسؤولية وطنية وإنسانية، ويعكس قدرة القطاع الزراعي على تقديم حلول مبتكرة للدمج المجتمعي وإبراز مهارات الأطفال الكامنة. وفي سياق متصل، أعربت الدكتورة غادة رشاد، المدير الإقليمي للمركز البريطاني الدولي، عن خالص شكرها وتقديرها لوزارة الزراعة وإدارة مركز بحوث الصحراء على حسن الاستقبال والتنظيم، مشيدة بالأنشطة الزراعية المتنوعة التي صُممت خصيصًا للأطفال، ومؤكدة أن التفاعل مع الطبيعة والمزرعة يترك أثرًا نفسيًا وسلوكيًا عميقًا، ويسهم بشكل مباشر في نجاح برامج التكامل الحسي. واختُتمت فعاليات اليوم التفاعلي بتوزيع الهدايا الرمزية على الأطفال والتقاط الصور التذكارية، وسط أجواء من السعادة، مع التأكيد على استمرار الوزارة في تنظيم مثل هذه الفعاليات التي تجسد الرسالة التنموية والإنسانية الشاملة لقطاع الزراعة في مصر.,2026-07-07T09:50:28.563503+00:00,
akhbarelyom,tier2,https://akhbarelyom.com/news/VideoDisplay/4846430/1/%D8%A7%D9%84%D8%A8%D8%AD%D9%8A%D8%B1%D8%A9-%D8%AA%D8%AF%D8%B4%D9%86-%D9%85%D8%B4%D8%B1%D9%88%D8%B9-%D8%A7%D9%84%D8%B2%D8%B1%D8%A7%D8%B9%D8%A9-%D8%A7%D9%84%D8%AA%D9%83%D8%A7%D9%85%D9%84%D9%8A%D8%A9-%D8%A8%D8%A7%D8%B3?__cf_chl_rt_tk=zi7EOaRA9OWzjAy373SvOAsxax256sADliZdqKQl86g-1783417827-1.0.1.1-yE_wZWqym4xqzYQXRGD9xzXK77ffYvBKl01U9DAa2tY,البحيرة تدشن مشروع الزراعة التكاملية باستزراع البلطي في حقول الأرز,akhbarelyom,2026-07-06 14:35:00+00:00,شهدت محافظة البحيرة، تدشين مشروع الزراعة التكاملية لاستزراع أسماك البلطي داخل حقول الأرز، في ثلاثة مراكز بإجمالي مساحة بلغت 43 فدانًا، في خطوة تستهدف تعظيم الاستفادة من وحدة الأرض والمياه، ورفع كفاءة الإنتاج الزراعي، وتحسين دخول المزارعين.,بوابة اخبار اليوم,,369,شهدت محافظة البحيرة، تدشين مشروع الزراعة التكاملية لاستزراع أسماك البلطي داخل حقول الأرز، في ثلاثة مراكز بإجمالي مساحة بلغت 43 فدانًا، في خطوة تستهدف تعظيم الاستفادة من وحدة الأرض والمياه، ورفع كفاءة الإنتاج الزراعي، وتحسين دخول المزارعين. ويأتي تنفيذ المشروع برعاية وزير الزراعة واستصلاح الأراضي علاء فاروق، وبالتعاون بين النقابة العامة للفلاحين وصغار المزارعين، والجامعات المصرية، وجهاز تنمية البحيرات والثروة السمكية، ومعهد بحوث الأرز، ومديريات الزراعة بالمحافظات. وشهد فعاليات التدشين المهندس ناصر أبوطالب، وكيل وزارة الزراعة بالبحيرة، و عبد الفتاح عبد العزيز، النقيب العام للفلاحين وصغار المزارعين، والدكتور إبراهيم حسيني درويش، أستاذ المحاصيل بكلية الزراعة بجامعة المنوفية والمشرف العلمي والفني على المشروع، إلى جانب ممثلي جهاز تنمية البحيرات والثروة السمكية، وخبراء معهد بحوث الأرز، وعدد من القيادات التنفيذية والإرشادية والمزارعين. وأكد الدكتور إبراهيم حسيني درويش أن مشروع استزراع أسماك البلطي في حقول الأرز يُعد أحد النماذج الناجحة للزراعة التكاملية، حيث يحقق إنتاج محصولين في موسم واحد دون زيادة في استهلاك المياه، بما يسهم في زيادة العائد الاقتصادي للمزارع وتحسين كفاءة استغلال الموارد. وأوضح أن المشروع يساهم أيضًا في تحسين خصوبة التربة نتيجة حركة الأسماك ومخلفاتها الطبيعية، والحد من الحشائش والآفات، وتقليل استخدام المبيدات، فضلًا عن دعم الأمن الغذائي بإضافة مصدر بروتيني عالي القيمة إلى جانب إنتاج الأرز. وشدد المشرف العلمي على ضرورة الالتزام بالتوصيات الفنية الخاصة بالكثافات السمكية، ومواعيد الزراعة، وإدارة المياه، لضمان نجاح التجربة وتحقيق أعلى إنتاجية. من جانبه، أكد المهندس ناصر أبوطالب أن المشروع يمثل إضافة مهمة لمنظومة التنمية الزراعية بمحافظة البحيرة، ويسهم في تحسين مستوى معيشة المزارعين، مشيرًا إلى استمرار المتابعة الميدانية من خلال الأجهزة الإرشادية لضمان نجاح التجربة. فيما أوضح عبد الفتاح عبد العزيز أن النقابة العامة للفلاحين وصغار المزارعين تتحمل التكلفة الكاملة للمشروع، في إطار دعمها للفلاح المصري، وتحويل الأفكار التنموية إلى مشروعات تطبيقية تحقق عائدًا اقتصاديًا مباشرًا للمزارعين. اقرا ايضا | محافظ شمال سيناء يلتقي أهالي قرية الجورة جنوب الشيخ زويد كما استعرض خبراء معهد بحوث الأرز، ومن بينهم الدكتور بسبوني زايد رئيس قسم بحوث الأرز، والدكتور محمود أبو يوسف رئيس بحوث، أهم التوصيات الفنية الخاصة بزراعة الأرز في ظل نظام الزراعة التكاملية، مع الإجابة عن استفسارات المزارعين وتقديم الإرشادات اللازمة لنجاح التجربة. ويُعد المشروع باكورة لتعميم نموذج الزراعة التكاملية في عدد من المحافظات، بما يدعم جهود الدولة في تحقيق التنمية الزراعية المستدامة، وتعظيم الاستفادة من الموارد الطبيعية، وزيادة الإنتاج، وتحسين دخل المزارعين.,2026-07-07T09:50:28.128040+00:00,
akhbarelyom,tier2,https://akhbarelyom.com/news/newdetails/4846691/1/%D8%A3%D8%B3%D8%B9%D8%A7%D8%B1-%D8%A7%D9%84%D9%84%D8%AD%D9%88%D9%85-%D8%A7%D9%84%D9%8A%D9%88%D9%85-%D8%A7%D9%84%D8%AB%D9%84%D8%A7%D8%AB%D8%A7%D8%A1-7-%D9%8A%D9%88%D9%84%D9%8A%D9%88-%D9%81%D9%8A-%D8%A7,أسعار اللحوم اليوم الثلاثاء 7 يوليو في الأسواق,akhbarelyom,2026-07-07 06:26:13+00:00,بوابة أخبار اليوم الإلكترونية,بوابة اخبار اليوم,,177,شهدت أسعار اللحوم الحمراء اليوم الثلاثاء 7 يوليو 2026 حالة من الاستقرار في بداية التعاملات، مدعومة بزيادة المعروض نتيجة التوسع في مشروعات الثروة الحيوانية التي نفذتها الدولة خلال السنوات الأخيرة، بما ساهم في تعزيز الإنتاجية وتلبية احتياجات السوق المحلي. وأعلنت وزارة الزراعة واستصلاح الأراضي عن استمرار طرح اللحوم البلدية الطازجة بأسعار وفقًا للمنطقة ونوع القطعة حيث استقرت أسعار اللحوم بالجمعات الاستهلاكية مع توافر المعروض بمختلف أنواعه وجاءت الأسعار كالتالي: عرق الفلتو البلدي: نحو 430 جنيهًا للكيلو اللحم الضأن البلدي: من 350 إلى 400 جنيهًا حسب القطعة اللحم الجملي: من 300 إلى 350 جنيهًا للكيلو الكبدة البلدي: من 350 إلى 400 جنيهًا للكيلو الكبدة الضأن: نحو 320 جنيهًا للكيلو وفي السياق ذاته، ساهمت المنافذ التي وفرتها جهات الدولة، وعلى رأسها القوات المسلحة المصرية ووزارة الداخلية المصرية ووزارة التموين والتجارة الداخلية، في زيادة المعروض من اللحوم داخل الأسواق. وتعمل هذه المنافذ على طرح اللحوم بشكل مستمر بأسعار مخفضة، الأمر الذي جذب شريحة كبيرة من المواطنين للشراء منها، مقارنة بمحلات الجزارة، خاصة في ظل استقرار الأسعار وتوافر المنتجات. اقرا أيضا أسعار اللحوم اليوم الإثنين 6 يوليو 2026 في المجمعات الإستهلاكية,2026-07-07T09:50:28.204886+00:00,
akhbarelyom,tier2,https://akhbarelyom.com/news/newdetails/4846688/1/%D8%A3%D8%B3%D8%B9%D8%A7%D8%B1-%D8%A7%D9%84%D9%81%D8%A7%D9%83%D9%87%D8%A9-%D8%A7%D9%84%D9%8A%D9%88%D9%85-%D8%A7%D9%84%D8%AB%D9%84%D8%A7%D8%AB%D8%A7%D8%A1-7%C2%A0%D9%8A%D9%88%D9%84%D9%8A%D9%88-%D9%81%D9%8A-,أسعار الفاكهة اليوم الثلاثاء 7 يوليو في سوق العبور للجملة,akhbarelyom,2026-07-07 06:26:13+00:00,بوابة أخبار اليوم الإلكترونية,بوابة اخبار اليوم,,197,تنشر «بوابة أخبار اليوم» أسعار الفاكهة اليوم الثلاثاء 7 يوليو 2026 بسوق العبور للجملة، مع إضافة من 3 إلى 5 جنيهات للكيلو عند البيع في أسواق التجزئة. الأسعار كالتالي: ● العنب البناتي: 25 – 40 جنيهًا ●العنب الأحمر: 25 – 40 جنيهًا ●عنب كرمسون 30 – 45 جنيهًا ●عنب أسود : 30 – 45 جنيهًا ● 30 تفاح مصرى يتراوح ما بين إلى 50 جنيهًا ●الكانتلوب: 12 – 20 جنيهًا ●شمام : 12 – 20 جنيهًا البطيخ (3 – 6 كجم): 40 –60 ● جنيهًا ●مانجو عويس : 30– 70 جنيهًا ●مانجو هندى : 25 – 40 جنيهًا ●مانجو تيمور : 25– 40 جنيهًا ●مانجو زبدية: 22 – 31 جنيهًا ●مانجو بلدية: 15 – 25 جنيه ●الخوخ العرايشي: 25 – 55 جنيهًا وتواصل الدولة جهودها لدعم الصادرات الزراعية المصرية عبر فتح أسواق خارجية جديدة، وتطوير منظومة الحجر الزراعي، إلى جانب تحديث المعامل بأحدث الأجهزة بما يعزز جودة المنتجات الزراعية وقدرتها التنافسية عالميًا. وتصدر مصر حاليًا نحو 350 سلعة زراعية إلى أكثر من 160 سوقًا خارجيًا، في ظل توسع ملحوظ خلال السنوات الأخيرة أسهم في فتح أكثر من 83 سوقًا جديدًا أمام الصادرات الزراعية المصرية. اقرأ أيضا أسعار الخضروات واللحوم والدواجن في الأسواق اليوم الثلاثاء 7 يوليو 2026,2026-07-07T09:50:29.088082+00:00,
akhbarelyom,tier2,https://akhbarelyom.com/news/newdetails/4846690/1/%D8%A3%D8%B3%D8%B9%D8%A7%D8%B1-%D8%A7%D9%84%D8%A8%D9%8A%D8%B6-%D8%A7%D9%84%D9%8A%D9%88%D9%85-%D8%A7%D9%84%D8%AB%D9%84%D8%A7%D8%AB%D8%A7%D8%A1-7-%D9%8A%D9%88%D9%84%D9%8A%D9%88-2026,أسعار البيض اليوم الثلاثاء 7 يوليو 2026,akhbarelyom,2026-07-07 06:26:13+00:00,بوابة أخبار اليوم الإلكترونية,بوابة اخبار اليوم,,138,شهدت أسعار البيض اليوم الثلاثاء 7 يوليو 2026 حالة من الاستقرار، وفق الأسعار المعلنة بعدد من المزارع المحلية، وسط استمرار جهود الدولة لتوفير السلع الأساسية بأسعار مناسبة للمواطنين. ● أسعار البيض الأحمر والأبيض اليوم: ●البيض الأحمر 65 جنيهًا (جملة) من 75 إلى 90 جنيهًا للمستهلك حسب المنطقة. ● كما سجلت كرتونة البيض الأبيض 60 جنيهًا (جملة) من 70 إلى 85 جنيهًا للمستهلك حسب المنطقة وفي إطار تخفيف الأعباء عن المواطنين، تواصل وزارة الزراعة واستصلاح الأراضي طرح كميات من بيض المائدة بأسعار مخفضة عبر منافذها الثابتة والمتحركة المنتشرة بالمحافظات، بما يسهم في ضبط الأسواق وتوفير المنتجات الغذائية بأسعار أقل من مثيلاتها. كما تستمر مبادرة «خير مزارعنا لأهالينا» في توفير السلع الغذائية ومنتجات المزارع الحكومية بالمنافذ المتحركة في الميادين العامة، بأسعار تقل عن الأسواق دعمًا للأسر المصرية ومواجهة ارتفاع تكاليف المعيشة. ااقرأ أيضا أسعار البيض اليوم الإثنين 6 يوليو 2026..,2026-07-07T09:50:29.174368+00:00,
akhbarelyom,tier2,https://akhbarelyom.com/news/newdetails/4846707/1/%D9%85%D8%B3%D8%A7%D8%B9%D8%AF-%D9%88%D8%B2%D9%8A%D8%B1-%D8%A7%D9%84%D8%B5%D9%86%D8%A7%D8%B9%D8%A9-%D9%86%D8%B3%D8%AA%D9%87%D8%AF%D9%81-%D8%B5%D8%A7%D8%AF%D8%B1%D8%A7%D8%AA-%D8%A8%D9%80100-%D9%85,"مساعد وزير الصناعة: نستهدف صادرات ب100 مليار دولار.. والتوطين ""كلمة السر""",akhbarelyom,2026-07-07 07:12:12+00:00,بوابة أخبار اليوم الإلكترونية,بوابة اخبار اليوم,,236,"أكد المهندس محمد زادة، مساعد وزير الصناعة للصناعات الاستراتيجية، أن وزارة الصناعة تعمل على قدم وساق لتنفيذ استراتيجية تستهدف توطين وتعميق التصنيع المحلي، باعتبارهما الركيزة الأساسية لزيادة تنافسية الصناعة المصرية وتحقيق مستهدف الدولة بالوصول إلى صادرات بقيمة 100 مليار دولار بحلول عام 2030. وقال ""زادة"" إن توطين الصناعات وتعميقها يسهمان في خفض فاتورة الاستيراد، وزيادة الاعتماد على المكونات المحلية، بما يعزز القدرة التنافسية للمنتجات المصرية، ويحد من تأثير تقلبات أسعار الصرف على تكلفة الإنتاج. اقرأ أيضا| وزير الصناعة يبحث مع نقيب المهندسين الاستفادة من الخبرات والكفاءات في دعم التوطين وأوضح أن ارتفاع نسبة المكونات المستوردة في الصناعات المختلفة يجعل تكلفة المنتج النهائي أكثر تأثرًا بتغيرات سعر الصرف، مضيفًا: «إذا كانت مستلزمات الإنتاج المستوردة تمثل 60% أو 70% من إجمالي المدخلات، فإن أي تغير في سعر الصرف ينعكس تلقائيًا بالنسبة نفسها تقريبًا على تكلفة المنتج النهائي». وأشار إلى أن نحو 60% من مستلزمات إنتاج صناعة الحديد والصلب لا تزال تُستورد من الخارج، وتشمل الخردة، والسبائك، والأقطاب الكهربائية، وقطع الغيار، والخامات الأساسية، مؤكدًا أن الوزارة تعمل على تعميق هذه الصناعة من خلال توطين الصناعات المغذية لها، بما يقلل الاعتماد على الواردات ويرفع القيمة المضافة للمنتج المحلي. وكشف مساعد وزير الصناعة عن قرب افتتاح عدد من مصانع إنتاج إطارات السيارات الملاكي في مصر، في إطار خطة الدولة لتوطين هذه الصناعة، مشيرًا إلى أن مصر تستورد نحو 8 ملايين إطار سنويًا، بقيمة تبلغ نحو 1.25 مليار دولار، وهو ما يجعل توطين إنتاجها خطوة مهمة نحو تقليل الواردات وتعزيز الصناعة الوطنية.",2026-07-07T09:50:29.963368+00:00,
akhbarelyom,tier2,https://akhbarelyom.com/news/newdetails/4846716/1/%D8%AA%D8%B1%D8%A7%D8%AC%D8%B9-%D8%B7%D9%81%D9%8A%D9%81-%D9%81%D9%8A-%D8%A3%D8%B3%D8%B9%D8%A7%D8%B1-%D8%A7%D9%84%D9%81%D8%B6%D8%A9-%D8%A7%D9%84%D9%8A%D9%88%D9%85-%D8%A7%D9%84%D8%AB%D9%84%D8%A7%D8%AB%D8%A7%D8%A1,تراجع طفيف في أسعار الفضة اليوم الثلاثاء 7 يوليو 2026,akhbarelyom,2026-07-07 07:40:19+00:00,بوابة أخبار اليوم الإلكترونية,بوابة اخبار اليوم,,300,تراجع طفيف في أسعار الفضة اليوم الثلاثاء 7 يوليو 2026 | بوابة أخبار اليوم الإلكترونية الرئيسية أخبار مصر محافظات سياحة وسفر عربي ودولي عالم أفريقيا أخبار اليوم أوتو برلمان اليوم اقتصاد بنوك وشركات عقارات طاقة أخبار الرياضة أخبار الحوادث فن وثقافة منوعات حكايات كلاسيك المرأة والطفل اخبار مديكال مجتمع كاريكاتير علوم وتكنولوجيا اتصالات الفضاء سلاح العاب وتطبيقات المزيد تحقيقات T.Vاخبار اليوم توك شو إنفوجراف أخبار الصين في خدمتك عاجل الجامعة العربية تحذّر من كارثة إنسانية في مدينة الأبيض النيران تلتهم سيارة نقل ثقيل بمدخل العبور.. والحماية المدنية تسيطر| صور مصر في مواجهة تاريخية أمام الأرجنتين بثمن نهائي كأس العالم.. حلم جديد دي لا فوينتي: مواجهة البرتغال كانت نهائيًا مبكرًا.. والبدلاء سر تأهل إسبانيا انفجارات تهز دمشق بالقرب من مقر إقامة ماكرون كأس العالم 2026.. منتخب سويسرا يواجه كولومبيا لمواصلة الحلم المونديالي خاص.. بلانكو يكشف طريقة الأرجنتين في بناء اللعب أمام مصر مدرب الأرجنتين: مصر جعلت الأمور صعبة على الجميع.. ومستعدون لأي شيء كأس العالم 2026.. بلجيكا يضرب موعدا مع إسبانيا في ربع نهائي ناري إعلام إيراني: مهاجمة ناقلة غاز في مضيق هرمز بعد تجاهلها التحذيرات أسعار الفضة اليوم تراجع طفيف في أسعار الفضة اليوم الثلاثاء 7 يوليو 2026 الثلاثاء، 07 يوليه 2026 - 10:25 ص محمد احمد علي سجلت أسعار الفضة اليوم الثلاثاء 7 يوليو 2026 تراجعاً طفيفاً متأثرة بحركة الأسواق العالمية، بلغ سعر جرام الفضة عيار 999 النقي نحو 98.03 جنيه مصري، بينما تتداول الأوقية عالمياً عند مستويات تقارب 60.74 دولار. اقرأ أيضا / تراجع أسعار الفضة اليوم الأربعاء 1 يوليو 2026 بينما أسعار الأعيرة في الأسواق الصاغة اليوم الثلاثاء 7 يوليو 2026 فضة عيار 999 النقاء : يتراوح السعر بين 98.03 و 137 جنيهاً مصرياً للجرام حسب المصنعية. فضة عيار 925 فضة إسترليني: تتراوح بين 113.75 و 178 جنيهاً مصرياً للجرام. أوقية الفضة عالمياً : تسجل حوالي 60.74 للأوقية © الحقوق محفوظة لمؤسسة أخبار اليوم 1944 - 2024,2026-07-07T09:50:29.894534+00:00,
akhbarelyom,tier2,https://akhbarelyom.com/news/newdetails/4846758/1/%D8%A7%D9%84%D8%AD%D8%AC%D8%B1-%D8%A7%D9%84%D8%B2%D8%B1%D8%A7%D8%B9%D9%8A-%D8%A7%D9%84%D9%85%D8%B5%D8%B1%D9%8A-%D9%8A%D8%A4%D9%83%D8%AF-%D8%A7%D9%84%D8%AA%D8%B2%D8%A7%D9%85%D9%87-%D8%A8%D8%AF%D8%B9%D9%85-%D9%85,الحجر الزراعي المصري يؤكد التزامه بدعم منظومة الصحة النباتية في أفريقيا,akhbarelyom,2026-07-07 09:13:20+00:00,بوابة أخبار اليوم الإلكترونية,بوابة اخبار اليوم,,196,"شارك الدكتور محمد المنسي ، رئيس الإدارة المركزية للحجر الزراعي ، التابعة لقطاع الخدمات الزراعية، في منتدى الشراكة الاستراتيجية لبرنامج الصحة النباتية في أفريقيا المنعقد بالعاصمة الإثيوبية أديس أبابا. اقرأ أيضا / الحجر الزراعي يبحث نقل الخبرة الفرنسية في إنتاج تقاوي البطاطس وجاءت مشاركة "" المنسي "" بصفته نقطة الاتصال الرسمية للاتفاقية الدولية لوقاية النباتات (IPPC)، بحضور عدد من وزراء الزراعة الأفارقة، وسكرتير الاتفاقية الدولية، إلى جانب الشركاء الإقليميين والدوليين والسلطات الوطنية المعنية، بهدف تعزيز التعاون المشترك، وحشد الموارد، وتوسيع نطاق تنمية القدرات في مجال صحة النبات بالقارة السمراء. اقرأ أيضا / «المنسي» يبحث فتح أسواق جديدة للصادرات الزراعية واستعرض رئيس الإدارة المركزية للحجر الزراعي ، خلال المنتدى تجربة مصر الرائدة في تطبيق البرنامج منذ إطلاقه محلياً في سبتمبر 2023، مسلطاً الضوء على النتائج الإيجابية التي تحققت والمتمثلة في فتح أسواق جديدة وتيسير انسياب حركة الصادرات الزراعية المصرية إلى مختلف دول العالم، وهي التجربة التي عرضتها مصر أيضاً خلال أعمال الدورة العشرين من هيئة تدابير الصحة النباتية (CPM 20). وأكد "" المنسي "" في كلمته أن الاستثمار المستدام في صحة النبات يمثل ركيزة أساسية لتعزيز الأمن الغذائي، وتيسير حركة التجارة الآمنة، فضلاً عن بناء نظم زراعية مرنة وقوية قادرة على التغلب على الصدمات الدولية وتأثيراتها المختلفة.",2026-07-07T09:50:30.356576+00:00,
akhbarelyom,tier2,https://akhbarelyom.com/news/newdetails/4846686/1/%D8%A3%D8%B3%D8%B9%D8%A7%D8%B1-%D8%A7%D9%84%D8%A3%D8%B3%D9%85%D8%A7%D9%83-%D8%A7%D9%84%D9%8A%D9%88%D9%85-%D8%A7%D8%A7%D9%84%D8%AB%D9%84%D8%A7%D8%AB%D8%A7%D8%A1%C2%A07-%D9%8A%D9%88%D9%84%D9%8A%D9%88,أسعار الأسماك اليوم االثلاثاء 7 يوليو,akhbarelyom,2026-07-07 06:26:12+00:00,بوابة أخبار اليوم الإلكترونية,بوابة اخبار اليوم,,170,تنشر «بوابة أخبار اليوم» أسعار الأسماك في بداية تعاملات اليوم الثلاثاء 7 يوليو 2026 بسوق العبور للجملة، مع إضافة من 3 إلى 5 جنيهات للكيلو عند البيع في أسواق التجزئة. وسجلت أسعار السمك اليوم في سوق العبور للجملة استقراراً ملحوظاً. وجاءت الأسعار كالتالي: أسعار السمك في سوق العبور للجملة كالتالي: ●البلطي: من 59 إلى 64 جنيهًا للكيلو. ●البوري: من 100 إلى 240 جنيهًا للكيلو. ●الكابوريا: من 50 إلى 180 جنيهًا للكيلو. ●الثعابين: من 100 إلى 700 جنيه للكيلو. ●الدنيس: من 275 إلى 425 جنيهًا للكيلو. ●المرجان: من 100 إلى 240 جنيهًا للكيلو. ●السبيط والكاليماري والسابيا: من 250 إلى 400 جنيه للكيلو. ●المكرونة السويسي: من 75 إلى 145 جنيهًا للكيلو. وأكد الدكتور صلاح مصيلحي، رئيس جهاز تنمية البحيرات والثروة السمكية، أن توجيهات الرئيس عبد الفتاح السيسي بتطوير البحيرات الطبيعية في مصر مثّلت نقطة تحول كبيرة في استعادة هذه الثروات، من خلال إزالة التعديات وتطهير البحيرات، خاصة بحيرة المنزلة، بما يسهم في تعزيز الإنتاج السمكي ودعم الأمن الغذائي المصري. اقرا أيضا أسعار الخضروات واللحوم والدواجن في الأسواق اليوم الثلاثاء 7 يوليو 2026,2026-07-07T09:50:31.020894+00:00,
akhbarelyom,tier2,https://akhbarelyom.com/news/newdetails/4846689/1/%D8%A3%D8%B3%D8%B9%D8%A7%D8%B1-%D8%A7%D9%84%D8%AE%D8%B6%D8%B1%D9%88%D8%A7%D8%AA-%D9%81%D9%8A-%D8%B3%D9%88%D9%82-%D8%A7%D9%84%D8%B9%D8%A8%D9%88%D8%B1-%D9%84%D9%84%D8%AC%D9%85%D9%84%D8%A9-%D8%A7%D9%84%D9%8A%D9%88,أسعار الخضروات في سوق العبور للجملة اليوم الثلاثاء 7 يوليو,akhbarelyom,2026-07-07 06:26:13+00:00,بوابة أخبار اليوم الإلكترونية,بوابة اخبار اليوم,,217,تنشر «بوابة أخبار اليوم» أسعار الخضروات في سوق العبور للجملة الثلاثاء 7 يوليو 2025 ويضاف إلى السعر المعلن من 3 - 7 جنيهات للكيلو في أسواق الخضروات للتجزئة. ●يتراوح سعر كيلو الطماطم من 7 إلى 13 جنيهًا. ●يتراوح سعر كيلو البطاطس ما بين 11 جنيهات و13 جنيهًا. ●يتراوح سعر كيلو الباذنجان البلدي ما بين 5 جنيهات و10 جنيهات. ●يتراوح سعر كيلو الفاصوليا ما بين 28 و34 جنيهًا. ●يتراوح سعر كيلو الفلفل الرومي بلدي وصوب ما بين 16 و22 جنيهًا. ●يتراوح سعر كيلو الخيار الصوب ما بين 12 جنيهات و18 جنيهًا. ●يتراوح سعر كيلو الخيار البلدي ما بين 8 جنيهات و12 جنيهًا. ●يتراوح سعر كيلو الجزر ما بين 10 جنيهات و20 جنيهًا. ●يتراوح سعر كيلو الكوسة ما بين 12 جنيهات و20 جنيهًا. ●يتراوح سعر كيلو الملوخية ما بين 5 و10 جنيهات. ●يتراوح سعر كيلو الثوم ما بين 20 و40 جنيهًا. جدير بالذكر أن الدولة تحرص على دعم الفلاح المصري بكل السبل لأنه العامل الأساسي للتنمية الزراعية وأحد أعمدة الاقتصاد الوطني. لذا تم توفير كل الإمكانيات لتخفيف الأعباء عنه من خلال تقديم القروض الميسرة لهم، للتوسع في إنشاء الصوب الزراعية و تم تيسير إجراءات ترخيص الصوب الزراعية وتقديم الخدمات والإرشادات اللازمة لهم خلال فترة التغيرات المناخية التي شهدتها البلاد لتجنب آثار الإجهاد الحراري على المحاصيل الزراعية. اقرأ أيضا أسعار الخضروات واللحوم والدواجن في الأسواق اليوم الثلاثاء 7 يوليو 2026,2026-07-07T09:50:30.883769+00:00,
akhbarelyom,tier2,https://m.akhbarelyom.com/news/newdetails/4846681/1/%D8%A7%D9%84%D9%85%D8%AA%D8%AD%D9%81-%D8%A7%D9%84%D9%85%D8%B5%D8%B1%D9%8A-%D8%A7%D9%84%D9%83%D8%A8%D9%8A%D8%B1,مكتبة المتحف المصري الكبير.. فصل جديد في الشراكة الثقافية بين مصر وفرنسا,akhbarelyom,2026-07-07 03:28:49+00:00,بوابة أخبار اليوم الإلكترونية,بوابة اخبار اليوم,,317,"مكتبة المتحف المصري الكبير.. فصل جديد في الشراكة الثقافية بين مصر وفرنسا افتتاح مكتبة المتحف المصري الكبير لم يكن مجرد إضافة ثقافية، بل خطوة تعزز مكانة مصر كمركز عالمي للبحث في علوم المصريات ، وتجسد تاريخًا طويلًا من التعاون العلمي والثقافي بين القاهرة وباريس. أكد الدكتور عبد الرحيم ريحان، مدير المكتب الإعلامي لمجلس الآثاريين العرب ورئيس حملة الدفاع عن الحضارة المصرية ، أن افتتاح مكتبة المتحف المصري الكبير يمثل محطة جديدة في مسيرة التعاون الثقافي والعلمي بين مصر وفرنسا، ويعكس اهتمام الدولة بتحويل المتحف إلى مركز عالمي للبحث والدراسة إلى جانب دوره كوجهة سياحية وأثرية. وأوضح أن المكتبة، التي افتتحها وزير السياحة والآثار شريف فتحي بالتعاون مع الحكومة الفرنسية، تضم نحو 17 ألف كتاب ومجلد باللغات العربية والإنجليزية والفرنسية وغيرها، وتغطي مجالات الحضارة المصرية القديمة، وعلوم الترميم، والمتاحف، والتراث، كما تستضيف الندوات والمؤتمرات وورش العمل والبرامج البحثية المتخصصة، بما يخدم الباحثين والدارسين من مختلف أنحاء العالم. وأشار ريحان إلى أن التعاون المصري الفرنسي في مجال الآثار يشهد تطورًا مستمرًا، حيث تعمل 57 بعثة أثرية فرنسية في مواقع أثرية متنوعة داخل مصر، إلى جانب الشراكة مع المعهد الفرنسي للآثار الشرقية بالقاهرة والمركز المصري الفرنسي لدراسة معابد الكرنك، فضلًا عن التعاون في مكافحة الاتجار غير المشروع بالممتلكات الثقافية وتبادل الخبرات لحماية التراث. وأضاف أن زيارة وزير السياحة والآثار الأخيرة إلى فرنسا أسهمت في تعزيز التعاون السياحي، من خلال لقاءات مع مسؤولي قطاع السفر الفرنسي لبحث زيادة ال حركة السياحية الوافدة إلى مصر، وتنفيذ حملات ترويجية مشتركة، وتنظيم رحلات تعريفية لوكلاء وشركات السياحة الفرنسية، مع مناقشة استضافة مصر الاجتماع السنوي لاتحاد وكالات السفر الفرنسية خلال عامي 2027 و2028. واستعرض ريحان جذور العلاقات الثقافية بين البلدين، مشيرًا إلى دور الفرنسيين في ترميم برج القديس جورج بدير سانت كاترين مطلع القرن التاسع عشر، إضافة إلى القيمة التاريخية لموسوعة ""وصف مصر""، التي أعدها أكثر من 1700 عالم فرنسي، ووثقت آثار مصر ومدنها وحرفها وصناعاتها وبيئتها الطبيعية، وسجلت مواقع اندثر بعضها مع مرور الزمن، لتظل مرجعًا علميًا فريدًا يوثق جوانب متعددة من الحضارة المصرية.",2026-07-07T09:50:32.654168+00:00,
akhbarelyom,tier2,https://m.akhbarelyom.com/news/newdetails/4846635/1/%D8%AA%D8%B5%D8%AF%D9%8A%D8%B1-%D8%A7%D9%84%D8%B9%D9%82%D8%A7%D8%B1-%D8%A7%D9%84%D9%85%D8%B5%D8%B1%D9%89-%D9%84%D9%84%D9%86%D8%AF%D9%86,«نايل إكسبو» يروج القطاع.. ويبحث عن مستثمرى بريطانيا,akhbarelyom,2026-07-07 05:18:07+00:00,بوابة أخبار اليوم الإلكترونية,بوابة اخبار اليوم,,357,تصدير العقار المصرى للندن «نايل إكسبو» يروج القطاع.. ويبحث عن مستثمرى بريطانيا وسط حضور كبير من الجالية المصرية والشركات العقارية، حقق معرض «نايل إكسبو» العقارى فى لندن نجاحاً فى جذب أنظار المستثمرين البريطانيين إلى السوق العقارى المصرى وما يمثله من فرص واعدة للاستثمار.. المعرض أقيم قبل أيام وافتتحه السفير نبيل حبشى نائب وزير الخارجية والهجرة وشئون المصريين بالخارج، وشهد مشاركة واسعة من كبرى شركات التطوير العقارى المصرية، بما فيها الشركات الحكومية والخاصة. حضر المعرض العديد من أبناء الجالية المصرية، إلى جانب عدد كبير من المستثمرين البريطانيين والدوليين والمهتمين باستكشاف الفرص الاستثمارية الواعدة فى السوق المصري. وأكد نائب وزير الخارجية أن الحكومة المصرية تولى اهتماماً كبيراً بتصدير العقار، ولاسيما لأبناء الجاليات المصرية المقيمين فى الخارج، مضيفاً أن نجاح معرض لندن يمثل خطوة جديدة نحو توسيع نطاق التعاون مع الجاليات المصرية حول العالم، ويعزز من مكانة مصر كوجهة استثمارية جاذبة، خاصة فى القطاع العقارى الذى يشهد طفرة كبيرة خلال السنوات الأخيرة. وعلى هامش المعرض، أجرى نائب وزير الخارجية حواراً مع عدد من أبناء الجالية المصرية فى بريطانيا، استعرض خلاله السفير نبيل حبشى جهود الدولة المصرية فى تعزيز التواصل مع المصريين بالخارج، وشرح عدداً من المبادرات الموجهة لهم، ومن بينها: «بيتك فى مصر»، وافتح مزرعتك فى مصر، ومدرستك فى مصر، وتأمينك فى مصر، بالإضافة إلى مبادرة الصالون الثقافى، بما يعكس حرص الدولة على توفير قنوات متنوعة للتواصل مع المصريين بالخارج وربطهم بوطنهم. وأكد السفير حبشى أن الدولة المصرية تولى اهتماماً كبيراً بجذب الاستثمارات، خاصة من المصريين المقيمين بالخارج، والعمل على تقديم التسهيلات اللازمة لهم، وتذليل أى عقبات قد تواجههم، مشيراً إلى أن المبادرات المطروحة تستهدف تلبية احتياجات مختلفة لأبناء مصر فى الخارج، سواء فى مجالات السكن، أو الاستثمار الزراعي، أو التعليم، أو التأمين، أو المشاركة الثقافية والمجتمعية. وأكد حبشى حرص د. بدر عبد العاطى وزير الخارجية والتعاون الدولى والهجرة وشئون المصريين فى الخارج على الاستماع الدائم إلى آراء ومقترحات المصريين بالخارج، والتعامل معها بجدية، مؤكداً أن الوزارة ترحب بتلقى أى مقترحات أو أفكار من أبناء الجاليات المصرية حول العالم، بما يسهم فى تطوير الخدمات المقدمة لهم وتعزيز مشاركتهم فى جهود التنمية الوطنية. وأكد حبشى أن الدولة المصرية ستواصل العمل على تعزيز جسور الثقة والتواصل مع أبنائها فى الخارج، باعتبارهم جزءاً أصيلاً من قوة مصر الناعمة وشركاء فاعلين فى مسيرة التنمية.,2026-07-07T09:50:32.903578+00:00,
akhbarelyom,tier2,https://m.akhbarelyom.com/news/newdetails/4846402/1/%D8%A3%D8%AD%D9%85%D8%AF-%D9%8A%D9%88%D8%B3%D9%81,أحمد يوسف: مصر أصبحت وجهة مفضلة للمؤتمرات واللقاءات السياحية الدولية الكبرى,akhbarelyom,2026-07-07 05:15:00+00:00,بوابة أخبار اليوم الإلكترونية,بوابة اخبار اليوم,,398,"أحمد يوسف: مصر أصبحت وجهة مفضلة للمؤتمرات واللقاءات السياحية الدولية الكبرى أكد الدكتور أحمد يوسف، رئيس الهيئة المصرية العامة للتنشيط السياحي ، أنه تم تنفيذ 141 حملة تسويقية مشتركة بالتعاون مع شركاء الصناعة السياحية وشركات الطيران ومنظمي الرحلات، بهدف تعزيز الترويج للمقصد المصري في الأسواق المستهدفة وزيادة الحركة الوافدة. وكشف الدكتور أحمد يوسف، خلال اللقاء الدوري لوزير السياحة والآثار شريف فتحي، مع الصحفيين والإعلاميين، أن الهيئة شاركت في 40 معرضًا ومحفلًا سياحيًا دوليًا خلال الفترة الماضية، مشيرًا إلى أن الجناح المصري حصد جوائز أفضل جناح في أكثر من 22 معرضًا دوليًا، بما يعكس تطور أدوات الترويج للمقصد السياحي المصري. اقرأ أيضًا.. رحلة تعريفية لكبار منظمي رحلات السياحة البلجيكية للقاهرة والإسكندرية وأكد رئيس الهيئة المصرية العامة للتنشيط السياحي أن مصر أصبحت خلال السنوات الأخيرة مقصدًا رئيسيًا لاستضافة المؤتمرات والفعاليات السياحية الدولية الكبرى، نتيجة الثقة المتزايدة في المقصد المصري والبنية التحتية المتطورة التي تمتلكها الدولة. وأعلن أحمد يوسف تنفيذ 164 رحلة تعريفية استهدفت صحفيين ومؤثرين وصناع محتوى من الأسواق السياحية المختلفة، بهدف تعريفهم بالمقاصد المصرية المتنوعة ونقل تجاربهم مباشرة إلى ملايين المتابعين حول العالم. وأشار رئيس هيئة تنشيط السياحة، إلى أن الهيئة تمتلك شراكات فعالة مع شركات الطيران والمنصات الرقمية العالمية، مشيرًا إلى أن هذه الشراكات تمثل أحد المحاور الرئيسية للوصول إلى الأسواق المستهدفة وتحقيق أعلى عائد من الحملات الترويجية. وقال أحمد يوسف إن الهيئة تعتمد على دراسة طبيعة كل سوق سياحي ومتطلباته قبل إطلاق الحملات الترويجية، موضحًا أن مصر تستهدف حاليًا 19 سوقًا رئيسية يتم التعامل معها وفق خطط تسويقية متخصصة تتناسب مع خصائص كل سوق. وأكد رئيس الهيئة المصرية العامة للتنشيط السياحي أن الهيئة كثفت جهودها للترويج للمنتجات السياحية المستحدثة، بما يسهم في تنويع التجربة السياحية المصرية وزيادة معدلات الإنفاق وإطالة مدة إقامة السائح. وكشف أحمد يوسف عن الانتهاء من تطوير الموقع الإلكتروني الرسمي للترويج السياحي، ليصبح متاحًا بأكثر من 10 لغات مختلفة، بما يسهل الوصول إلى المعلومات السياحية ويعزز التواصل مع الأسواق الدولية. وأكد رئيس هيئة تنشيط السياحة أن مصر تحظى بمكانة متميزة داخل معرض لندن السياحي العالمي، مشيرًا إلى أن المشاركة المصرية أصبحت تمثل أحد العناصر الرئيسية في هذا الحدث الدولي المهم. وأوضح أحمد يوسف أن الهيئة أطلقت حملة ""إحنا مصر"" بالتعاون مع عدد من الوزارات والقطاع الخاص، بهدف رفع الوعي بالأهمية الاقتصادية للسياحة وتعزيز ثقافة حسن استقبال السائح والتعامل الإيجابي معه باعتباره شريكًا في دعم الاقتصاد الوطني. أكد رئيس هيئة تنشيط السياحة أن الهيئة استقبلت خلال الفترة الماضية وفودًا واتحادات سياحية دولية عديدة، في إطار جهود تعزيز الثقة بالمقصد المصري وتوسيع التعاون مع الأسواق الخارجية.",2026-07-07T09:50:33.150812+00:00,
akhbarelyom,tier2,https://m.akhbarelyom.com/news/newdetails/4846502/1/%D8%A8%D8%AB-%D9%85%D8%A8%D8%A7%D8%B4%D8%B1-%D9%85%D8%A8%D8%A7%D8%B1%D8%A7%D8%A9%C2%A0%D9%85%D8%B5%D8%B1%C2%A0%D9%88%D8%A7%D9%84%D8%A3%D8%B1%D8%AC%D9%86%D8%AA%D9%8A%D9%86,بث مباشر مباراة مصر والأرجنتين في كأس العالم 2026,akhbarelyom,2026-07-06 16:55:58+00:00,بوابة أخبار اليوم الإلكترونية,بوابة اخبار اليوم,,695,بث مباشر مباراة الأرجنتين مساء غد الثلاثاء الموافق 7 يوليو في إطار منافسات دور ال 16 لبطولة كأس العالم 2026 حيث يأمل عشاق الساحرة المستديرة في مشاهدة اللقاء وبالتحديد داخل جمهورية مصر العربية لمؤازرة منتخبنا الوطني خلال مشواره التاريخي بالمونديال وتقدم بوابة أخبار اليوم خدمة البث المباشر ل مباراة الأرجنتين • موعد مباراة مصر والأرجنتين تقام مباراة الأرجنتين غد الثلاثاء الموافق 7 يوليو في تمام السابعة مساء على ملعب استاد أتلانتا. • القنوات الناقلة لمباراة مصر والأرجنتين تنقل شبكة بي إن سبورت كافة مباريات كأس العالم كما تقدم الشبكة استوديوهات تحليلية وبرامج خاصة لمتابعة المباريات وتغطية أبرز الأحداث أولاً بأول طوال فترة البطولة. ويذاع اللقاء أيضا عبر قناة 1 beIN SPORTS MAX المشفرة. من المقرر أن تذيع بي إن سبورت المباراة على القناة المفتوحة « beIN FIFA WORLD CUP » كما فعلت في مباريات مصر بالمونديال. ومن المقرر أن يواجه الفائز من مباراة مصر والأرجنتين نظيره الفائز من مباراة سويسرا وكولومبيا في دور ال 8. - منتخب مصر بالقميص الأحمر يرتدي منتخب مصر الأول لكرة القدم ، القميص الأحمر والشورت و الجوارب السوداء، بينما يظهر منتخب الأرجنتين بالزي التقليدي الأبيض والأزرق . - المواجهات المباشرة ل مصر والأرجنتين التقى مصر والأرجنتين مرتين في وقت سابق حيث حقق راقصي التانجو الفوز في المباراتين. المواجهة الأولى كانت في نصف نهائي أولمبياد 1928 وانتهي اللقاء بفوز الأرجنتين بنتيجة (6-0) بينما كانت المواجهة الثانية ودياً في مارس 2008 على ملعب ستاد القاهرة وانتهت أيضا بفوز الأرجنتين بنتيجة (2-0). - حكم مباراة مصر والأرجنتين: يدير مباراة مصر والأرجنتين الفرنسي ليتكسير ويعاونه الفرنسى سيريل موجنير مساعداً أول ومهدي رحموني مساعداً ثانياً والنرويجي إسبن إسكاس حكماً رابعاً والنرويجي إيزاك باشفيكن حكماً مساعداً احتياطياً. - القيمة السوقية ل مصر والأرجنتين: وفقا لموقع ترانسفير ماركت الخاص بالإحصاءات الرياضية تبلغ القيمة السوقية لمنتخب مصر 116.48 مليون دولار مقابل 807.50 مليون يورو لمنتخب الأرجنتين. وجاء أغلى لاعبي منتخب مصر قيمة سوقية هم «عمر مرموش ب 50.00 مليون دولار ويليه محمد صلاح ب 22.00 مليون دولار ثم تريزيجيه ب 4.50 مليون يورو وإمام عاشور ومروان عطية ب 4.00 مليون يورو لكل لاعب» . بينما جاء أغلى لاعبي منتخب الأرجنتين قيمة سوقية هم « جوليان ألفاريز ب 100 مليون يورو ويليه إنزو فرنانديز ب 90.00 مليون يورو ثم لاوتارو مارتينيز ب 85.00 مليون يورو ويليه نيكو باز ب 80.00 مليون يورو». - مشوار منتخب مصر: احتل منتخب مصر وصافة المجموعة السابعة برصيد 5 نقاط بفارق الأهداف عن بلجيكا المتصدر . وتأهل الفراعنة لدور ال 32 للمرة الأولى في تاريخه كما نجح أيضا في تحقيق فوزه الأول خلال مشاركته الرابعة بالمونديال. وعبر منتخب مصر دور المجموعات دون هزيمة بعد التعادل مع بلجيكا 1-1 ثم الفوز على نيوزيلندا 3-1 قبل التعادل مع إيران 1-1 في الجولة الأخيرة . وفي دور ال32 حقق منتخب مصر فوزا تاريخيا على أستراليا بركلات الترجيح بنتيجة 4-2 خلال المباراة التي أقيمت بينهما على ملعب ستاد دالاس . وانتهي الوقت الأصلي والإضافي للمباراة بالتعادل الإيجابي 1-1 ليلجأ الثنائي لركلات الترجيح التي حسمت التأهل للفراعنة لأول مرة لدور ال 16. وسجل لاعبي الفراعنة حتي الأن 6 أهداف بينما سكنت شباكه 4 أهداف. - مشوار منتخب الأرجنتين: تواجد منتخب الأرجنتين في المجموعة العاشرة والتي ضمت إلى منتخبات الجزائر، النمسا، والأردن وأنهى المنتخب الأرجنتيني دور المجموعات في الصدارة بالعلامة الكاملة برصيد 9 نقاط. وحقق راقصي التانجو 3 انتصارات في دور المجموعات على الجزائر بنتيجة 3 - 0 والنمسا بنتيجة 2 - 0 والأردن بنتيجة 3 - 1. وفي دور ال 32 حقق الأرجنتين على الرأس الأخضر بثلاثة أهداف مقابل هدفين في المباراة التي أقيمت بينهما على ستاد هارد روك وحسمها المنتخب الأرجنتيني في الأشواط الإضافية بعد التعادل 1-1 في الوقت الأصلي. وسجل لاعبي الأرجنتين حتي الأن 11 هدفا بينما سكنت شباكه 3 أهداف. • قائمة منتخب مصر حراسة المرمي : محمد الشناوي - مصطفي شوبير - المهدي سليمان -محمد علاء الدفاع : محمد هاني - طارق علاء - حمدي فتحي - رامي ربيعة - ياسر إبراهيم - حسام عبد المجيد - محمد عبد المنعم - أحمد فتوح - كريم حافظ الوسط : مروان عطية - مهند لاشين - نبيل عماد دونجا - محمود صابر - أحمد سيد زيزو - إمام عاشور - مصطفى عبد الرؤوف زيكو - محمود تريزيجيه - إبراهيم عادل - هيثم حسن - محمد صلاح الهجوم : عمر مرموش - حمزة عبد الكريم. اقرأ أيضأ| كأس العالم 2026| أرقام تاريخية تغازل محمد صلاح في مواجهة الأرجنتين,2026-07-07T09:50:32.321828+00:00,
akhbarelyom,tier2,https://m.akhbarelyom.com/news/newdetails/4846451/1/%D8%A7%D9%84%D8%A8%D8%A7%D8%A8%D8%A7-%D8%AA%D9%88%D8%A7%D8%B6%D8%B1%D9%88%D8%B3,البابا تواضروس خلال استقباله سفيرة فرنسا لحقوق الإنسان: التعايش بين المصريين سمة أصيلة,akhbarelyom,2026-07-07 05:15:00+00:00,بوابة أخبار اليوم الإلكترونية,بوابة اخبار اليوم,,260,"البابا تواضروس خلال استقباله سفيرة فرنسا لحقوق الإنسان: التعايش بين المصريين سمة أصيلة استعرض قداسة البابا خلال اللقاء نبذة عن تاريخ مصر، مؤكدًا أن التعايش بين المصريين يمثل سمة أصيلة للمجتمع المصري، حيث تجمعهم وحدة وطنية راسخة نشأت عبر التاريخ حول نهر النيل، وتقوم العلاقات بين أبناء الوطن على المحبة التي تُترجم إلى أفعال وممارسات عملية. كما أشار قداسته إلى ما شهدته مصر من تطور ملحوظ في ترسيخ قيم المواطنة والمساواة خلال السنوات الأخيرة، مستشهدًا بعدد من النماذج الدالة على ذلك، وفي مقدمتها حرص فخامة الرئيس عبد الفتاح السيسي على زيارة الكاتدرائية المرقسية ليلة عيد الميلاد المجيد سنويًا لتقديم التهنئة، في تأكيد واضح على روح المحبة والوحدة الوطنية. وتناول اللقاء أيضًا دور ""بيت العائلة المصرية""، حيث أكد قداسة البابا أنه يمثل نموذجًا فريدًا وناجحًا في تعزيز ثقافة الحوار والتفاهم وترسيخ قيم المواطنة والتعايش المشترك بين جميع المصريين. وأكد قداسة البابا أن مصر تتميز بتاريخها العريق وحضارتها الممتدة وموقعها الجغرافي الفريد، إلى جانب ما تتمتع به من روح تدين أصيلة تمنح المجتمع المصري خصوصية تميزه عن كثير من دول العالم. كما أشار إلى أن من أبرز مظاهر تميز مصر أنها استضافت العائلة المقدسة خلال رحلتها، حيث عاشت على أرضها وباركتها، وهو ما ترك أثرًا عميقًا في وجدان الشعب المصري، ورسّخ عبر الأجيال قيم السلام والمحبة والتعايش السلمي بين جميع أبناء الوطن كما استعرض قداسة البابا الدور المجتمعي الذي تضطلع به الكنيسة القبطية الأرثوذكسية في خدمة المجتمع المصري، من خلال إنشاء المدارس والمستشفيات، وتقديم الخدمات الطبية، ودعم المشروعات الصغيرة، وخدمة القرى الأكثر احتياجًا، مؤكدًا أن هذه الخدمات تُقدم لجميع أبناء المجتمع دون تمييز، وتسهم في ترسيخ قيم المحبة والتآخي والتكاتف بين المصريين.",2026-07-07T09:50:33.853248+00:00,
akhbarelyom,tier2,https://m.akhbarelyom.com/news/newdetails/4846656/1/%D9%85%D9%88%D8%B9%D8%AF-%D9%85%D8%A8%D8%A7%D8%B1%D9%8A%D8%A7%D8%AA-%D8%A7%D9%84%D9%8A%D9%88%D9%85-%D8%A7%D9%84%D8%AB%D9%84%D8%A7%D8%AB%D8%A7%D8%A1?__cf_chl_rt_tk=gHosZHtcbLYLhD2l0nfSIBYlWQfJ7IQ8m0eecIugFSQ-1783417833-1.0.1.1-IT0M5TRP.1X9__rwnfNah96M8qMehy_ad5U2kSrId1A,موعد مباريات اليوم الثلاثاء 7 يوليو 2026.. إنفوجراف,akhbarelyom,2026-07-07 04:59:43+00:00,بوابة أخبار اليوم الإلكترونية,بوابة اخبار اليوم,,159,موعد مباريات اليوم الثلاثاء 7 يوليو 2026.. إنفوجراف | بوابة أخبار اليوم الإلكترونية رئيس مجلس الإدارة : إسلام عفيفي رئيس التحرير : مصطفى عبده أخبار الرياضة مباريات اليوم موعد مباريات اليوم الثلاثاء 7 يوليو 2026.. إنفوجراف إغلاق عمر البانوبي الثلاثاء، 07 يوليه 2026 - 12:01 ص ترصد «بوابة أخبار اليوم» عددًا من المباريات المهمة التي تشهدها ملاعب العالم اليوم الثلاثاء 7 يوليو 2026. الكلمات الدالة مباريات اليوم مصر والارجنتين الأكثر قراءة «قناة مفتوحة».. القنوات الناقلة لمباراة مصر والأرجنتين في كأس العالم 2026 تردد القناة المفتوحة.. طريقة مشاهدة مباراة مصر والأرجنتين في كأس العالم 2026 لحديثي الزواج.. طرح 10 آلاف وحدة سكنية بنظام الإيجار قريبًا بث مباشر مباراة مصر والأرجنتين في كأس العالم 2026 «الأرصاد» توضح تأثيرات المنخفض الهندي الموسمي على مصر خاص| نجم الأرجنتين السابق يمنح منتخب مصر روشتة إيقاف ميسي قرارات مهمة من البنك المركزي المصري في مجال مكافحة الاحتيال بث مباشر.. انطلاق مباراة بلجيكا وأمريكا في كأس العالم 2026 Copyright © الحقوق محفوظة لمؤسسة أخبار اليوم إغلاق,2026-07-07T09:50:33.419866+00:00,
akhbarelyom,tier2,https://m.akhbarelyom.com/news/newdetails/4846651/1/%D8%AD%D8%B3%D8%A7%D9%85-%D8%AD%D8%B3%D9%86-%D8%A7%D9%84%D8%A3%D8%B1%D8%AC%D9%86%D8%AA%D9%8A%D9%86-%D8%A8%D8%B7%D9%84-%D8%A7%D9%84%D8%B9%D8%A7%D9%84%D9%85,حسام حسن: الأرجنتين بطل العالم.. ومنتخب مصر لن يكون صيدا سهلا,akhbarelyom,2026-07-06 21:21:44+00:00,بوابة أخبار اليوم الإلكترونية,بوابة اخبار اليوم,,93,حسام حسن: الأرجنتين بطل العالم.. ومنتخب مصر لن يكون صيدا سهلا حسام حسن ، المدير الفني ل منتخب مصر ، أن الجهاز الفني يدرك صعوبة مواجهة منتخب الأرجنتين في دور ال16 من بطولة كأس العالم 2026 ، مشيرًا إلى أن المنتخب المصري يواجه بطل العالم الذي يضم لاعبين على أعلى مستوى وفي مقدمتهم ليونيل ميسي وأضاف أن الوقت بين مباراتي أستراليا والأرجنتين كان قصيرًا للغاية، لذلك ركز الجهاز الفني على الاستشفاء وتجهيز اللاعبين، إلى جانب دراسة المنافس جيدًا، مؤكدًا أن منتخب مصر لن يكون صيدًا سهلًا، وسيسعى لتحقيق هدفه ومواصلة مشواره في البطولة.,2026-07-07T09:50:35.168751+00:00,
akhbarelyom,tier2,https://akhbarelyom.com/news/newdetails/4846711/1/%D8%A7%D8%B3%D8%AA%D9%82%D8%B1%D8%A7%D8%B1-%D8%A3%D8%B3%D8%B9%D8%A7%D8%B1-%D8%A7%D9%84%D8%AD%D8%AF%D9%8A%D8%AF-%D9%88%D8%A7%D9%84%D8%A3%D8%B3%D9%85%D9%86%D8%AA-%D8%A7%D9%84%D9%8A%D9%88%D9%85-%D8%A7%D9%84%D8%AB%D9%84,استقرار أسعار الحديد والأسمنت اليوم الثلاثاء 7 يوليو 2026,akhbarelyom,2026-07-07 07:24:21+00:00,بوابة أخبار اليوم الإلكترونية,بوابة اخبار اليوم,,189,"شهدت أسعار مواد البناء استقراراً ملحوظاً اليوم الثلاثاء 7 يوليو 2026، حيث يبدأ سعر طن الحديد للمستهلك من 40,000 جنيه، بينما سجل متوسط سعر طن الأسمنت للمستهلك نحو 4,200 جنيه، وتختلف الأسعار بشكل طفيف بين الشركات ومناطق التوزيع وفقاً لآليات العرض والطلب وتكلفة النقل، وتتراوح أسعار البيع من أرض المصنع لمعظم الشركات بين 39,000 و39,850 جنيهاً للطن. اقرأ أيضا / استقرار أسعار الحديد والأسمنت اليوم الاثنين 22 يونيو 2026 أسعارالحديد اليوم الثلاثاء 7 يوليو 2026 حديد عز : 39,850 جنيهاً للطن. حديد بشاي: 39,500 جنيه للطن. السويس للصلب: 39,350 جنيهاً للطن. حديد المراكبي: 39,200 جنيه للطن. حديد المصريين: 39,150 جنيهاً للطن. حديد الجارحي: 39,200 جنيه للطن. حديد الجيوشي والعشري: 39,000 جنيه للطن. الحديد الاستثماري: يتراوح متوسط سعره للمستهلك حول 38,500 جنيه للطن. بينما أسعار الأسمنت اليوم الثلاثاء 7 يوليو 2026 وبلغ متوسط سعر طن الأسمنت تسليم أرض المصنع نحو 3,820 جنيهاً، فيما تراوحت أسعار الشركات بمختلف أنواعها كالتالي: الأسمنت الرمادي : يتراوح بين 3,937 و 4,114 جنيهاً للطن. أسمنت السويدي: 3,650 جنيهاً للطن. أسمنت النصر: 3,640 جنيهاً للطن. أسمنت السويس وحلوان: يتراوح بين 3,450 و 3,460 جنيهاً للطن. بينما الأنواع الاقتصادية الفهد / المعلم: تبدأ من 3,340 جنيهاً للطن",2026-07-07T09:50:34.476438+00:00,
alahram,tier1,https://gate.ahram.org.eg/News/5746293.aspx,أسعار السلع الغذائية والبيض في الأسواق اليوم الثلاثاء 7 يوليو - بوابة الأهرام,,2026-07-07 06:57:00+00:00,تشهد أسواق السلع الغذائية والمنتجات الأساسية حالة من الاستقرار الملحوظ في متوسطات الأسعار، وذلك وفقاً لآخر التحديثات والرصد الميداني في منافذ البيع والسلاسل التجارية ومحلات التجزئة,بوابة الأهرام,ar,167,"تشهد أسواق السلع الغذائية والمنتجات الأساسية حالة من الاستقرار في متوسطات الأسعار، وذلك وفقاً لآخر التحديثات والرصد الميداني في منافذ البيع والسلاسل التجارية ومحلات التجزئة. موضوعات مقترحة نستعرض معكم في هذا التقرير بيانًا تفصيليًا بالأسعار اليوم الثلاثاء 7 يوليو 2026: أولاً: أسعار السلع الغذائية الأساسية (للكيلو) تعتبر هذه الأسعار هي المتوسطات العامة للمنتجات المعبأة المتوفرة في منافذ البيع والسلاسل التجارية: الأرز المعبأ: سجل نحو 32 جنيهاً للكيلو. الفول المعبأ: بلغ سعر الكيلو للمستهلك حوالي 62 جنيهاً. الدقيق المعبأ: سجل ما يقارب 26 جنيهاً للكيلو. المكرونة المعبأة: استقر سعر الكيلو عند 15 جنيهاً. السكر الأبيض: اقترب سعر الكيلو من حاجز 35 جنيهاً. زيت عباد الشمس: استقر سعر اللتر عند 99 جنيهاً. ثانياً: بورصة البيض (سعر الجملة) البيض الأبيض (كرتونة): 100 جنيه. البيض البلدي (كرتونة): 120 جنيهاً. أسعار البيع للمستهلك (بالقطعة) تتفاوت الأسعار في محلات التجزئة والسوبر ماركت لتسجل المتوسطات التالية: البيضة البيضاء: 4,25 جنيه. البيضة الحمراء: 4.50 جنيه. البيضة البلدي: 5 جنيهات. قد تختلف هذه الأسعار بنسب طفيفة بين المحافظات المختلفة أو حسب العلامات التجارية المتوفرة في الأسواق.",2026-07-07T09:50:34.887199+00:00,
alahram,tier1,https://gate.ahram.org.eg/News/5745884.aspx,انفوجراف - بوابة الأهرام,,2026-07-06 12:27:00+00:00,انفوجراف,بوابة الأهرام,ar,4,انفوجراف - بوابة الأهرام,2026-07-07T09:50:35.315436+00:00,
alahram,tier1,https://gate.ahram.org.eg/News/5746303.aspx,أسعار الخضراوات والفاكهة في الأسواق والمنافذ التجارية اليوم الثلاثاء 7 يوليو - بوابة الأهرام,,2026-07-07 06:59:00+00:00,شهدت أسواق التجزئة ومنافذ البيع تبايناً في أسعار الخضراوات والفاكهة الطازجة، وذلك تزامناً مع توافر معروض السلع الموسمية لتلبية احتياجات المستهلكين اليومية,بوابة الأهرام,ar,167,شهدت أسواق التجزئة ومنافذ البيع تبايناً في أسعار الخضراوات والفاكهة الطازجة، وذلك تزامناً مع توافر معروض السلع الموسمية لتلبية احتياجات المستهلكين اليومية. نستعرض معكم في هذا التقرير رصداً شاملاً لأحدث متوسطات الأسعار في الأسواق اليوم الثلاثاء 7 يوليو 2026: موضوعات مقترحة أولاً: رصد أسعار الخضراوات (للكيلو) توزعت أسعار الخضراوات في الأسواق لتلبي الاحتياجات اليومية للمواطنين، وجاءت تفاصيلها على النحو التالي: السلع الأكثر طلباً: الطماطم: 26 جنيهاً. البطاطس: 17 جنيهاً. البصل: 12 جنيهاً. الخضروات الورقية والموسمية: الملوخية: 19 جنيهاً. السبانخ: 20 جنيهاً. أصناف أخرى: الليمون: 42 جنيهاً. الكوسة: 27 جنيهاً. الخيار (صوب): 21 جنيهاً. ثانياً: قائمة أسعار الفاكهة وفقاً لآخر التحديثات: الموز البلدي: سجل 36 جنيهاً. التفاح المحلي: سجل نحو 56 جنيهاً. الخوخ: بلغ سعر الكيلو 56 جنيهاً. البرقوق: سجل نحو 69 جنيهاً. الجوافة: استقرت عند 38 جنيهاً. الكنتالوب: بلغ سعره 24 جنيهاً. عنب مستورد: اقترب من 71 جنيهاً الكيوي: استقر عند 11 جنيهاً (للقطعة الواحدة). الأسعار المذكورة تٌعبر عن متوسط السعر في الأسواق الشعبية، وقد تختلف بشكل طفيف في السلاسل التجارية الكبرى أو حسب جودة وتصنيف المنتج.,2026-07-07T09:50:35.968244+00:00,
alahram,tier1,https://gate.ahram.org.eg/News/5745798.aspx,تراجع سعر اليورو اليوم الإثنين 6 يوليو 2026 - بوابة الأهرام,,2026-07-06 10:41:00+00:00,تراجع سعر اليورو أمام الجنيه اليوم الإثنين 6 يوليو في البنوك,بوابة الأهرام,ar,146,تراجع سعر اليورو أمام الجنيه اليوم الإثنين 6 يوليو في البنوك. موضوعات مقترحة سعر اليورو في البنك المركزي جاء سعر اليورو في البنك المركزي المصري عند 55.88 جنيه للشراء و56.05 جنيه للبيع. سعر اليورو اليوم في البنك الأهلي جاء سعر اليورو في بنك الأهلي عند 55.76 جنيه للشراء و56 جنيها للبيع. سعر اليورو في بنك مصر وصل سعر اليورو في بنك مصر إلى 55.76 جنيه للشراء و 56 جنيها. سعر اليورو في بنك الإسكندرية جاء سعر اليورو في بنك الإسكندرية عند 55.74 جنيه للشراء و55.98 جنيه. تحويلات المصريين بالخارج واصلت تحويلات المصريين العاملين بالخارج وتيرتها المتصاعدة حيث ارتفعت خلال الفترة يوليو/أبريل 2025/2026 بمعدل 33.2% لتسجل تدفقات قياسية بلغت نحو 39.2 مليار دولار (مقابل نحو 29.4 مليار دولار خلال الفترة يوليو/أبريل 2024/2025). وعلى المستوى الشهري، ارتفعت التحويلات خلال شهر أبريل 2026 بمعدل 44.0% لتسجل نحو 4.3 مليار دولار (مقابل نحو 3.0 مليارات دولار خلال شهر أبريل 2025).,2026-07-07T09:50:36.288654+00:00,
alahram,tier1,https://gate.ahram.org.eg/News/5745793.aspx,&quot;تنمية المشروعات&quot;: تمويلات ب 4.5 مليار جنيه لدعم المشروعات الصغيرة والتنمية المجتمعية بالقاهرة - بوابة الأهرام,,2026-07-06 10:30:00+00:00,أكد باسل رحمي الرئيس التنفيذي لجهاز تنمية المشروعات المتوسطة والصغيرة ومتناهية الصغر أن الجهاز يعمل على تعزيز التعاون مع كافة شركاء التنمية,بوابة الأهرام,ar,349,"أكد باسل رحمي الرئيس التنفيذي لجهاز تنمية المشروعات المتوسطة والصغيرة ومتناهية الصغر أن الجهاز يعمل على تعزيز التعاون مع كافة شركاء التنمية والمحافظات لتأهيل الشباب وتعريفهم بالخدمات التي يقدمها الجهاز ومختلف جهات الدولة من خلال القوانين الداعمة للاستثمار، وذلك ضمن خطة متكاملة لزيادة مساهمة المشروعات المتوسطة والصغيرة في دعم الاقتصاد الوطني وتوفير المزيد من فرص العمل اللائقة والمستدامة لأبناء مصر موضوعات مقترحة جاءت هذه التصريحات بمناسبة الاحتفال بالعيد القومي لمحافظة القاهرة حيث هنأ رحمي الدكتور إبراهيم صابر محافظ القاهرة ومواطني وشباب المحافظة مؤكدا على استمرار التعاون بين جهاز تنمية المشروعات والمحافظة لتوفير كافة أوجه الدعم لقطاع المشروعات الصغيرة وأوضح رحمي أن جهاز تنمية المشروعات المتوسطة والصغيرة ومتناهية الصغر يواصل جهوده بالتنسيق والتعاون مع محافظة القاهرة لدعم المشروعات بمختلف أنواعها خاصة الإنتاجية و الخدمية وتقديم مختلف الخدمات المالية والفنية لتشجيع المواطنين على التوجه للعمل الحر وبدء مشروعات صغيرة جديدة أو التوسع في مشروعاتهم القائمة، وتمكين الشباب من التمويلات بمختلف منتجاتها وكذلك خدمات تأسيس وترخيص المشروعات لتيسير قيامهم بالانطلاق في مشروعاتهم الخاصة وتحويل أفكارهم إلى مشروعات ذات جدوى اقتصادية وكشف رحمي قيام جهاز تنمية المشروعات بضخ 4.5 مليار جنيه بداية من يوليو 2014 وحتى مايو 2026 بمحافظة القاهرة منها 4.3 مليار جنيه للمشروعات المتوسطة والصغيرة ومتناهية الصغر مولت 98.6 ألف مشروع وأتاحت 181,7 ألف فرصة عمل كما تم تمويل مشروعات التنمية المجتمعية والبشرية بإجمالي بلغ 158.6 مليون جنيه مما أسهم في توفير 385,8 ألف يومية تشغيل وأضاف رحمي أن الجهاز ينفذ بالتعاون مع المحافظة اتفاقية برنامج الارتقاء الحضري بالمناطق غير المخططة بالقاهرة والجيزة، والممول من الاتحاد الأوروبي بمنحة مفوضة إلى الوكالة الفرنسية للتنمية لتطوير منطقتى الزاوية الحمراء وعزبة خير الله وذلك بهدف تنفيذ مشروعات متنوعة تسهم في تحسين الخدمات المقدمة للمواطنين وتوفير بيئة مناسبة لنمو المشروعات المتوسطة والصغيرة ومتناهية الصغر وإتاحة المزيد من فرص العمل للمواطنين. و أكد رحمي علي أن الجهاز يعمل علي التوسع في تمويل المشروعات المتوسطة والصغيرة و متناهية الصغر في محافظة القاهرة من خلال التمويل المباشر أو الجهات الوسيطة ممثلة في كبرى البنوك و شركات التمويل .. مع تكثيف الدورات التدريبية المجانية التي يقدمها الجهاز من خلال فرع محافظة القاهرة بهدف تأهيل المزيد من الشباب علي إقامة مشروعات توفر لهم و لغيرهم فرص عمل مستقرة و ناجحة",2026-07-07T09:50:36.730732+00:00,
alahram,tier1,https://gate.ahram.org.eg/News/5745851.aspx,سمسار بورصة الأجهزة المعادية.. كيف تحول &quot;محمود حسين&quot; من العمل التنظيمي إلى &quot;مقاول استخباراتي&quot;؟ - بوابة الأهرام,,2026-07-06 11:24:00+00:00,لم يعد الخلاف داخل أروقة ما يُعرف ب جبهة إسطنبول بجماعة الإخوان الإرهابية مجرد صراع تقليدي على القيادة أو النفوذ المالي، بل تكشفت خيوطه مؤخراً عن تحول بنيوي خطير في سلوك وعقيدة القائمين عليه,بوابة الأهرام,ar,337,"لم يعد الخلاف داخل أروقة ما يُعرف ب ""جبهة إسطنبول"" بجماعة الإخوان الإرهابية مجرد صراع تقليدي على القيادة أو النفوذ المالي، بل تكشفت خيوطه مؤخراً عن تحول بنيوي خطير في سلوك وعقيدة القائمين عليه. موضوعات مقترحة على رأس هذا المشهد، يبرز اسم محمود حسين، الذي يدير الجبهة ليس كقائد تنظيمي، بل ك ""رئيس مجلس إدارة"" لشركة استثمارية متكاملة، تخصصت في بيع الخدمات والمعلومات لأجهزة استخبارات أجنبية وإقليمية، تضع في مرمى أهدافها تعطيل مسيرة النهضة المصرية الشاملة. لقد غادر الرجل عباءة العمل التنظيمي التقليدي، ليرتدي سترة ""المقاول الإستراتيجي""؛ يعرض مقدرات جماعته البشرية والتقنية في سوق المزايدات الدولية، لتنفيذ أجندات مشبوهة تستهدف تفكيك الروابط العربية، وتأمين موقعه كأداة وظيفية مدفوعة الأجر عابرة للقارات. هندسة ""جدران العزل"" بين الأشقاء يرتكز المخطط الحالي الذي يقوده محمود حسين على إستراتيجية خبيثة تُعرف ب ""العزل الشعوري والنفسي""؛ حيث يستهدف ترابط الدولة المصرية ومحيطها العربي. وتؤكد الشواهد أن الرجل يرى في أي تقارب اقتصادي، أو سياسي، أو حتى تلاحم رياضي عَفوي بين الشعب المصري وأشقائه العرب - كالالتفاف الشعبي العربي التاريخي حول النجاحات الرياضية والمونديالية لمصر - تهديداً قاتلاً لشرعيته المزعومة. لأجل ذلك، تُضخ أموال ضخمة لتوجيه الماكينات الإعلامية والمنصات الرقمية لضرب روابط الأخوة، وزرع بواعث الشقاق، وصناعة أزمات دبلوماسية وهمية بأساليب ممنهجة تتجاوز كل الخطوط الحمراء للأعراف المتبعة. عقدة نقص وجودية.. تجارة ""بث السموم"" في عمق التحليل النفسي والسياسي لأداء محمود حسين، تظهر ""عقدة نقص وجودية"" حادة تجاه الدولة المصرية ومؤسساتها الوطنية؛ إذ يُلاحظ قلق قيادات الجبهة عند رصد أي مظاهر فخر أو فرح وطني في الشارع المصري. وتتحرك الأوامر المباشرة للأبواق الإعلامية التابعة له وفق مسارين خبيثين: تشويه الداخل بادعاءات ""الرشاوى والفساد"" للتشكيك في النجاحات الوطنية وتصدير صورة مشوهة ومحبطة للمواطن المصري أمام أشقائه. ضرب الترابط العربي عبر توجيه الدولارات لصناعة محتوى إعلامي يسيء للمواقف العربية الداعمة للقاهرة، في محاولة يائسة لقطع حبال الود التاريخية والممتدة بين الشعوب العربية. ثروات الأبناء مقابل دماء القواعد وفي الوقت الذي يوجه ""حسين"" لجانه الإليكترونية لضرب أمن واستقرار المنطقة العربية وبث السموم، ينفصل تماماً على المستوى الشخصي والميداني عن شعاراته ""المقدسة""، ليركز جهده الأساسي على تأمين ثرواته المليونية وعقاراته الفارهة في أرقى أحياء تركيا والعواصم الأوروبية.",2026-07-07T09:50:37.073162+00:00,
alahram,tier1,https://gate.ahram.org.eg/News/5745980.aspx,البنك الأهلي يدير 19 صفقة تمويلية بقيمة 168.9 مليار جنيه خلال النصف الأول - بوابة الأهرام,,2026-07-06 14:12:00+00:00,أنهت القروض المشتركة بالبنك الأهلي المصري في النصف الاول عن عام 2026 بتحقيق نتائج متميزة وفقا ونتائج التقييم التي أعدتها مؤسسة بلومبرج العالمية عن القائمة الخاصة بالقروض المشتركة والتي اظهرت حصول البنك الأهلي المصري على المركز الأول كأفضل بنك في السوق المصرفي المصري,بوابة الأهرام,ar,626,أنهت القروض المشتركة بالبنك الأهلي المصري في النصف الاول عن عام 2026 بتحقيق نتائج متميزة وفقا ونتائج التقييم التي أعدتها مؤسسة بلومبرج العالمية عن القائمة الخاصة بالقروض المشتركة والتي اظهرت حصول البنك الأهلي المصري على المركز الأول كأفضل بنك في السوق المصرفي المصري عن قيامه بأدوار وكيل التمويل ومرتب رئيسي ومسوق للتمويل وبنك المستندات. موضوعات مقترحة أظهرت النتائج أيضا تحقيق البنك الأهلي المصري المركز الأول كبنك المستندات، والمركز الثاني كمسوق ومرتب رئيسي للتمويل والمركز الثالث كوكيل للتمويل على مستوى قارة أفريقيا، كما أظهرت النتائج على مستوى منطقة الشرق الأوسط وشمال أفريقيا حصول البنك الأهلي المصري على المركز الأول كبنك المستندات، المركز الخامس كوكيل للتمويل ومسوق للتمويل والمركز السادس كمرتب رئيسي. واستطاع البنك إدارة 19 صفقة تمويلية منها 13 صفقات كوكيل للتمويل، وذلك بقيمة إجمالية تبلغ 168.9 مليار جنيه حتى النصف الأول عن عام 2026. وتعقيبا على استمرار البنك في الحفاظ على تلك المراكز المتقدمة، أكد محمد الاتربي الرئيس التنفيذي للبنك الأهلي المصري أن نتائج التقييم تعتبر بمثابة شهادة من مؤسسة دولية متخصصة وذات ثقل ومصداقية كبيرة على المستوى الدولي لريادة البنك في مجال القروض المشتركة في مصر وأفريقيا ومنطقة الشرق الأوسط. اشار إلى أن هذا النجاح يأتي انعكاسا لحرص البنك المستمر على توفير الاحتياجات التمويلية اللازمة للمشروعات الكبرى من خلال قيامه بترتيب وإدارة وتسويق صفقات القروض المشتركة ذات الجدارة الائتمانية والجدوى الاقتصادية المرتفعة التي تساهم في خلق قيمة مضافة للاقتصاد المصري ودفع عجلة التنمية، ودعم خطط الدولة للنهوض بمختلف القطاعات الاقتصادية مثل النقل، التعليم، الاتصالات، السياحة، الطاقة، التطوير العقاري ومواد البناء والصناعات الغذائية والزراعة، مما يساهم بشكل إيجابي في دعم التنمية الاقتصادية المستدامة للبلاد وتوطين الصناعة وتوفير المزيد من فرص العمل للشباب المصري، وبما ينعكس على تقليل الاستيراد وزيادة معدلات التصدير وبالتالي تحسين أداء الميزان التجاري وتعظيم موارد الاقتصاد المصري من العملات الأجنبية، مشيرا الى ان ذلك النجاح يأتي على الرغم من التحديات الكبيرة التي شهدتها مصر والعالم خلال الفترات الأخيرة وتبعاتها على الاقتصاد المصري والعالمي. ومن جانبها أعربت، سهى التركي نائب الرئيس التنفيذي للبنك الأهلي المصري، عن اعتزازها باستمرار البنك في تحقيق تلك المكانة المميزة في أحد القطاعات الحيوية بالبنك، مؤكدة على أن البنك يولي صفقات القروض المشتركة عناية فائقة، مستنداً في ذلك إلى شبكة العلاقات القوية والمتنامية التي تربط البنك بالبنوك المحلية ومؤسسات التمويل الإقليمية والدولية التي تتوافر لديها الثقة في قدرة البنك الأهلي المصري على إتمام وإدارة الصفقات الكبرى بمهنية وحرفية عالية بالإضافة إلى قاعدة رأسمالية ضخمة تسمح للبنك بتوفير مختلف أنواع التمويلات اللازمة لتمويل المشروعات الكبرى والتي تتماشى مع احتياجات العملاء المختلفة وطبيعة النشاط الاقتصادي لكل مشروع. وأشارت الى أن تلك النتائج تعد بمثابة حافز للعاملين على بذل المزيد من الجهد للحفاظ على تلك المكانة، وأن يكون البنك الأهلي المصري الاختيار الأول لعملاء القروض المشتركة من المستثمرين المحليين والأجانب بما في ذلك شركات القطاع الخاص بما يدعم مكانة البنك الرائدة باعتباره أكبر البنوك العاملة في مصر. صرح شريف رياض، الرئيس التنفيذي للائتمان المصرفي للشركات والقروض المشتركة بالبنك الأهلي المصري، أن هذا النجاح يدل على احترافية البنك وقدرته على ترتيب وإدارة القروض المشتركة في مختلف القطاعات والقدرة على تحقيق التعاون المثمر بين كافة البنوك العاملة في مصر وصلابة القطاع المصرفي، وتوفير السيولة النقدية لمختلف القطاعات الاقتصادية كما يعكس الجهود المبذولة من جانب المختصين وفرق العمل بالبنك التي نجحت في إبرام 19 صفقة في عدة قطاعات اقتصادية وذلك من خلال حلول تمويلية مختلفة ومتكاملة، بما في ذلك 13 صفقات كان فيها البنك الأهلي المصري وكيلا للتمويل وهو ما يمثل 11.63% من إجمالي صفقات القروض المشتركة في قارة افريقيا خلال النصف الأول عن عام 2026. وأضاف أحمد السرسي رئيس مجموعة تمويل القروض المشتركة بالبنك الأهلي المصري أن نجاح البنك في إبرام عدد كبير من الصفقات التمويلية بمختلف القطاعات يعكس فاعلية القروض المشتركة وقدرتها على تلبية الاحتياجات التمويلية المختلفة للعملاء من خلال الدراسة الدقيقة لتلك الاحتياجات واعداد الإطار التمويلي الأنسب وفقا وطبيعة كل مشروع، بالإضافة الى قيام البنك بدور المستشار المالي في عدة مشاريع استراتيجية والمساهمة في ترتيب إصدارات سندات التوريق والصكوك لصالح العديد من العملاء.,2026-07-07T09:50:37.338500+00:00,
alahram,tier1,https://gate.ahram.org.eg/daily/News/205641/26/1022550/%D8%A3%D8%AE%D8%A8%D8%A7%D8%B1-%D8%B9%D8%B1%D8%A8%D9%8A%D8%A9-%D9%88-%D8%B9%D8%A7%D9%84%D9%85%D9%8A%D8%A9/%D9%88%D8%B2%D9%8A%D8%B1-%D8%A7%D9%84%D8%AE%D8%A7%D8%B1%D8%AC%D9%8A%D8%A9-%D8%A7%D8%AE%D8%AA%D9%8A%D8%A7%D8%B1-%D9%81%D9%87%D9%85%D9%89-%D9%8A%D8%B9%D9%83%D8%B3-%D8%A7%D9%84%D8%AB%D9%82%D8%A9-%D8%A7%D9%84%D8%B9%D8%B1%D8%A8%D9%8A%D8%A9-%D9%81%D9%89-%D8%A7%D9%84.aspx,وزير الخارجية: اختيار فهمى يعكس الثقة العربية فى الدبلوماسية المصرية - بوابة الأهرام,,2026-07-06 22:30:07+00:00,وزير الخارجية: اختيار فهمى يعكس الثقة العربية فى الدبلوماسية المصرية&nbsp;&nbsp;بوابة الأهرام,بوابة الأهرام,ar,,,2026-07-07T09:50:37.366937+00:00,Extraction failed: Failed to fetch: 403 Client Error: Forbidden for url: https://gate.ahram.org.eg/daily/News/205641/26/1022550/%D8%A3%D8%AE%D8%A8%D8%A7%D8%B1-%D8%B9%D8%B1%D8%A8%D9%8A%D8%A9-%D9%88-%D8%B9%D8%A7%D9%84%D9%85%D9%8A%D8%A9/%D9%88%D8%B2%D9%8A%D8%B1-%D8%A7%D9%84%D8%AE%D8%A7%D8%B1%D8%AC%D9%8A%D8%A9-%D8%A7%D8%AE%D8%AA%D9%8A%D8%A7%D8%B1-%D9%81%D9%87%D9%85%D9%89-%D9%8A%D8%B9%D9%83%D8%B3-%D8%A7%D9%84%D8%AB%D9%82%D8%A9-%D8%A7%D9%84%D8%B9%D8%B1%D8%A8%D9%8A%D8%A9-%D9%81%D9%89-%D8%A7%D9%84.aspx
google_news,general,https://www.mubasher.info/news/4637313/%D8%B3%D8%B9%D8%B1-%D8%A7%D9%84%D8%AF%D9%88%D9%84%D8%A7%D8%B1-%D9%85%D9%82%D8%A7%D8%A8%D9%84-%D8%A7%D9%84%D8%AC%D9%86%D9%8A%D9%87-%D8%A7%D9%84%D9%85%D8%B5%D8%B1%D9%8A-%D9%81%D9%8A-11-%D8%A8%D9%86%D9%83%D8%A7-%D9%85%D8%B9-%D8%A8%D8%AF%D8%A7%D9%8A%D8%A9-%D8%AA%D8%B9%D8%A7%D9%85%D9%84%D8%A7%D8%AA-%D8%A7%D9%84%D9%8A%D9%88%D9%85-%D8%A7%D9%84%D8%AB%D9%84%D8%A7%D8%AB%D8%A7%D8%A1/,سعر الدولار مقابل الجنيه المصري في 11 بنكاً مع بداية تعاملات اليوم الثلاثاء,,2026-07-07 05:14:10+00:00,"القاهرة - مباشر: استقر سعر الدولار مقابل الجنيه المصري في 11 بنكاً مع بداية تعاملات اليوم الثلاثاء، مقارنةً بمستواه بختام تعاملات أمس. ويرصد ""معلومات مباشر"" سعر الدولار مقابل الجنيه في 11 بنكاً مع بداية تعاملات اليوم. سعر الدولار في 11 بنكاً: …",,ar,135,"القاهرة - مباشر: استقر سعر الدولار مقابل الجنيه المصري في 11 بنكاً مع بداية تعاملات اليوم الثلاثاء، مقارنةً بمستواه بختام تعاملات أمس ويرصد ""معلومات مباشر"" سعر الدولار مقابل الجنيه في 11 بنكاً مع بداية تعاملات اليوم سعر الدولار في 11 بنكاً البنك الأهلي المصري: 48.82 جنيه للشراء، و48.92 جنيه للبيع بنك مصر: 48.82 جنيه للشراء، و48.92 جنيه للبيع بنك القاهرة: 48.93 جنيه للشراء، و49.03 جنيه للبيع البنك التجاري الدولي: 48.80 جنيه للشراء، و48.90 جنيه للبيع بنك البركة: 48.80 جنيه للشراء، و48.90 جنيه للبيع بنك قناة السويس: 48.83 جنيه للشراء، و48.93 جنيه للبيع بنك كريدي أجريكول: 48.75 جنيه للشراء، و48.85 جنيه للبيع بنك الإسكندرية: 48.80 جنيه للشراء، و48.90 جنيه للبيع مصرف أبوظبي الإسلامي: 48.94 جنيه للشراء، و49.04 جنيه للبيع بنك التعمير والإسكان: 48.80 جنيه للشراء، و48.90 جنيه للبيع فيصل الإسلامي: 48.75 جنيه للشراء، و48.85 جنيه للبيع",2026-07-07T09:50:38.475547+00:00,
google_news,general,https://www.elwatannews.com/news/details/8315725,سعر الدينار الكويتي مقابل الجنيه المصري في البنوك اليوم الثلاثاء 7-7- 2026 - الوطن,,2026-07-07 06:59:43+00:00,أوضحت المواقع الإلكترونية في البنوك العاملة في السوق المصرفية المصرية سعر الدينار الكويتي مقابل الجنيه المصري خلال بداية التعاملات الصباحية اليوم الثلاثاء 7 7 2026 - الوطن,الوطن,ar,219,كتب: سحر المكاوى 09:59 ص | الثلاثاء 07 يوليو 2026 شهد سعر الدينار الكويتي مقابل الجنيه اليوم الثلاثاء 7-7- 2026 تحديثات جديدة في البنوك العاملة بالسوق المصرفية المصرية، وذلك خلال بداية التعاملات الصباحية وجاء سعر الدينار الكويتي مقابل الجنيه المصري في البنوك اليوم الثلاثاء كالتالي: سعر الدينار الكويتي في البنك الأهلي المصري سجل سعر الدينار الكويتي في البنك الأهلي المصري 154.18 جنيه للشراء، و159.06 جنيه للبيع. سعر الدينار الكويتي في بنك مصر تداول سعر الدينار الكويتي في بنك مصر 154.98 جنيه للشراء، و158.91 جنيه للبيع. سعر الدينار الكويتي فى بنك الإسكندرية سجل سعر الدينار الكويتي في بنك الإسكندرية 153.72 جنيه للشراء ، و159.48 جنيه للبيع. سعر الدينار الكويتى فى البنك التجاري الدولي سجل سعر الدينار الكويتي في البنك التجاري الدولي 156 جنيه للشراء، و158.84 جنيه للبيع. سعر الدينار الكويتي في المصرف العربي الدولي سعر الدينار الكويتي في المصرف العربي الدولي 158.55 جنيه للشراء، و158.88 جنيه للبيع. سعر الدينار الكويتي في البنك العربي الأفريقي الدولي فيما سجل سعر الدينار الكويتي في البنك العربي الأفريقي الدولي جنيه 156.30 جنيه للشراء و159.77 جنيه للبيع. سعر الدينار الكويتي في بنك كريدي أجريكول فيما سجل سعر الدينار الكويتي في كريدي أجريكول عند مستوى 156.89 جنيه للشراء و158.84 جنيه للبيع. سعر الدينار الكويتي في بنك إتش إس بي سي وسجل سعر الدينار الكويتي في بنك إتش إس بي سي 159.34 جنيه للشراء و159.61 جنيه للبيع.,2026-07-07T09:50:37.962440+00:00,
google_news,general,https://amwalalghad.com/2026/07/07/%D8%B3%D8%B9%D8%B1-%D8%A7%D9%84%D8%AC%D9%86%D9%8A%D9%87-%D8%A7%D9%84%D8%A7%D8%B3%D8%AA%D8%B1%D9%84%D9%8A%D9%86%D9%8A-%D8%A3%D9%85%D8%A7%D9%85-%D8%A7%D9%84%D8%AC%D9%86%D9%8A%D9%87-%D8%A7%D9%84-647/,سعر الجنيه الاسترليني أمام الجنيه اليوم الثلاثاء 7-7-2026 | أموال الغد,أموال الغد,2026-07-07 07:59:11+00:00,استقر سعر الجنيه الاسترليني أمام الجنيه المصري في بداية تعاملات اليوم الثلاثاء 7-7-2026، لدى معظم البنوك العاملة بالسوق المحلية.,أموال الغد,ar,169,استقر سعر الجنيه الاسترليني أمام الجنيه المصري في بداية تعاملات اليوم الثلاثاء 7-7-2026، لدى معظم البنوك العاملة بالسوق المحلية. وفيما يلي أسعار الجنيه الإسترليني مقابل الجنيه المصري وفقًا لآخر تحديث: سعر الجنيه الإسترليني في بنك إتش إس بي سي (HSBC): سجل سعر الشراء 65.29 جنيه، وبلغ سعر البيع 65.54 جنيه. سعر الجنيه الإسترليني في مصرف أبوظبي الإسلامي: سجل سعر الشراء 65.29 جنيه، وبلغ سعر البيع 65.54 جنيه. سعر الجنيه الإسترليني في ميد بنك: سجل سعر الشراء 65.29 جنيه، وبلغ سعر البيع 65.54 جنيه. سعر الجنيه الإسترليني في بنك نكست: سجل سعر الشراء 65.29 جنيه، وبلغ سعر البيع 65.54 جنيه. سعر الجنيه الإسترليني في بنك الشركة المصرفية العربية الدولية (SAIB): سجل سعر الشراء 65.29 جنيه، وبلغ سعر البيع 65.54 جنيه. سعر الجنيه الإسترليني في بنك التعمير والإسكان: سجل سعر الشراء 65.29 جنيه، وبلغ سعر البيع 65.54 جنيه. سعر الجنيه الإسترليني في بنك مصر: سجل سعر الشراء 65.29 جنيه، وبلغ سعر البيع 65.54 جنيه. سعر الجنيه الإسترليني في البنك الأهلي المصري: سجل سعر الشراء 65.29 جنيه، وبلغ سعر البيع 65.54 جنيه.,2026-07-07T09:50:42.360208+00:00,
google_news,general,https://www.bankygate.com/74751/%D8%A7%D9%84%D8%AF%D9%88%D9%84%D8%A7%D8%B1-%D9%8A%D8%AA%D8%B1%D8%A7%D8%AC%D8%B9-%D8%A3%D9%85%D8%A7%D9%85-%D8%A7%D9%84%D8%AC%D9%86%D9%8A%D9%87-%D8%AE%D9%84%D8%A7%D9%84-%D8%AA%D8%B9%D8%A7%D9%85%D9%84%D8%A7%D8%AA-%D8%A7%D9%84%D9%8A%D9%88%D9%85-%D9%88%D9%8A%D8%B3%D8%AC%D9%84-4887-%D8%AC%D9%86%D9%8A%D9%87-%D9%84%D9%84%D8%A8%D9%8A%D8%B9-%D8%A8%D8%A7%D9%84%D8%A8%D9%86%D9%83-%D8%A7%D9%84%D8%A3%D9%87%D9%84%D9%8A-%D8%A7%D9%84%D9%85%D8%B5%D8%B1%D9%8A,بنكي | الدولار يتراجع أمام الجنيه خلال تعاملات اليوم ويسجل 48.87 جنيه للبيع بالبنك الأهلي المصري,,2026-07-07 09:37:02+00:00,,بنكي,ar-eg,145,12:32 م - الثلاثاء 7 يوليو 2026 سجل سعر الدولار الأمريكي تباين ملحوظا أمام الجنيه المصري خلال تعاملات اليوم الثلاثاء، 7 يوليو 2026 مقارنة بمستوياته في بداية اليوم، وفقا لأحدث البيانات الصادرة عن عدد من البنوك المصرية. في البنك الأهلي المصري- ، تراجع سعر الدولار إلى 48.77 جنيه للشراء و 48.87 جنيه للبيع، بعد أن سجل في بداية اليوم 48.82 جنيه للشراء و 48.92 جنيه للبيع. وفي بنك مصر، تراجع سعر الدولار إلى 48.77 جنيه للشراء و 48.87 جنيه للبيع مقارنة بسعره في الصباح الذي بلغ 48.82 جنيه للشراء و 48.92 جنيه للبيع. أما في بنك مصر، فقد تراجع سعر الدولار عند 48.77 جنيها للشراء و 48.87 جنيها للبيع، مقارنة بمستوياته في بداية اليوم. وفي البنك التجاري الدولي- ، ارتفع سعر الدولار ليسجل 48.77 جنيه للشراء و 48.87 جنيه للبيع، بعدما كان قد سجل في بداية تعاملات اليوم 48.75 جنيه للشراء و 48.85 جنيه للبيع.,2026-07-07T09:50:40.727443+00:00,
google_news,general,https://elbaladtv.net/%D8%B3%D8%B9%D8%B1-%D8%A7%D9%84%D8%B1%D9%8A%D8%A7%D9%84-%D8%A7%D9%84%D8%B3%D8%B9%D9%88%D8%AF%D9%8A-%D8%A3%D9%85%D8%A7%D9%85-%D8%A7%D9%84%D8%AC%D9%86%D9%8A%D9%87-%D8%A7%D9%84%D9%85%D8%B5%D8%B1%D9%8A-4,سعر الريال السعودي أمام الجنيه المصري اليوم الثلاثاء 7 يوليو 2026 | قناة صدى البلد,محمد على,2026-07-07 07:16:48+00:00,,قناة صدى البلد,ar,150,تراجع سعر الريال السعودي مقابل الجنيه المصري في بداية تعاملات اليوم الثلاثاء 7 يوليو 2026، داخل عدد من البنوك العاملة في السوق المحلية وشركات الصرافة، بالتزامن مع زيادة الطلب على العملة السعودية مع استمرار موسم السفر إلى المملكة لأغراض العمرة والسياحة والعمل. سعر الريال السعودي أمام الجنيه وسجل سعر الريال السعودي في البنك المركزي المصري نحو 12.99 جنيهًا للشراء و13.02 جنيهًا للبيع، فيما استقر سعر البيع عند مستوى 13.02 جنيه في معظم البنوك. أسعار الريال السعودي اليوم في البنوك المصرية: البنك الأهلي المصري: 12.97 جنيه للشراء، و13.02 جنيه للبيع. بنك مصر: 12.97 جنيه للشراء، و13.02 جنيه للبيع. البنك التجاري الدولي (CIB): 12.97 جنيه للشراء، و13.02 جنيه للبيع. البنك المركزي المصري: 12.99 جنيه للشراء، و13.02 جنيه للبيع. ويواصل سعر الريال السعودي تحركاته المحدودة أمام الجنيه المصري، في ظل استقرار سوق الصرف وتوازن مستويات العرض والطلب داخل البنوك، مع توقعات باستمرار التذبذب الطفيف خلال الفترة المقبلة وفقًا لتطورات السوق المحلية واحتياجات المسافرين.,2026-07-07T09:50:41.119163+00:00,
google_news,general,https://www.mobtada.com/economy/1629312/%D8%B3%D8%B9%D8%B1-%D8%A7%D9%84%D8%AC%D9%86%D9%8A%D9%87-%D8%A7%D9%84%D8%A5%D8%B3%D8%AA%D8%B1%D9%84%D9%8A%D9%86%D9%8A-%D8%A7%D9%84%D9%8A%D9%88%D9%85-%D8%A7%D9%84%D8%AB%D9%84%D8%A7%D8%AB%D8%A7%D8%A1-7-%D9%8A%D9%88%D9%84%D9%8A%D9%88-2026-%D9%81%D9%8A-%D8%A7%D9%84%D8%A8%D9%86%D9%88%D9%83,سعر الجنيه الإسترليني اليوم الثلاثاء 7 يوليو 2026 في البنوك,مبتدا,2026-07-07 03:14:33+00:00,شهد سعر الجنيه الإسترليني أمام الجنيه المصري، اليوم الثلاثاء، استقرارًا نسبيًا في أغلب البنوك العاملة بالسوق المحلية، مع استمرار وجود فروق طفيفة بين أسعار الشراء والبيع، وهو ما يدفع الكثير من المسافرين والمستوردين والمتعاملين بالعملة البريطانية إلى متابعة التحديثات اليومية لاختيار أفضل بنك لتنفيذ معاملاتهم.,,ar,224,سعر الجنيه الإسترليني اليوم الثلاثاء 7 يوليو 2026 في البنوك شهد سعر الجنيه الإسترليني أمام الجنيه المصري، اليوم الثلاثاء، استقرارًا نسبيًا في أغلب البنوك العاملة بالسوق المحلية، مع استمرار وجود فروق طفيفة بين أسعار الشراء والبيع، وهو ما يدفع الكثير من المسافرين والمستوردين والمتعاملين بالعملة البريطانية إلى متابعة التحديثات اليومية لاختيار أفضل بنك لتنفيذ معاملاتهم. وسجل مصرف أبوظبي الإسلامي أعلى سعر لشراء الجنيه الإسترليني، ليصل إلى 65.2811 جنيه، بما يمنح حائزي العملة البريطانية أفضل قيمة عند البيع. وفي المقابل، جاء بنك فيصل الإسلامي كأفضل بنك لشراء الجنيه الإسترليني من العملاء، بعدما سجل أقل سعر للبيع عند 65.24 جنيه، ليكون الخيار الأنسب للراغبين في شراء العملة البريطانية. أسعار الجنيه الإسترليني اليوم الثلاثاء في أبرز البنوك مصرف أبوظبي الإسلامي: 65.2811 جنيه للشراء، و65.4978 جنيه للبيع. بنك قناة السويس: 65.0855 جنيه للشراء، و65.3509 جنيه للبيع. البنك المركزي المصري: 65.0852 جنيه للشراء، و65.2835 جنيه للبيع. بنك مصر: 65.0722 جنيه للشراء، و65.3376 جنيه للبيع. البنك الأهلي المصري: 65.0722 جنيه للشراء، و65.3376 جنيه للبيع. بنك القاهرة: 65.0722 جنيه للشراء، و65.3376 جنيه للبيع. بنك (CIB): 64.9789 جنيه للشراء، و65.2441 جنيه للبيع. بنك الإسكندرية: 64.9759 جنيه للشراء، و65.2441 جنيه للبيع. بنك فيصل الإسلامي: 64.97 جنيه للشراء، و65.24 جنيه للبيع. متوسط سعر الجنيه الإسترليني وبلغ متوسط سعر الجنيه الإسترليني في البنوك المصرية نحو 65.03 جنيه للشراء و65.28 جنيه للبيع، بينما سجل السعر وفق بيانات البنك المركزي المصري 65.09 جنيه للشراء و65.28 جنيه للبيع.,2026-07-07T09:50:39.556653+00:00,
google_news,general,https://www.alarabiya.net/aswaq/special-stories/2026/07/07/%D8%AA%D8%B1%D8%A7%D8%AC%D8%B9-%D8%AC%D8%AF%D9%8A%D8%AF-%D9%84%D8%B3%D8%B9%D8%B1-%D8%A7%D9%84%D8%AF%D9%88%D9%84%D8%A7%D8%B1-%D9%81%D9%8A-%D9%85%D8%B5%D8%B1-%D8%A7%D9%84%D8%A7%D9%85%D9%88%D8%A7%D9%84-%D8%A7%D9%84%D8%B3%D8%A7%D8%AE%D9%86%D8%A9-%D8%AA%D8%AF%D8%B9%D9%85-%D8%A7%D8%B1%D8%AA%D9%81%D8%A7%D8%B9-%D8%A7%D9%84%D8%AC%D9%86%D9%8A%D9%87,تراجع جديد لسعر الدولار في مصر.. الأموال الساخنة تدعم ارتفاع الجنيه - العربية,,2026-07-07 08:11:00+00:00,تراجع جديد لسعر الدولار في مصر.. الأموال الساخنة تدعم ارتفاع الجنيه&nbsp;&nbsp;العربية,العربية,ar,,,2026-07-07T09:50:41.072070+00:00,Extraction failed: Failed to fetch: 403 Client Error: Forbidden for url: https://www.alarabiya.net/aswaq/special-stories/2026/07/07/%D8%AA%D8%B1%D8%A7%D8%AC%D8%B9-%D8%AC%D8%AF%D9%8A%D8%AF-%D9%84%D8%B3%D8%B9%D8%B1-%D8%A7%D9%84%D8%AF%D9%88%D9%84%D8%A7%D8%B1-%D9%81%D9%8A-%D9%85%D8%B5%D8%B1-%D8%A7%D9%84%D8%A7%D9%85%D9%88%D8%A7%D9%84-%D8%A7%D9%84%D8%B3%D8%A7%D8%AE%D9%86%D8%A9-%D8%AA%D8%AF%D8%B9%D9%85-%D8%A7%D8%B1%D8%AA%D9%81%D8%A7%D8%B9-%D8%A7%D9%84%D8%AC%D9%86%D9%8A%D9%87
google_news,general,https://www.erembusiness.com/forex/iv96df3,تباين سعر صرف الدولار في مصر اليوم.. ويسجل 48.91 جنيه في «الأهلي» - إرم بزنس,,2026-07-07 08:07:46+00:00,تباين سعر صرف الدولار في مصر اليوم.. ويسجل 48.91 جنيه في «الأهلي»&nbsp;&nbsp;إرم بزنس,إرم بزنس,ar,,,2026-07-07T09:50:40.756046+00:00,Extraction failed: Failed to fetch: 403 Client Error: Forbidden for url: https://www.erembusiness.com/forex/iv96df3
google_news,general,https://egyptbanks.info/11675/article/%D8%B3%D8%B9%D8%B1-%D8%A7%D9%84%D8%AF%D8%B1%D9%87%D9%85-%D8%A7%D9%84%D8%A5%D9%85%D8%A7%D8%B1%D8%A7%D8%AA%D9%8A-%D8%A3%D9%85%D8%A7%D9%85-%D8%A7%D9%84%D8%AC%D9%86%D9%8A%D9%87-%D8%A7%D9%84%D9%85%D8%B5%D8%B1%D9%8A-%D8%A7%D9%84%D9%8A%D9%88%D9%85-%D8%A7%D9%84%D8%AB%D9%84%D8%A7%D8%AB%D8%A7%D8%A1-7-%D9%8A%D9%88%D9%84%D9%8A%D9%88-2026,سعر الدرهم الإماراتي أمام الجنيه المصري اليوم الثلاثاء 7 يوليو 2026,,2026-07-07 06:28:37+00:00,يقدم أخبار البنوك وسعر الصرف والعملات ومنتجات البنوك من قروض وشهادات استثمار وتمويل العقارات والمشروعات والاستثمار في الصناديق وأذون الخزانة وطرق الادخار,مباشر بنوك مصر,ar,166,"يرصد ""مباشر بنوك مصر"" سعر الدرهم الإماراتي أمام الجنيه المصري في البنوك اليوم الثلاثاء 7 يوليو 2026. وتراجع سعر الدرهم الإماراتي أمام الجنيه المصري في البنوك اليوم بنحو قرشين، مقارنة بمستواه أمس. سعر الدرهم الإماراتي اليوم بحسب آخر تعاملات، الآتي: سعر الدرهم الإماراتي في البنك الأهلي المصري سجل سعر الدرهم الإماراتي مقابل الجنيه المصري في البنك الأهلي المصري 13.27 جنيه للشراء، و13.32 جنيه للبيع. سعر الدرهم الإماراتي في بنك مصر سجل الدرهم الإماراتي مقابل الجنيه المصري في بنك مصر 13.27 جنيه للشراء، و13.32 جنيه للبيع. سعر الدرهم الإماراتي في مصرف أبو ظبي الإسلامي سجل الدرهم الإماراتي مقابل الجنيه المصري في مصرف أبو ظبي الإسلامي 13.32 جنيه للشراء، و13.35 جنيه للبيع. سعر الدرهم الإماراتي في بنك البركة سجل الدرهم الإماراتي مقابل الجنيه المصري في بنك البركة مستوى 13.27 جنيه للشراء، و13.31 جنيه للبيع. للتداول والاستثمار في البورصة المصرية اضغط هنا تابعوا آخر أخبار البورصة والاقتصاد عبر قناتنا على تليجرام لمتابعة قناتنا الرسمية على يوتيوب اضغط هنا لمتابعة آخر أخبار البنوك السعودية.. تابع مباشر بنوك السعودية.. اضغط هنا",2026-07-07T09:50:43.223495+00:00,
google_news,general,https://egyptbanks.info/11672/article/%D8%B3%D8%B9%D8%B1-%D8%A7%D9%84%D8%B1%D9%8A%D8%A7%D9%84-%D8%A7%D9%84%D8%B3%D8%B9%D9%88%D8%AF%D9%8A-%D8%A3%D9%85%D8%A7%D9%85-%D8%A7%D9%84%D8%AC%D9%86%D9%8A%D9%87-%D8%A7%D9%84%D9%85%D8%B5%D8%B1%D9%8A-%D8%A7%D9%84%D9%8A%D9%88%D9%85-%D8%A7%D9%84%D8%AB%D9%84%D8%A7%D8%AB%D8%A7%D8%A1-7-%D9%8A%D9%88%D9%84%D9%8A%D9%88-2026,سعر الريال السعودي أمام الجنيه المصري اليوم الثلاثاء 7 يوليو 2026,,2026-07-07 06:22:46+00:00,يقدم أخبار البنوك وسعر الصرف والعملات ومنتجات البنوك من قروض وشهادات استثمار وتمويل العقارات والمشروعات والاستثمار في الصناديق وأذون الخزانة وطرق الادخار,مباشر بنوك مصر,ar,303,"سعر الريال السعودي أمام الجنيه المصري اليوم الثلاثاء 7 يوليو 2026 سعر الريال السعودي أمام الجنيه المصري اليوم الثلاثاء 7 يوليو 2026 شيرين صلاح الثلاثاء ٠٧ / يوليو / ٢٠٢٦ منذ 3 ساعات ريال سعودي يرصد ""مباشر بنوك مصر"" سعر الريال السعودي أمام الجنيه المصري في البنوك اليوم الثلاثاء 7 يوليو 2026. وهبط سعر الريال السعودي أمام الجنيه المصري في البنوك اليوم بنحو 3 قروش، مقارنة بمستواه أمس. ويسجل سعر الريال السعودي اليوم بحسب آخر تعاملات، الآتي: سعر الريال السعودي في البنك الأهلي المصري سجل سعر الريال السعودي مقابل الجنيه المصري في البنك الأهلي المصري 12.97 جنيه للشراء، و13.03 جنيه للبيع. سعر الريال السعودي في بنك مصر بلغ الريال السعودي مقابل الجنيه المصري في بنك مصر 12.97 جنيه للشراء، و13.02 جنيه للبيع. سعر الريال السعودي في البنك التجاري الدولي CIB الريال السعودي مقابل الجنيه المصري في بنك CIB سجل 12.97 جنيه للشراء، و13 جنيهاً للبيع. سعر الريال السعودي في مصرف أبو ظبي الإسلامي بلغ الريال السعودي مقابل الجنيه المصري في مصرف أبو ظبي الإسلامي 13.03 جنيه للشراء، و13.06 جنيه للبيع. سعر الريال السعودي في بنك فيصل الإسلامي سجل الريال السعودي مقابل الجنيه المصري في بنك فيصل الإسلامي 12.94 جنيه للشراء، و13 جنيهاً للبيع. سعر الريال السعودي في بنك البركة سجل الريال السعودي مقابل الجنيه المصري في بنك البركة 12.96 جنيه للشراء، و13.02 جنيه للبيع. قارن مع: سعر الريال السعودي أمام الجنيه المصري الاثنين 6 يوليو 2026 حمل تطبيق معلومات مباشر الآن ليصلك كل جديد من خلال آبل ستور جوجل بلاي للتداول والاستثمار في البورصة المصرية اضغط هنا لمتابعة آخر أخبار البورصة المصرية.. تابع موقع معلومات مباشر تابعوا آخر أخبار البورصة والاقتصاد عبر قناتنا على تليجرام لمتابعة قناتنا الرسمية على يوتيوب اضغط هنا لمتابعة آخر أخبار البنوك السعودية.. تابع مباشر بنوك السعودية.. اضغط هنا تنبيه ! - تم التسجيل بنجاح لم يتم التحقق من هذا البريد الإلكتروني ، يرجى التحقق من بريدك لتأكيد حسابك",2026-07-07T09:50:43.661442+00:00,
google_news,general,https://www.alarabiya.net/aswaq/economy/2026/07/06/%D8%AA%D8%AF%D9%81%D9%82%D8%A7%D8%AA-%D9%85%D8%AD%D8%AF%D9%88%D8%AF%D8%A9-%D9%84%D9%84%D8%A7%D9%85%D9%88%D8%A7%D9%84-%D8%A7%D9%84%D8%B3%D8%A7%D8%AE%D9%86%D8%A9-%D9%81%D9%8A-%D9%85%D8%B5%D8%B1-%D9%88%D8%A7%D8%B1%D8%AA%D9%81%D8%A7%D8%B9-%D8%AC%D8%AF%D9%8A%D8%AF-%D9%84%D8%B3%D8%B9%D8%B1-%D8%A7%D9%84%D8%AC%D9%86%D9%8A%D9%87,تدفقات محدودة للأموال الساخنة في مصر وارتفاع جديد لسعر الجنيه - العربية,,2026-07-06 16:47:00+00:00,تدفقات محدودة للأموال الساخنة في مصر وارتفاع جديد لسعر الجنيه&nbsp;&nbsp;العربية,العربية,ar,,,2026-07-07T09:50:43.618776+00:00,Extraction failed: Failed to fetch: 403 Client Error: Forbidden for url: https://www.alarabiya.net/aswaq/economy/2026/07/06/%D8%AA%D8%AF%D9%81%D9%82%D8%A7%D8%AA-%D9%85%D8%AD%D8%AF%D9%88%D8%AF%D8%A9-%D9%84%D9%84%D8%A7%D9%85%D9%88%D8%A7%D9%84-%D8%A7%D9%84%D8%B3%D8%A7%D8%AE%D9%86%D8%A9-%D9%81%D9%8A-%D9%85%D8%B5%D8%B1-%D9%88%D8%A7%D8%B1%D8%AA%D9%81%D8%A7%D8%B9-%D8%AC%D8%AF%D9%8A%D8%AF-%D9%84%D8%B3%D8%B9%D8%B1-%D8%A7%D9%84%D8%AC%D9%86%D9%8A%D9%87
google_news,general,https://cnnbusinessarabic.com/finance-markets/1143930/%D8%B3%D8%B9%D8%B1-%D8%A7%D9%84%D8%AF%D9%88%D9%84%D8%A7%D8%B1-%D9%85%D9%82%D8%A7%D8%A8%D9%84-%D8%A7%D9%84%D8%AC%D9%86%D9%8A%D9%87-%D8%A7%D9%84%D9%85%D8%B5%D8%B1%D9%8A-%D8%AE%D8%B3%D8%A7%D8%A6%D8%B1-%D9%85%D8%B3%D8%AA%D9%85%D8%B1%D8%A9-%D9%84%D9%84%D8%B9%D9%85%D9%84%D8%A9-%D8%A7%D9%84%D8%A3%D9%85%D9%8A%D8%B1%D9%83%D9%8A%D8%A9,سعر الدولار مقابل الجنيه المصري.. خسائر مستمرة للعملة الأميركية : CNN الاقتصادية,4045,2026-07-07 06:13:00+00:00,شهد سعر الدولار مقابل الجنيه المصري اليوم الثلاثاء 7 يوليو 2026، استقراراً ملحوظاً، في مستهل التعاملات وفق آخر تحديثات البنوك الحكومية والخاصة في مصر.,cnnba,ar,335,شهد سعر الدولار مقابل الجنيه المصري اليوم، الثلاثاء 7 يوليو 2026، استقراراً ملحوظاً في مستهل التعاملات، وفق آخر تحديثات البنوك الحكومية والخاصة في مصر. وتراجع سعر الدولار في مصر خلال تعاملات أمس الاثنين، مواصلاً سلسلة الخسائر التي تتكبدها العملة الأميركية أمام الجنيه المصري منذ يونيو الماضي. ويترقب المصريون أداء سعر صرف الدولار والعملات الأجنبية، باعتباره محركاً رئيسياً لأسعار السلع في الأسواق المحلية، لا سيما تلك التي تعتمد على الاستيراد من الخارج. سعر الدولار مقابل الجنيه المصري في السطور التالية، نقدم لكم آخر تحديث لأسعار صرف الدولار مقابل الجنيه المصري، وذلك وفقاً لأحدث البيانات الصادرة عن البنوك المصرية الحكومية والخاصة. استقر سعر الدولار في مصر اليوم الثلاثاء، وقت كتابة هذا التقرير، عند 48.79 جنيه لكل دولار للشراء، مقابل 48.93 جنيه لكل دولار للبيع، حسب بيانات المركزي المصري. سعر الدولار مقابل الجنيه في البنوك المصرية ثبت سعر صرف الجنيه مقابل الدولار على مستواه، حسب آخر تعاملات البنوك وشركات الصرافة في السوق المصري. سعر الدولار في البنك الأهلي المصري جاء سعر الدولار في البنك الأهلي المصري عند 48.82 جنيه للشراء، و48.92 جنيه للبيع. سعر الدولار مقابل الجنيه في بنك مصر وجاء سعر الدولار اليوم في بنك مصر عند 48.82 جنيه للشراء، مقابل 48.92 جنيه للبيع. سعر الدولار في البنك التجاري الدولي (CIB) وفي البنك التجاري الدولي CIB، قُدر سعر الدولار في مصر عند 48.75 جنيه للشراء و48.85 جنيه للبيع. سعر الدولار اليوم في بنك الإسكندرية وصل متوسط سعر الدولار اليوم في بنك الإسكندرية عند 48.8 جنيه لكل دولار للشراء، مقابل 48.9 جنيه لكل دولار للبيع. سعر الدولار في مصرف أبوظبي وجاء سعر الدولار مقابل الجنيه داخل مصرف أبوظبي الإسلامي نحو 48.94 جنيه للشراء و49.04 جنيه للبيع. أسعار العملات العربية مقابل الجنيه استقرت أسعار العملات العربية أمام الجنيه المصري اليوم الثلاثاء، إذ سجل الريال السعودي في البنك الأهلي المصري عند 12.97 جنيه للشراء و13.03 جنيه للبيع، بينما جاء في مصرف أبوظبي الإسلامي عند سعر 13.03 جنيه للشراء و13.06 جنيه للبيع. أما الدرهم الإماراتي، فجاء في البنك الأهلي المصري عند 13.28 جنيه للشراء، مقابل 13.32 جنيه للبيع، بينما سجّل في مصرف أبوظبي الإسلامي عند 13.32 جنيه للشراء و13.35 جنيه للبيع.,2026-07-07T09:50:43.141448+00:00,
google_news,general,https://egyptbanks.info/11674/article/%D8%B3%D8%B9%D8%B1-%D8%A7%D9%84%D8%AF%D9%8A%D9%86%D8%A7%D8%B1-%D8%A7%D9%84%D9%83%D9%88%D9%8A%D8%AA%D9%8A-%D8%A3%D9%85%D8%A7%D9%85-%D8%A7%D9%84%D8%AC%D9%86%D9%8A%D9%87-%D8%A7%D9%84%D9%8A%D9%88%D9%85-%D8%A7%D9%84%D8%AB%D9%84%D8%A7%D8%AB%D8%A7%D8%A1-7-%D9%8A%D9%88%D9%84%D9%8A%D9%88-2026,سعر الدينار الكويتي أمام الجنيه اليوم الثلاثاء 7 يوليو 2026,,2026-07-07 06:23:37+00:00,يقدم أخبار البنوك وسعر الصرف والعملات ومنتجات البنوك من قروض وشهادات استثمار وتمويل العقارات والمشروعات والاستثمار في الصناديق وأذون الخزانة وطرق الادخار,مباشر بنوك مصر,ar,279,"سعر الدينار الكويتي أمام الجنيه اليوم الثلاثاء 7 يوليو 2026 سعر الدينار الكويتي أمام الجنيه اليوم الثلاثاء 7 يوليو 2026 شيرين صلاح الثلاثاء ٠٧ / يوليو / ٢٠٢٦ منذ 3 ساعات دينار كويتي يرصد ""مباشر بنوك مصر"" سعر الدينار الكويتي أمام الجنيه المصري في البنوك اليوم الثلاثاء 7 يوليو 2026. وتراجع سعر الدينار الكويتي أمام الجنيه المصري في البنوك اليوم بنحو 32 قرشاً، مقارنة بمستواه أمس. وبحسب آخر تعاملات يسجل سعر الدينار الكويتي اليوم، الآتي: سعر الدينار الكويتي في البنك الأهلي المصري سجل سعر الدينار الكويتي مقابل الجنيه المصري في البنك الأهلي المصري 154.17 جنيه للشراء، و159.06 جنيه للبيع. سعر الدينار الكويتي في بنك مصر سجل الدينار الكويتي مقابل الجنيه المصري في بنك مصر 154.98 جنيه للشراء، و158.90 جنيه للبيع. سعر الدينار الكويتي في البنك التجاري الدولي CIB الدينار الكويتي مقابل الجنيه المصري في بنك CIB سجل 156 جنيهاً للشراء، و158.83 جنيه للبيع. سعر الدينار الكويتي في مصرف أبو ظبي الإسلامي سجل الدينار الكويتي مقابل الجنيه المصري في مصرف أبو ظبي الإسلامي 155.36 جنيه للشراء، و159.79 جنيه للبيع. سعر الدينار الكويتي في بنك فيصل الإسلامي سجل الدينار الكويتي مقابل الجنيه المصري في بنك فيصل الإسلامي 154.29 جنيه للشراء، و158.73 جنيه للبيع. قارن مع: سعر الدينار الكويتي أمام الجنيه الاثنين 6 يوليو 2026 حمل تطبيق معلومات مباشر الآن ليصلك كل جديد من خلال آبل ستور جوجل بلاي للتداول والاستثمار في البورصة المصرية اضغط هنا لمتابعة آخر أخبار البورصة المصرية.. تابع موقع معلومات مباشر تابعوا آخر أخبار البورصة والاقتصاد عبر قناتنا على تليجرام لمتابعة قناتنا الرسمية على يوتيوب اضغط هنا لمتابعة آخر أخبار البنوك السعودية.. تابع مباشر بنوك السعودية.. اضغط هنا تنبيه ! - تم التسجيل بنجاح لم يتم التحقق من هذا البريد الإلكتروني ، يرجى التحقق من بريدك لتأكيد حسابك",2026-07-07T09:50:44.173428+00:00,
google_news,general,https://www.mubasher.info/news/4637101/%D8%B3%D8%B9%D8%B1-%D8%A7%D9%84%D8%AF%D9%88%D9%84%D8%A7%D8%B1-%D9%85%D9%82%D8%A7%D8%A8%D9%84-%D8%A7%D9%84%D8%AC%D9%86%D9%8A%D9%87-%D8%A7%D9%84%D9%85%D8%B5%D8%B1%D9%8A-%D9%8A%D9%87%D8%A8%D8%B7-%D9%81%D9%8A-11-%D8%A8%D9%86%D9%83%D8%A7-%D9%85%D8%B9-%D9%86%D9%87%D8%A7%D9%8A%D8%A9-%D8%AA%D8%B9%D8%A7%D9%85%D9%84%D8%A7%D8%AA-%D8%A7%D9%84%D8%A7%D8%AB%D9%86%D9%8A%D9%86/,سعر الدولار مقابل الجنيه المصري يهبط في 11 بنكاً مع نهاية تعاملات الاثنين,,2026-07-06 12:54:45+00:00,"القاهرة - مباشر: تراجع سعر الدولار مقابل الجنيه المصري في 11 بنكاً مع نهاية تعاملات اليوم الاثنين، مقارنةً بمستواه بختام تعاملات أمس. ويرصد ""معلومات مباشر"" سعر الدولار مقابل الجنيه في 11 بنكاً مع نهاية تعاملات اليوم. سعر الدولار في 11 بنكاً: البنك …",,ar,189,"القاهرة - مباشر: تراجع سعر الدولار مقابل الجنيه المصري في 11 بنكاً مع نهاية تعاملات اليوم الاثنين، مقارنةً بمستواه بختام تعاملات أمس ويرصد ""معلومات مباشر"" سعر الدولار مقابل الجنيه في 11 بنكاً مع نهاية تعاملات اليوم سعر الدولار في 11 بنكاً البنك الأهلي المصري: 48.82 جنيه للشراء، و48.92 جنيه للبيع، بتراجع 10 قروش للشراء والبيع. بنك مصر: 48.82 جنيه للشراء، و48.92 جنيه للبيع، بتراجع 10 قروش للشراء والبيع. بنك القاهرة: 48.93 جنيه للشراء، و49.03 جنيه للبيع، بتراجع 25 قرشاً للشراء والبيع. البنك التجاري الدولي: 48.80 جنيه للشراء، و48.90 جنيه للبيع، بتراجع 5 قروش للشراء والبيع. بنك البركة: 48.80 جنيه للشراء، و48.90 جنيه للبيع، بتراجع 5 قروش للشراء والبيع. بنك قناة السويس: 48.83 جنيه للشراء، و48.93 جنيه للبيع، بتراجع 9 قروش للشراء والبيع. بنك كريدي أجريكول: 48.75 جنيه للشراء، و48.85 جنيه للبيع، بتراجع 8 قروش للشراء والبيع. بنك الإسكندرية: 48.80 جنيه للشراء، و48.90 جنيه للبيع، بتراجع قرشين للشراء والبيع. مصرف أبوظبي الإسلامي: 48.94 جنيه للشراء، و49.04 جنيه للبيع، بتراجع 16 قرشاً للشراء والبيع. بنك التعمير والإسكان: 48.80 جنيه للشراء، و48.90 جنيه للبيع، بتراجع 10 قروش للشراء والبيع. فيصل الإسلامي: 48.75 جنيه للشراء، و48.85 جنيه للبيع، بتراجع 10 قروش للشراء والبيع.",2026-07-07T09:50:45.984143+00:00,
google_news,general,https://www.elwatannews.com/news/details/8315694,سعر الدولار مقابل الجنيه المصري في البنوك اليوم الثلاثاء 7-7-2026 - الوطن,,2026-07-07 05:48:22+00:00,أوضحت المواقع الإلكتررونية في البنوك العاملة بالقطاع المصرفي المصري سعر الدولار مقابل الجنيه المصري في بداية التعاملات الصباحية بالبنوك اليوم الثلاثاء 7 7 2026 - الوطن,الوطن,ar,299,كتب: سحر المكاوى 08:48 ص | الثلاثاء 07 يوليو 2026 شهد سعر الدولار مقابل الجنيه المصري تحديثات جديدة مع بداية التعاملات الصباحية في البنوك اليوم الثلاثاء 7-7-2026، وفق مواقع البنوك العاملة بالسوق المصرفية المصرية. وسجل الدولار تراجعا جديدا مقابل الجنيه المصري أمس، استمرارا لحالة التراجع التى تشهدها العملة الأمريكية أمام العملة المصرية منذ يونيو الماضي، وجاء سعر الدولار الأمريكي مقابل الجنيه المصري في البنوك اليوم الثلاثا، كما يلي. سعر الدولار في البنك الأهلي المصري وسجل سعر الدولار مقابل الجنيه في البنك الأهلي اليوم 48.82 جنيه للشراء، و48.92 جنيه للبيع. سعر الدولار في بنك مصر واستقر سعر الدولار مقابل الجنيه في بنك مصر اليوم عند 48.82 جنيه للشراء، و48.92 جنيه للبيع. سعر الدولار في بنك الإسكندرية وتدوال سعر الدولار مقابل الجنيه في بنك الإسكندرية اليوم 48.82 جنيه للشراء و48.92 جنيه للبيع. سعر الدولار في البنك التجاري الدولي وسجل سعر الدولار مقابل الجنيه في البنك التجاري الدولي اليوم 48.82 جنيه للشراء، و48.92 جنيه للبيع. سعر الدولار في مصرف أبوظبي الإسلامي وسجل سعر الدولار في مصرف أبوظبي الإسلامي اليوم 48.94 جنيه للشراء، و49.04 جنيه للبيع. سعر الدولار في بنك اتش اس بي سي وفي بنك اتش إس بي سي، استقر سعر الدولار مقابل الجنيه اليوم عند 48.80 جنيه للشراء، و48.90 جنيه للبيع. سعر الدولار في بنك البركة وثبت سعر الدولار مقابل الجنيه اليوم في بنك البركة عند 48.80 جنيه للشراء، و48.90 جنيه للبيع سعر الدولار في بنك التعمير والإسكان وسجل سعر العملة الأمريكية في بنك التعمير والإسكان اليوم الأربعاء ليسجل 48.81 جنيه للشراء و48.91 جنيه للبيع سعر الدولار في بنك فيصل وفي بنك فيصل سجل سعر العملة الأمريكية مقابل الجنيه اليوم 48.75 جنيه للشراء، و48.85 جنيه للبيع. سعر الدولار في المصرف العربي فيما سجلت العملة الخضراء في المصرف العربي اليوم الأربعاء نحو 48.81 جنيه للشراء و48.91 جنيه للبيع، وثبت سعر الدولار اليوم في المصرف المتحد عند 48.80 جنيه للشراء و48.90 جنيه للبيع.,2026-07-07T09:50:44.735806+00:00,
google_news,general,https://fintechgate.net/245940,سعر الدولار اليوم يتراجع إلى 48.72 جنيه بسوق الصرف المصرية,,2026-07-07 08:07:15+00:00,واصل سعر الدولار الأمريكي تراجعه أمام الجنيه المصري خلال تعاملات اليوم الثلاثاء 7 يوليو 2026، مع استمرار موجة الانخفاض التي تشهدها سوق الصرف المحلية،,بوابة التكنولوجيا المالية – Fintechgate - fintechgate,ar-eg,275,واصل سعر الدولار الأمريكي تراجعه أمام الجنيه المصري خلال تعاملات اليوم الثلاثاء 7 يوليو 2026، مع استمرار موجة الانخفاض التي تشهدها سوق الصرف المحلية، ليسجل أقل سعر شراء عند 48.72 جنيه، بينما استقرت غالبية البنوك دون مستوى 49 جنيهًا، في الوقت الذي حافظ فيه مصرف أبوظبي الإسلامي على صدارة أعلى سعر للدولار بين البنوك. وسجل بنك الإمارات دبي الوطني أقل سعر للدولار خلال تعاملات اليوم، عند 48.72 جنيه للشراء و48.82 جنيه للبيع. وبلغ سعر الدولار 48.75 جنيه للشراء و48.85 جنيه للبيع في البنك المصري الخليجي والبنك العقاري المصري العربي، كما سجل السعر نفسه في بنك أبوظبي التجاري وبنك البركة، وكذلك في بنك أبوظبي الأول وبنك كريدي أجريكول، فيما سجل البنك التجاري الدولي CIB السعر ذاته عند 48.75 جنيه للشراء و48.85 جنيه للبيع. وسجل بنك فيصل الإسلامي سعر 48.76 جنيه للشراء و48.86 جنيه للبيع، كما بلغ سعر الدولار 48.78 جنيه للشراء و48.88 جنيه للبيع في بنك التنمية الصناعية وبنك الإسكندرية، وسجل السعر نفسه في المصرف العربي الدولي والمصرف المتحد. بنوك أخرى وسجل الدولار 48.80 جنيه للشراء و48.90 جنيه للبيع في بنك HSBC والبنك العربي الأفريقي الدولي، وبلغ سعر الدولار 48.81 جنيه للشراء و48.91 جنيه للبيع في البنك الأهلي المصري وبنك مصر، كما سجل السعر نفسه في بنك الشركة المصرفية العربية الدولية SAIB وبنك بيت التمويل الكويتي. وسجل الدولار 48.82 جنيه للشراء و48.92 جنيه للبيع في بنك التعمير والإسكان وبنك قناة السويس، كما بلغ السعر نفسه في بنك نكست وميد بنك، وسجل البنك الأهلي الكويتي وبنك الكويت الوطني سعر 48.84 جنيه للشراء و48.94 جنيه للبيع. وجاء أعلى سعر للدولار خلال تعاملات اليوم في مصرف أبوظبي الإسلامي، حيث سجل 48.94 جنيه للشراء و49.04 جنيه للبيع، ليواصل تصدره قائمة أعلى أسعار صرف الدولار بين البنوك العاملة في السوق المصرية.,2026-07-07T09:50:45.595406+00:00,
google_news,general,https://www.masrawy.com/news/news-banking/details/2026/7/7/3013866/%D8%A7%D9%86%D8%AE%D9%81%D8%B6-%D9%81%D9%8A-5-%D8%A8%D9%86%D9%88%D9%83-%D8%B3%D8%B9%D8%B1-%D8%A7%D9%84%D8%B1%D9%8A%D8%A7%D9%84-%D8%A7%D9%84%D8%B3%D8%B9%D9%88%D8%AF%D9%8A-%D9%85%D9%82%D8%A7%D8%A8%D9%84-%D8%A7%D9%84%D8%AC%D9%86%D9%8A%D9%87-%D8%AE%D9%84%D8%A7%D9%84-%D8%AA%D8%B9%D8%A7%D9%85%D9%84%D8%A7%D8%AA-%D8%A7%D9%84%D9%8A%D9%88%D9%85,انخفض في 5 بنوك.. سعر الريال السعودي مقابل الجنيه اليوم 7-7-2026 | مصراوي,https://www.masrawy.com/writer/116/ميريت-نادي,2026-07-07 08:09:19+00:00,انخفض سعر الريال السعودي مقابل الجنيه في 5 بنوك خلال تعاملات 7 7 2026 تعرف على سعر الريال السعودي في البنك الأهلي المصري ومصر والقاهرة والتجاري الدولي | مصراوي,مصراوي.كوم,ar,99,انخفض سعر الريال السعودي مقابل الجنيه في 5 بنوك، خلال تعاملات اليوم الثلاثاء 7-7-2026، مقارنة بتعاملات أمس، وفق أسعار الصرف المنشورة على مواقعها الإلكترونية. سعر الريال السعودي في 5 بنوك خلال تعاملات اليوم البنك الأهلي المصري: 12.96 جنيه للشراء، و13.02 جنيه للبيع، بتراجع قرشين للشراء والبيع. بنك مصر: 12.96 جنيه للشراء، و13.02 جنيه للبيع، بتراجع 3 قروش للشراء والبيع. بنك القاهرة: 12.96 جنيه للشراء، بتراجع 3 قروش، و13.02 جنيه للبيع، بتراجع 4 قروش. بنك الإسكندرية: 12.93 جنيه للشراء، و13.01 جنيه للبيع، بتراجع قرشين للشراء والبيع. البنك التجاري الدولي: 12.97 جنيه للشراء، و13 جنيهًا للبيع، بتراجع 3 قروش للشراء والبيع.,2026-07-07T09:50:45.522612+00:00,
google_news,general,https://www.elwatannews.com/news/details/8315812,سعر اليورو مقابل الجنيه المصري في البنوك اليوم الثلاثاء 7-7-2026 - الوطن,,2026-07-07 09:02:47+00:00,أوضحت المواقع الإلكترونية للبنوك العاملة في القطاع المصرفي المصري سعر اليورو مقابل الجنيه المصري في آخر تحديث له اليوم الثلاثاء 7 7 2026 - الوطن,الوطن,ar,204,كتب: سحر المكاوى 12:02 م | الثلاثاء 07 يوليو 2026 استقر سعر صرف اليورو مقابل الجنيه المصري في البنوك العاملة بالقطاع المصرفي المصري اليوم الثلاثاء 7-7-2026، حيث سجل سعر اليورو مقابل الجنيه المصري في البنك الأهلي المصري 55.74 جنيه للشراء و55.96 جنيه للبيع. وفيما يلي سعر صرف اليورو مقابل الجنيه في البنوك، كما يلي. سعر اليورو في البنك الأهلي المصري سجل سعر صرف اليورو اليوم أمام الجنيه في البنك الأهلي المصري 55.74 جنيه للشراء و55.96 جنيه للبيع. سعر اليورو في بنك مصر سعر اليورو مقابل الجنيه في بنك مصر اليوم 55.75 جنيه للشراء و55.98 جنيه للبيع، فيما سجل سعر اليورو في بنك الإسكندرية 55.73 جنيه للشراء و55.95 جنيه للبيع. سعر اليورو في بنك التعمير والإسكان في بنك التعمير والإسكان بلغ سعر اليورو مقابل الجنيه اليوم 55.80 جنيه للشراء و56 جنيه للبيع سعر اليورو في مصرف أبوظبي الإسلامي استقر سعر اليورو مقابل الجنيه في مصرف أبوظبي الإسلامي ليسجل 55.93 جنيه للشراء و56.11 جنيه للبيع سعر اليورو في البنك التجاري الدولي سجل سعر اليورو مقابل الجنيه في البنك التجاري الدولي 55.77 جنيه للشراء و55.96 جنيه للبيع سعر اليورو في البنك الأهلي الكويتي ثبت السعر في البنك الأهلي الكويتي عند 55.72 جنيه للشراء و56.02 جنيه للبيع، وسجل في المصرف العربي نحو 55.70 جنيه للشراء و55.92 جنيه للبيع,2026-07-07T09:50:45.320846+00:00,
google_news,general,https://www.elwatannews.com/news/details/8315794,سعر الدرهم الإماراتي مقابل الجنيه المصري في البنوك اليوم الثلاثاء 7-7-2026 - الوطن,,2026-07-07 08:35:40+00:00,أوضحت المواقع الإلكترونية للبنوك العاملة بالسوق المصرفية المصرية سعر الدرهم الإماراتي مقابل الجنيه المصري في آخر تحديث له وقت إعداد التقرير اليوم الثلاثاء 7 7 2026 - الوطن,الوطن,ar,238,كتب: سحر المكاوى 11:35 ص | الثلاثاء 07 يوليو 2026 سجل سعر الدرهم الإماراتي اليوم الثلاثاء 7-7-2026 تحديثات جديدة أمام الجنيه المصري، وذلك في البنوك العاملة بالسوق المصرفية المصرية. وفيما يلي سعر الدرهم الإماراتي مقابل الجنيه المصري في البنوك اليوم الثلاثاء. سعر الدرهم الإماراتي في البنك الأهلي المصري سجل سعر الدرهم الإماراتي مقابل الجنيه المصري داخل فروع البنك الأهلي المصري، اليوم عند 13.28 جنيه لعمليات الشراء، مقابل 13.32 جنيه للبيع. سعر الدرهم الإماراتي في بنك مصر وسجلت سعر العملة الإماراتية مقابل الجنيه المصري في بنك مصر اليوم نحو 13.28 جنيه لعمليات الشراء، مقابل 13.32 جنيه للبيع. سعر الدرهم الإماراتي في بنك الإسكندرية وتداول سعر الدرهم الإماراتي مقابل الجنيه المصري في آخر تحديث له اليوم في بنك الإسكندرية إلى 13.27 جنيه للشراء مقابل 13.31 جنيه للبيع. سعر الدرهم الإماراتي في البنك العربي الأفريقي فيما سجل سعر الدرهم الإماراتي في البنك العربي الأفريقي فى آخر تحديث له اليوم مقابل الجنيه المصري 13.22 جنيه للشراء، و13.31 للبيع. سعر الدرهم الإماراتي في مصرف أبوظبي الإسلامي وصل سعر الدرهم الإماراتي مقابل الجنيه المصري اليوم في مصرف أبوظبي الإسلامي عند مستوى 13.32 جنيه للشراء مقابل 13.35 جنيه للبيع. سعر الدرهم الإماراتي في البنك التجاري الدولي فيما تداول سعر الدرهم الإماراتي مقابل الجنيه المصري في البنك التجاري الدولي اليوم عند 13.26 جنيه للشراء مقابل 13.30 جنيه للبيع. سعر الدرهم الإماراتي في بنك التعمير والإسكان واستقر سعر الدرهم الإماراتي مقابل الجنيه المصري اليوم في بنك التعمير والإسكان نحو 13.27 جنيه لعمليات الشراء، مقابل 13.32 جنيه للبيع.,2026-07-07T09:50:46.628987+00:00,
google_news,general,https://www.mubasher.info/news/4637186/%D8%AA%D9%88%D9%82%D8%B9%D8%A7%D8%AA-%D8%A8%D8%A7%D9%86%D8%AE%D9%81%D8%A7%D8%B6-%D8%A7%D9%84%D8%AF%D9%88%D9%84%D8%A7%D8%B1-%D8%A3%D9%85%D8%A7%D9%85-%D8%A7%D9%84%D8%AC%D9%86%D9%8A%D9%87-%D8%A5%D9%84%D9%89-%D8%A3%D9%82%D9%84-%D9%85%D9%86-47-%D8%AC%D9%86%D9%8A%D9%87%D8%A7-%D9%82%D8%A8%D9%84-%D9%86%D9%87%D8%A7%D9%8A%D8%A9-2026/,توقعات بانخفاض الدولار أمام الجنيه إلى أقل من 47 جنيهاً قبل نهاية 2026,,2026-07-06 18:04:38+00:00,"القاهرة - مباشر: توقع رئيس قسم البحوث في شركة الأهلي فاروس لتداول الأوراق المالية، هاني جنينة، استمرار تراجع سعر الدولار أمام الجنيه المصري خلال الفترة المقبلة؛ ليتراوح بين 46 و47 جنيهاً قبل نهاية عام 2026. وأوضح جنينة، في تصريحات لقناة ""الشرق""، …",,ar,258,القاهرة - مباشر: توقع رئيس قسم البحوث في شركة الأهلي فاروس لتداول الأوراق المالية، هاني جنينة، استمرار تراجع سعر الدولار أمام الجنيه المصري خلال الفترة المقبلة؛ ليتراوح بين و47 جنيهاً قبل نهاية عام 2026 وأوضح جنينة، في تصريحات لقناة الشرق ، اليوم الاثنين، أن الجنيه المصري سيستفيد من التدفقات التمويلية الخارجية المرتقبة، مشيراً إلى أن تمويلات متوقعة بقيمة مليارات دولار صندوق النقد الدولي الاتحاد الأوروبي ستوفر دعماً إضافياً للعملة المحلية وأضاف، أن هذه التدفقات من شأنها تعزيز استقرار سوق الصرف، ودعم الجنيه المصري خلال الأشهر المقبلة، في ظل استمرار الإصلاحات الاقتصادية وجذب التمويلات الخارجية وأظهر استطلاع أجرته وكالة رويترز شمل 13 خبيراً اقتصادياً، توقعات بإبقاء البنك المركزي المصري أسعار الفائدة لليلة واحدة دون تغيير للمرة الثالثة على التوالي، خلال اجتماع لجنة السياسة النقدية المقرر عقده يوم الخميس وعزا المشاركون في الاستطلاع هذه التوقعات إلى حالة الارتياح الناتجة عن الانحسار النسبي للتوترات في المنطقة؛ وهو ما خفف من الضغوط التضخمية المتوقعة وقال محمد أبو باشا، من إي.إف.جي القابضة ، إن تمديد اتفاق وقف إطلاق النار أسهم في تقليص احتمالات ارتفاع التضخم؛ مدعوماً بانخفاض أسعار النفط عالمياً وارتفاع قيمة الجنيه المصري خلال الفترة الأخيرة وأضاف أن حالة الضبابية المرتبطة بالأوضاع الجيوسياسية لا تزال مرتفعة؛ وهو ما يرجح استمرار البنك المركزي في تبني نهج التريث والإبقاء على أسعار الفائدة دون تغيير في الوقت الحالي وفي المقابل، توقع محمود المصري، من بنك الكويت الوطني ، وهاني جنينة، من الأهلي فاروس ، أن يتجه البنك المركزي إلى خفض نسبة الاحتياطي الإلزامي للبنوك إلى ما بين ، في إطار مساعيه للتعامل مع تحديات السيولة في السوق، مع الإبقاء على أسعار الفائدة عند مستوياتها الحالية,2026-07-07T09:50:47.851990+00:00,
google_news,general,https://www.bnokonline.com/27226,أسعار العملات الأجنبية والعربية أمام الجنيه المصري اليوم الثلاثاء 7يوليو 2026,,2026-07-07 05:29:35+00:00,سجلت أسعار الدولار الأمريكي أمام الجنيه المصري تراجعا ملحوظا في بداية تعاملات اليوم الثلاثاء 7 يوليو 2026 بنحو 10 قروش، مقارنة بمستوياتها في بداية تعاملات الأمس، وذلك داخل البنوك العاملة بالسوق المحلية.,بوابة بنوك أونلاين,ar-eg,254,سجلت أسعار الدولار الأمريكي أمام الجنيه المصري تراجعا ملحوظا في بداية تعاملات اليوم الثلاثاء 7 يوليو 2026 بنحو 10 قروش، مقارنة بمستوياتها في بداية تعاملات الأمس، وذلك داخل البنوك العاملة بالسوق المحلية. ويواصل المتعاملون والمستثمرون متابعة تطورات سعر الصرف باعتباره أحد المؤشرات الرئيسية المؤثرة في الأسواق والأنشطة الاقتصادية المختلفة، وسط ترقب للمتغيرات المحلية والعالمية التي قد تنعكس على حركة العملات الأجنبية خلال الفترة المقبلة. وتُظهر البيانات المعلنة من البنوك المصرية استمرار استقرار مستويات الشراء والبيع في معظم البنوك الكبرى، بما يعكس حالة من التوازن النسبي في سوق النقد الأجنبي مع انطلاق التعاملات الصباحية. وفيما يلي أسعار الدولار اليوم الثلاثاء 7 يوليو 2026 في عدد من البنوك المصرية وفق أحدث التحديثات: سعر الدولار في البنك المركزي المصري • 48.79 للشراء. • 48.83 جنيه للبيع. سعر الدولار في البنك الأهلي المصري • 48.82 للشراء. • 48.92 جنيه للبيع. سعر الدولار في بنك مصر • 48.82 للشراء. • 48.92 جنيه للبيع سعر الدولار في البنك التجاري الدولي (CIB) • 48.90 للشراء. • 49.00 جنيه للبيع. سعر الدولار في البنك العربى الافريقى الدولى • 48.80 للشراء. • 48.90 جنيه للبيع سعر الدولار في بنك قناة السويس • 48.82 للشراء. • 48.92 جنيه للبيع سعر الدولار في بنك الإسكندرية • 48.75 للشراء. • 48.85 جنيه للبيع سعر الدولار في مصرف أبو ظبي الإسلامي • 48.94 جنيه للشراء. • 49.04 جنيه للبيع. سعر الدولار في بنك كريدي أجريكول • 48.75 للشراء. • 48.85 جنيه للبيع سعر الدولار في بنك البركة • 48.80 للشراء. • 48.90 جنيه للبيع. سعر الدولار في بنك التعمير والإسكان • 48.80 للشراء. • 48.90 جنيه للبيع.,2026-07-07T09:50:47.320713+00:00,
google_news,general,https://www.masrawy.com/news/news-banking/details/2026/7/7/3013913/%D8%B3%D8%B9%D8%B1-%D8%A7%D9%84%D9%8A%D9%88%D8%B1%D9%88-%D9%8A%D9%86%D8%AE%D9%81%D8%B6-%D9%85%D9%82%D8%A7%D8%A8%D9%84-%D8%A7%D9%84%D8%AC%D9%86%D9%8A%D9%87-%D9%81%D9%89-5-%D8%A8%D9%86%D9%88%D9%83-%D8%AE%D9%84%D8%A7%D9%84-%D8%AA%D8%B9%D8%A7%D9%85%D9%84%D8%A7%D8%AA-%D8%A7%D9%84%D9%8A%D9%88%D9%85-%D8%A7%D9%84%D8%AB%D9%84%D8%A7%D8%AB%D8%A7%D8%A1,سعر اليورو ينخفض مقابل الجنيه فى 5 بنوك اليوم 7-7-2026 | مصراوي,https://www.masrawy.com/writer/116/ميريت-نادي,2026-07-07 09:31:18+00:00,سعر اليورو ينخفض مقابل الجنيه في 5 بنوك خلال تعاملات اليوم الثلاثاء تعرف على سعر اليورو في بنك الأهلي ومصر والقاهرة والإسكندرية والبنك التجاري الدولي | مصراوي,مصراوي.كوم,ar,102,انخفض سعر اليورو مقابل الجنيه في 5 بنوك، خلال تعاملات اليوم الثلاثاء 7-7-2026، مقارنة بتعاملات أمس الاثنين، وفق أسعار الصرف المنشورة على مواقعها الإلكترونية. سعر اليورو في 5 بنوك خلال تعاملات اليوم البنك الأهلي المصري: 55.74 جنيه للشراء، و55.96 جنيه للبيع، بتراجع 7 قروش للشراء والبيع. بنك مصر: 55.73 جنيه للشراء، و55.95 جنيه للبيع، بتراجع 9 قروش للشراء والبيع. بنك القاهرة: 55.69 جنيه للشراء، بتراجع 14 قرشًا، و55.91 جنيه للبيع، بتراجع 8 قروش. بنك الإسكندرية: 55.69 جنيه للشراء، بتراجع 8 قروش، و55.91 جنيه للبيع، بتراجع 9 قروش. البنك التجاري الدولي: 55.77 جنيه للشراء، بتراجع 5 قروش، و55.95 جنيه للبيع، بتراجع 7 قروش.,2026-07-07T09:50:47.237524+00:00,
google_news,general,https://www.bankygate.com/74734/%D8%B3%D8%B9%D8%B1-%D8%A7%D9%84%D8%AF%D9%8A%D9%86%D8%A7%D8%B1-%D8%A7%D9%84%D9%83%D9%88%D9%8A%D8%AA%D9%8A-%D8%A7%D9%84%D9%8A%D9%88%D9%85-%D8%A7%D9%84%D8%AB%D9%84%D8%A7%D8%AB%D8%A7%D8%A1-7-7-2026-%D9%81%D9%8A-%D8%A7%D9%84%D8%A8%D9%86%D9%88%D9%83,بنكي | سعر الدينار الكويتي اليوم الثلاثاء 7-7-2026 في البنوك,,2026-07-07 07:17:23+00:00,تراجع سعر الدينار الكويتي أمام الجنيه المصري بمستهل التعاملات الصباحية اليوم الثلاثاء 7 يوليو 2026 وفقا لآخر ت,بنكي,ar-eg,152,"09:54 ص - الثلاثاء 7 يوليو 2026 تراجع سعر الدينار الكويتي أمام الجنيه المصري بمستهل التعاملات الصباحية اليوم الثلاثاء 7 يوليو 2026، وفقًا لآخر تحديثات أسعار الصرف المعلنة في البنوك العاملة بالسوق المصرية. سعر الدينار الكويتي اليوم في البنك الأهلي المصري- • سجل سعر الدينار الكويتي في البنك الأهلي المصري مستوى سعر 154.17 جنيه للشراء ، مقابل 159.06 جنيه للبيع. سعر الدينار الكويتي اليوم في البنك التجاري الدولي- • سجل سعر الدينار الكويتي في البنك التجاري الدولي- مستوى سعر 156جنيه للشراء ، مقابل 158.836 جنيه للبيع. سعر الدينار الكويتي اليوم في بنك • سجل سعر الدينار الكويتي في بنك مصر 151.61 جنيه للشراء, مقابل 158.83 جنيه للبيع. سعر الدينار الكويتي في المصرف المتحد • سجل الدينار الكويتي في المصرف المتحد مستوى سعر 147.87 جنيه للشراء، مقابل 160.32 جنيه للبيع. سعر الدينار الكويتي في بنك نكست • سجل الدينار الكويتي في بنك نكست مستوى سعر 152.18 جنيه للشراء ، مقابل 162.04 جنيه للبيع",2026-07-07T09:50:48.700298+00:00,
google_news,general,https://ajel.sa/thehour/jp55fx3yy,سعر الريال مقابل الجنيه المصري والعملات العربية اليوم الثلاثاء 22-1-1448,فريق التحرير,2026-07-07 07:57:00+00:00,استقرت أسعار العملات العربية مقابل الريال اليوم الثلاثاء 22-1-1448 في البنك المركزي,,ar,126,سعر الريال مقابل الجنيه المصري وسجل سعر الريال مقابل الجنيه المصري والعملات العربية الأخرى، اليوم الثلاثاء 22-1-1448 في البنك المركزي ، كما يلي: سعر الريال مقابل الجنيه المصري، 0.079 ريال. سعر الريال مقابل الدينار الجزائري، 0.028 ريال. سعر الريال مقابل الدينار الليبي، 0.59 ريال. سعر الريال مقابل الدرهم المغربي، 0.4 ريال. سعر الريال مقابل الدينار التونسي، 1.27 ريال. سعر الريال مقابل العملات العربية وسجل سعر الريال مقابل العملات العربية الأخرى، في البنك المركزي، اليوم الثلاثاء 22-1-1448، كالآتي: سعر الريال مقابل الدرهم الإماراتي، 1.02 ريال. سعر الريال مقابل الدينار البحريني، 9.94 ريال. سعر الريال مقابل الريال اليمني، 0.01 ريال. سعر الريال مقابل الدينار الكويتي، 12.09 ريال. سعر الريال مقابل الريال العماني، 9.74 ريال. سعر الريال مقابل الريال القطري، 1.03 ريال. سعر الريال مقابل الدينار الأردني، 5.29 ريال.,2026-07-07T09:50:48.154438+00:00,
google_news,general,https://www.alkhaleej.ae/2026-07-07/%D8%B1%D9%8A%D8%A7%D8%B6%D8%A9/%D8%B1%D9%8A%D8%A7%D8%B6%D8%A9-%D8%B9%D8%A7%D9%84%D9%85%D9%8A%D8%A9/%D9%85%D9%88%D8%B9%D8%AF-%D9%85%D8%A8%D8%A7%D8%B1%D8%A7%D8%A9-%D9%85%D8%B5%D8%B1-%D9%88%D8%A7%D9%84%D8%A3%D8%B1%D8%AC%D9%86%D8%AA%D9%8A%D9%86-%D9%81%D9%8A-%D9%83%D8%A3%D8%B3-%D8%A7%D9%84%D8%B9%D8%A7%D9%84%D9%85-2026%D8%A7%D9%84%D9%82%D9%86%D9%88%D8%A7%D8%AA-%D8%A7%D9%84%D9%86%D8%A7%D9%82%D9%84%D8%A9-%D9%88%D8%A7%D9%84%D8%AA%D8%B1%D8%AF%D8%AF-%D9%88%D8%A7%D9%84%D8%AA%D8%B4%D9%83%D9%8A%D9%84-%D8%A7%D9%84%D9%85%D8%AA%D9%88%D9%82%D8%B9,موعد مباراة مصر والأرجنتين في كأس العالم 2026..القنوات الناقلة والتردد والتشكيل المتوقع,متابعات: «الخليج»,2026-07-07 09:04:26+00:00,تتجه أنظار الجماهير المصرية والعربية، مساء اليوم الثلاثاء 7 يوليو 2026، إلى المواجهة التي...,صحيفة الخليج,ar,461,"7 يوليو 2026 12:46 مساء آخر تحديث: 7 يوليو 13:02 2026 الخلاصة مصر تواجه الأرجنتين بدور ال16 لكأس العالم 2026 اليوم 7 يوليو 7م مصر؛ النقل عبر beIN MAX؛ ترددات نايل/عرب سات وتشكيلات متوقعة تتجه أنظار الجماهير المصرية والعربية، مساء اليوم الثلاثاء 7 يوليو 2026، إلى المواجهة التي تجمع منتخب مصر بنظيره الأرجنتيني في دور ال16 من بطولة كأس العالم 2026، في مباراة تحمل طابعاً خاصاً، إذ يسعى ""الفراعنة"" لمواصلة الحلم المونديالي أمام أحد أبرز المرشحين لحصد اللقب. *موعد مباراة مصر والأرجنتين في كأس العالم 2026* يستضيف ملعب مرسيدس بنز في ولاية جورجيا بالولايات المتحدة الأمريكية، مواجهة منتخب مصر أمام الأرجنتين ضمن منافسات دور ال16 من بطولة كأس العالم 2026. ومن المقرر أن تنطلق المباراة اليوم الثلاثاء 7 يوليو 2026 في المواعيد التالية: الساعة 8:00 مساءً بتوقيت الإمارات. الساعة 7:00 مساءً بتوقيت مصر والسعودية. وتعد المباراة واحدة من أقوى مواجهات ثمن النهائي، في ظل الطموحات الكبيرة للمنتخبين بحجز بطاقة التأهل إلى الدور ربع النهائي. *القنوات الناقلة لمباراة مصر والأرجنتين* يمكن متابعة مباراة مصر والأرجنتين مباشرة عبر شبكة beIN SPORTS، الناقل الحصري لبطولة كأس العالم 2026 في منطقة الشرق الأوسط وشمال إفريقيا. وتُنقل المباراة عبر: beIN SPORTS MAX 1 beIN SPORTS MAX 3 بي إن سبورتس فيفا المجانية الجديدة *من يعلق على مباراة مصر والأرجنتين؟* أسندت شبكة ""بي إن سبورتس"" مهمة التعليق على المباراة إلى اثنين من أبرز المعلقين العرب، حيث: يعلق علي محمد علي على المباراة عبر قناة beIN SPORTS MAX 1. يعلق خليل البلوشي عبر قناة beIN SPORTS MAX 3. *تردد قناة بي إن سبورتس المجانية على نايل سات* يمكن استقبال القناة عبر القمر الصناعي نايل سات من خلال البيانات التالية: التردد: 12245 الاستقطاب: رأسي (V) معدل الترميز: 27500 معامل تصحيح الخطأ: 2/3 النظام: DVB-S2 8PSK *تردد قناة بي إن سبورتس المجانية على عرب سات* أما على القمر الصناعي عرب سات، فيمكن ضبط القناة على: التردد: 10850 الاستقطاب: رأسي (V) معدل الترميز: 27500 معامل تصحيح الخطأ: 2/3 النظام: DVB-S2 8PSK *التشكيل المتوقع لمنتخب مصر أمام الأرجنتين* من المنتظر أن يبدأ منتخب مصر المباراة بالتشكيل التالي: حراسة المرمى: مصطفى شوبير خط الدفاع: محمد هاني رامي ربيعة ياسر إبراهيم حمدي فتحي كريم حافظ خط الوسط: مروان عطية مهند لاشين إمام عاشور خط الهجوم: محمد صلاح عمر مرموش *تشكيل الأرجنتين المتوقع أمام مصر* حراسة المرمى: إيميليانو مارتينيز. خط الدفاع: مولينا، كريستيان روميرو، ليساندرو مارتينيز، ميدينا. خط الوسط: دي بول، إنزو فرنانديز، ماك أليستر. خط الهجوم: ليونيل ميسي، لاوتارو مارتينيز، ألمادا. *مصر ضد الأرجنتين.. مواجهة مصيرية لحسم بطاقة التأهل* يدخل منتخب مصر بقيادة المدير الفني حسام حسن المباراة بطموح تحقيق إنجاز تاريخي ومواصلة مشواره في كأس العالم 2026، بينما يسعى المنتخب الأرجنتيني بقيادة المدير الفني سكالوني إلى تأكيد مكانته بين كبار المرشحين للمنافسة على اللقب. ومن المتوقع أن تشهد المواجهة إثارة كبيرة، في ظل امتلاك المنتخبين عناصر قادرة على صناعة الفارق في أي لحظة، ما يجعلها واحدة من أبرز مباريات دور ال16 في البطولة.",2026-07-07T09:50:48.890252+00:00,
google_news,general,https://www.elbalad.news/7029602,الدولار والريال السعودي.. أسعار العملات اليوم الثلاثاء,,2026-07-07 07:24:00+00:00,يستعرض موقع صدى البلد ، أسعار العملات اليوم الثلاثاء 7 يوليو ، حيث ترتفع عمليات البحث عن سعر الدولار اليوم وسعر الريال السعودي,صدى البلد,ar-eg,408,يستعرض موقع صدى البلد ، أسعار العملات اليوم الثلاثاء 7 يوليو ، حيث ترتفع عمليات البحث عن سعر الدولار اليوم وسعر الريال السعودي اليوم وسعر الدينار الكويتي وسعر الدرهم الإماراتي باعتبارهم الأكثر بحثاً وطلباً في مختلف البنوك والعمليات المصرفية. سعر الدولار في البنك الأهلي المصري بلغ سعر الدولار في البنك الأهلي المصري 48.82 جنيه للشراء، و48.92 جنيه للبيع. سعر الدولار في بنك مصر سجل سعر الدولار في بنك مصر 48.82 جنيه للشراء، و48.92 جنيه للبيع. سعر الدولار في البنك التجاري الدولي CIB بلغ سعر الدولار في البنك التجاري الدولي مستوى 48.80 جنيه للشراء، و48.90 جنيه للبيع. سعر الدولار في بنك فيصل الإسلامي سجل سعر الدولار في بنك فيصل الإسلامي 48.75 جنيه للشراء، و48.85 جنيه للبيع. سعر الدولار في بنك البركة سجل سعر الدولار مقابل الجنيه في بنك البركة مستوى 48.80 جنيه للشراء، و48.90 جنيه للبيع. سعر الدولار في مصرف أبوظبي الإسلامي سجل سعر الدولار في مصرف أبوظبي الإسلامي مستوى 48.94 جنيه للشراء، و49.04 جنيه للبيع. سعر الريال السعودي في البنك الأهلي المصري سجل سعر الريال السعودي مقابل الجنيه المصري في البنك الأهلي المصري 12.97 جنيه للشراء، و13.03 جنيه للبيع. سعر الريال السعودي في بنك مصر بلغ الريال السعودي مقابل الجنيه المصري في بنك مصر 12.97 جنيه للشراء، و13.02 جنيه للبيع. سعر الريال السعودي في البنك التجاري الدولي CIB الريال السعودي مقابل الجنيه المصري في بنك CIB سجل 12.97 جنيه للشراء، و13 جنيهاً للبيع. سعر الريال السعودي في مصرف أبو ظبي الإسلامي بلغ الريال السعودي مقابل الجنيه المصري في مصرف أبو ظبي الإسلامي 13.03 جنيه للشراء، و13.06 جنيه للبيع. سعر الريال السعودي في بنك فيصل الإسلامي سجل الريال السعودي مقابل الجنيه المصري في بنك فيصل الإسلامي 12.94 جنيه للشراء، و13 جنيهاً للبيع. سعر الريال السعودي في بنك البركة سجل الريال السعودي مقابل الجنيه المصري في بنك البركة 12.96 جنيه للشراء، و13.02 جنيه للبيع. سعر الدينار الكويتي في البنك الأهلي المصري سجل سعر الدينار الكويتي مقابل الجنيه المصري في البنك الأهلي المصري 154.17 جنيه للشراء، و159.06 جنيه للبيع. سعر الدينار الكويتي في بنك مصر سجل الدينار الكويتي مقابل الجنيه المصري في بنك مصر 154.98 جنيه للشراء، و158.90 جنيه للبيع. سعر الدينار الكويتي في البنك التجاري الدولي CIB الدينار الكويتي مقابل الجنيه المصري في بنك CIB سجل 156 جنيهاً للشراء، و158.83 جنيه للبيع. سعر الدينار الكويتي في مصرف أبو ظبي الإسلامي سجل الدينار الكويتي مقابل الجنيه المصري في مصرف أبو ظبي الإسلامي 155.36 جنيه للشراء، و159.79 جنيه للبيع. سعر الدينار الكويتي في بنك فيصل الإسلامي سجل الدينار الكويتي مقابل الجنيه المصري في بنك فيصل الإسلامي 154.29 جنيه للشراء، و158.73 جنيه للبيع.,2026-07-07T09:50:49.092672+00:00,
google_news,general,https://www.erembusiness.com/forex/9vqg5s4,الدولار يواصل التراجع مقابل الجنيه في بنوك مصر اليوم - إرم بزنس,,2026-07-06 11:11:08+00:00,الدولار يواصل التراجع مقابل الجنيه في بنوك مصر اليوم&nbsp;&nbsp;إرم بزنس,إرم بزنس,ar,,,2026-07-07T09:50:48.970152+00:00,Extraction failed: Failed to fetch: 403 Client Error: Forbidden for url: https://www.erembusiness.com/forex/9vqg5s4
google_news,general,https://www.elwatannews.com/news/details/8315701,سعر الريال السعودي مقابل الجنيه في البنوك اليوم الثلاثاء 7-7- 2026 - الوطن,,2026-07-07 06:10:42+00:00,أوضحت المواقع الإلكترونية لبنوك العاملة بالسوق المصرفية المصرية سعر الريال السعودي مقابل الجنيه في بداية التعاملات الصباحية في البنوك اليوم الثلاثاء 7 7 2026 - الوطن,الوطن,ar,310,كتب: سحر المكاوى 09:10 ص | الثلاثاء 07 يوليو 2026 شهد سعر الريال السعودي مقابل الجنيه المصري تحديثات جديدة مع بداية التعاملات الصباحية في البنوك العاملة بالسوق المصرفية، اليوم الثلاثاء 7-7- 2026، وسجلت العملة السعودية، خلال التحديثات الصباحية في البنك الأهلي المصري 12.97 جنيه للشراء و13.03 جنيه للبيع. وأوضحت مواقع البنوك الإلكترونية سعر الريال السعودي مقابل الجنيه اليوم الثلاثاء 7-7- 2026 كالتالي: سعر الريال السعودي في البنك الأهلي المصري سعر الريال السعودي مقابل الجنيه المصري اليوم عند 12.97 جنيه لعمليات الشراء، مقابل 13.03 جنيه للبيع سعر الريال السعودي في بنك مصر وتدوال سعر العملة السعودية أمام الجنيه المصري في بنك مصر اليوم نحو 12.97 جنيه لعمليات الشراء، مقابل 13.03 جنيه للبيع سعر الريال السعودي في بنك الإسكندرية واستقر سعر الريال السعودي أمام الجنيه في بنك الإسكندرية اليوم عند 12.95 جنيه للشراء مقابل 13.03 جنيه للبيع سعر الريال السعودي في البنك العربي الأفريقي وسجل سعر العملة السعودي في البنك العربي الأفريقي اليوم مقابل الجنيه المصري 12.88 جنيه للشراء، و13.06 جنيه للبيع سعر الريال السعودي في مصرف أبوظبي الإسلامي وصل سعر الريال السعودي مقابل الجنيه اليوم في مصرف أبوظبي الإسلامي مستوى 13.04 جنيه للشراء مقابل 13.06 جنيه للبيع سعر الريال السعودي في البنك التجاري الدولي فيما تداول سعر الريال السعودي مقابل الجنيه المصري في البنك التجاري الدولي اليوم عند 12.99 جنيه للشراء مقابل 13.03 جنيه للبيع سعر الريال السعودي في بنك التعمير والإسكان واستقر سعر الريال السعودي مقابل الجنيه المصري في بنك التعمير والإسكان نحو 12.98 جنيه لعمليات الشراء، مقابل 13.02 جنيه للبيع سعر الريال السعودي في المصرف المتحد وتداول سعر الريال السعودي مقابل الجنيه المصري في المصرف المتحد 12.58 جنيه للشراء، و13.04 جنيه للبيع سعر الريال السعودي في بنك فيصل وسجل سعر الريال السعودي مقابل الجنيه المصري في بنك فيصل 12.94 جنيه للشراء، و13 جنيها للبيع سعر الريال السعودي في بنك الكويت الوطني سجل سعر الريال السعودي مقابل الجنيه المصري، في بنك الكويت الوطني، نحو 12.87 جنيه للشراء، و13.16 جنيه للبيع,2026-07-07T09:50:49.602100+00:00,
google_news,general,https://bloom-gate.com/%D8%A3%D8%B3%D9%88%D8%A7%D9%82/%D8%A7%D9%84%D8%AF%D9%88%D9%84%D8%A7%D8%B1-%D9%8A%D9%88%D8%A7%D8%B5%D9%84-%D8%A7%D9%84%D8%AA%D8%B1%D8%A7%D8%AC%D8%B9-%D9%88%D9%8A%D8%B3%D8%AC%D9%84-48-81-%D8%AC%D9%86%D9%8A%D9%87-%D9%81%D9%8A-%D8%A7/,الدولار يواصل التراجع ويسجل 48.81 جنيه في التعاملات الصباحية - Bloom Gate -بوابة بلوم,بلوم,2026-07-07 07:48:45+00:00,سجل سعر الدولار الأميركي تراجعًا طفيفًا أمام الجنيه المصري في بداية تعاملات اليوم الثلاثاء 7 يوليو، ليبلغ 48.81 جنيه للشراء و48.91 جنيه,Bloom Gate -بوابة بلوم,ar,180,سجل سعر الدولار الأميركي تراجعًا طفيفًا أمام الجنيه المصري في بداية تعاملات اليوم الثلاثاء 7 يوليو، ليبلغ 48.81 جنيه للشراء و48.91 جنيه للبيع، مقابل 48.82 جنيه للشراء و48.92 جنيه للبيع بنهاية تعاملات أمس، وفق بيانات البنك الأهلي المصري. البنك المركزي المصري بلغ سعر العملة الخضراء في البنك المركزي المصري نحو 48.79 جنيه للشراء ونحو 48.93 جنيه للبيع. بنك فيصل وصل سعر عملة أميركا في بنك فيصل إلى 48.76 جنيه للشراء و48.86 جنيه للبيع. بنك مصر تراجع سعر الأخضر اليوم في بنك مصر إلى 48.81 جنيه للشراء و48.91 جنيه للبيع. البنك العربي الأفريقي بلغ سعر الدولار الأميركي بالبنك العربي الأفريقي الدولي نحو 48.80 جنيه للشراء ونحو 48.90 جنيه للبيع. المصرف المتحد انخفض سعر العملة الأميركية في المصرف المتحد إلى 48.78 جنيه للشراء و48.88 جنيه للبيع. بنك الإسكندرية سجل سعر العملة الأميركية اليوم في بنك الإسكندرية نحو 48.75 جنيه للشراء و48.85 جنيه للبيع. البنك التجاري الدولي بلغ سعر عملة أميركا اليوم في البنك التجاري الدولي نحو 48.75 جنيه للشراء و48.85 جنيه للبيع. مصرف أبوظبي الإسلامي استقر سعر الدولار في مصرف أبوظبي الإسلامي عند 48.94 جنيه للشراء ونحو 49.04 جنيه للبيع. الرابط المختصر,2026-07-07T09:50:51.821179+00:00,
google_news,general,https://estsmararabe.com/%D8%B3%D8%B9%D8%B1-%D8%A7%D9%84%D8%B1%D9%8A%D8%A7%D9%84-%D8%A7%D9%84%D8%B3%D8%B9%D9%88%D8%AF%D9%8A-%D8%A7%D9%84%D9%8A%D9%88%D9%85-%D8%A7%D9%84%D8%AB%D9%84%D8%A7%D8%AB%D8%A7%D8%A1-%D8%A3%D9%85%D8%A7-4/,سعر الريال السعودي اليوم الثلاثاء أمام الجنيه المصري - جريدة الاستثمار العربى,,2026-07-07 07:16:04+00:00,سعر الريال السعودي اليوم الثلاثاء أمام الجنيه المصري&nbsp;&nbsp;جريدة الاستثمار العربى,جريدة الاستثمار العربى,ar,,,2026-07-07T09:51:00.796908+00:00,Extraction failed: Failed to fetch: 403 Client Error: Forbidden for url: https://estsmararabe.com/%D8%B3%D8%B9%D8%B1-%D8%A7%D9%84%D8%B1%D9%8A%D8%A7%D9%84-%D8%A7%D9%84%D8%B3%D8%B9%D9%88%D8%AF%D9%8A-%D8%A7%D9%84%D9%8A%D9%88%D9%85-%D8%A7%D9%84%D8%AB%D9%84%D8%A7%D8%AB%D8%A7%D8%A1-%D8%A3%D9%85%D8%A7-4/
google_news,general,https://www.masrawy.com/news/news-banking/details/2026/7/7/3013844/%D8%AA%D8%B1%D8%A7%D8%AC%D8%B9-%D9%81%D9%8A-4-%D8%A8%D9%86%D9%88%D9%83-%D8%B3%D8%B9%D8%B1-%D8%A7%D9%84%D8%AF%D9%88%D9%84%D8%A7%D8%B1-%D8%A7%D9%84%D9%8A%D9%88%D9%85-%D9%85%D9%82%D8%A7%D8%A8%D9%84-%D8%A7%D9%84%D8%AC%D9%86%D9%8A%D9%87-%D8%A8%D8%AF%D8%A7%D9%8A%D8%A9-%D8%AA%D8%B9%D8%A7%D9%85%D9%84%D8%A7%D8%AA-%D8%A7%D9%84%D8%AB%D9%84%D8%A7%D8%AB%D8%A7%D8%A1,تراجع في 4 بنوك.. سعر الدولار اليوم مقابل الجنيه بداية تعاملات 7-7-202 | مصراوي,https://www.masrawy.com/writer/116/ميريت-نادي,2026-07-07 06:32:10+00:00,سعر الدولار يتراجع مقابل الجنيه في 4 بنوك بقيمة تتراوح بين 3 و9 قروش مع بداية تعاملات اليوم الثلاثاء | مصراوي,مصراوي.كوم,ar,176,تراجع سعر الدولار مقابل الجنيه في 4 بنوك، بقيمة تتراوح بين 3 و9 قروش، مع بداية تعاملات اليوم الثلاثاء 7-7-2026، بينما استقر في 6 بنوك، مقارنة بنهاية تعاملات أمس، وفق بيانات منشورة على مواقعها الإلكترونية. لماذا تراجع سعر الدولار اليوم؟ انخفض سعر الدولار اليوم، مدفوعا بعودة تدفقات المستثمرين الأجانب، وزيادة عمليات بيع الدولار وشراء الجنيه بهدف الاستثمار في أذون الخزانة المحلية. أسعار الدولار في 10 بنوك ببداية تعاملات اليوم البنك الأهلي المصري: 48.82 جنيه للشراء، و48.92 جنيه للبيع. بنك مصر: 48.82 جنيه للشراء، و48.92 جنيه للبيع. بنك القاهرة: 48.82 جنيه للشراء، و48.92 جنيه للبيع. بنك الإسكندرية: 48.75 جنيه للشراء، و48.85 جنيه للبيع، بتراجع 5 قروش للشراء والبيع. بنك قناة السويس: 48.83 جنيه للشراء، و48.93 جنيه للبيع. البنك التجاري الدولي Cib: 48.75 جنيه للشراء، و48.85 جنيه للبيع، بتراجع 9 قروش للشراء والبيع. بنك البركة: 48.8 جنيه للشراء، و48.9 جنيه للبيع. كريدي أجريكول: 48.75 جنيهًا للشراء، و48.85 جنيه للبيع، بتراجع 5 قروش للشراء والبيع. بنك قطر الوطني: 48.79 جنيه للشراء، و48.89 جنيه للبيع، بتراجع 3 قروش للشراء والبيع. مصرف أبو ظبي الإسلامي: 48.94 جنيه للشراء، و49.04 جنيه للبيع.,2026-07-07T09:50:50.613289+00:00,
google_news,general,https://trends.npa-ar.com/business/145430/,الدولار يتراجع أمام الجنيه خلال منتصف تعاملات الثلاثاء,صباح العورة,2026-07-07 09:01:18+00:00,تراجع سعر الدولار الأمريكي أمام الجنيه المصري خلال منتصف تعاملات اليوم الثلاثاء 7 يوليو 2026، ليسجل مستويات متقاربة في عدد من البنوك الحكومية والخاصة.وفي بنك مصر، بلغ سعر الدولار 48.80...,,ar,162,تراجع سعر الدولار الأمريكي أمام الجنيه المصري خلال منتصف تعاملات اليوم الثلاثاء 7 يوليو 2026، ليسجل مستويات متقاربة في عدد من البنوك الحكومية والخاصة. وفي بنك مصر، بلغ سعر الدولار 48.80 جنيه للشراء و48.90 جنيه للبيع، بينما سجل في البنك الأهلي المصري 48.81 جنيه للشراء و48.91 جنيه للبيع. وسجل الدولار في البنك المركزي المصري 48.79 جنيه للشراء و48.93 جنيه للبيع، وفي البنك التجاري الدولي 48.77 جنيه للشراء و48.87 جنيه للبيع. أسعار الدولار في البنوك المصرية البنك المركزي المصري 48.79 جنيه للشراء 48.93 جنيه للبيع. البنك الأهلي المصري 48.81 جنيه للشراء 48.91 جنيه للبيع. بنك مصر 48.80 جنيه للشراء 48.90 جنيه للبيع. بنك الإسكندرية 48.78 جنيه للشراء 48.88 جنيه للبيع. البنك التجاري الدولي CIB 48.77 جنيه للشراء 48.87 جنيه للبيع. بنك البركة 48.75 جنيه للشراء 48.85 جنيه للبيع. المصرف المتحد 48.78 جنيه للشراء 48.88 جنيه للبيع. بنك كريدي أجريكول 48.75 جنيه للشراء 48.85 جنيه للبيع. بنك قناة السويس 48.82 جنيه للشراء 48.92 جنيه للبيع. البنك المصري الخليجي 48.75 جنيه للشراء 48.85 جنيه للبيع.,2026-07-07T09:50:52.469218+00:00,
google_news,general,https://www.erembusiness.com/forex/4ezxwwq,الريال السعودي يواصل التراجع في مصر.. ويسجل 12.97 جنيه في «الأهلي» - إرم بزنس,,2026-07-06 11:26:08+00:00,الريال السعودي يواصل التراجع في مصر.. ويسجل 12.97 جنيه في «الأهلي»&nbsp;&nbsp;إرم بزنس,إرم بزنس,ar,,,2026-07-07T09:50:50.701101+00:00,Extraction failed: Failed to fetch: 403 Client Error: Forbidden for url: https://www.erembusiness.com/forex/4ezxwwq
google_news,general,https://www.elbalad.news/7029561,سعر الدولار أمام الجنيه اليوم الثلاثاء 7-7-2026.. اعرف وصل كام,,2026-07-06 23:00:00+00:00,شهد سعر الدولار مقابل الجنيه المصري استقرارًا مائلًا للانخفاض خلال تعاملات اليوم الثلاثاء 7-7-2026، ليواصل تداوله بالقرب من مستوى 48 جنيهًا،,صدى البلد,ar-eg,203,سعر الدولار مقابل الجنيه المصري استقرارًا مائلًا للانخفاض خلال تعاملات اليوم الثلاثاء 7-7-2026، ليواصل تداوله بالقرب من مستوى 48 جنيهًا، بعدما تراجع من مستوياته السابقة التي تجاوزت 49 جنيهًا. أعلى سعر لشراء الدولار ووصل أعلى سعر لشراء الدولار إلى 48.83 جنيه لدى بنك قناة السويس، بينما سجل أعلى سعر للبيع 48.93 جنيه. وفي المقابل، جاء أقل سعر للشراء عند 48.75 جنيه في كل من البنك التجاري الدولي (CIB)، وكريدي أجريكول، وبنك الإسكندرية، فيما بلغ أقل سعر للبيع 48.85 جنيه داخل البنوك ذاتها. وجاءت أسعار الدولار اليوم في البنوك كالتالي: بنك قناة السويس: 48.83 جنيه للشراء، و48.93 جنيه للبيع. البنك العقاري المصري العربي: 48.82 جنيه للشراء، و48.92 جنيه للبيع. بنك مصر: 48.82 جنيه للشراء، و48.92 جنيه للبيع. البنك الأهلي المصري: 48.82 جنيه للشراء، و48.92 جنيه للبيع. المصرف العربي الدولي: 48.81 جنيه للشراء، و48.91 جنيه للبيع. بنك HSBC: 48.804 جنيه للشراء، و48.896 جنيه للبيع. بنك البركة: 48.80 جنيه للشراء، و48.90 جنيه للبيع. بنك الكويت الوطني NBK: 48.80 جنيه للشراء، و48.90 جنيه للبيع. البنك المركزي المصري: 48.793 جنيه للشراء، و48.931 جنيه للبيع. QNB الأهلي: 48.79 جنيه للشراء، و48.89 جنيه للبيع. كريدي أجريكول: 48.75 جنيه للشراء، و48.85 جنيه للبيع. البنك التجاري الدولي (CIB): 48.75 جنيه للشراء، و48.85 جنيه للبيع. بنك الإسكندرية: 48.75 جنيه للشراء، و48.85 جنيه للبيع.,2026-07-07T09:50:52.129623+00:00,
google_news,general,https://www.elbalad.news/7029570,انخفاض سعر اليورو أمام الجنيه اليوم الثلاثاء 7-72026,,2026-07-07 03:00:00+00:00,سجل سعر صرف اليورو مقابل الجنيه المصري تراجعًا جديدًا خلال تعاملات اليوم الثلاثاء 7 يوليو 2026، ليهبط إلى نطاق 55 جنيهًا للمرة الأولى,صدى البلد,ar-eg,241,سجل سعر صرف اليورو مقابل الجنيه المصري تراجعًا جديدًا خلال تعاملات اليوم الثلاثاء 7 يوليو 2026، ليهبط إلى نطاق 55 جنيهًا للمرة الأولى منذ عدة أشهر، بعد أن كان قد تجاوز مستوى 62 جنيهًا خلال شهري مايو وأوائل يونيو الماضي، قبل أن يبدأ في مسار هبوطي تدريجي. وجاء هذا الانخفاض مدفوعًا باستعادة الجنيه المصري جانبًا من قوته أمام العملات الأجنبية، الأمر الذي أدى إلى تراجع اليورو دون حاجز 60 جنيهًا خلال شهر يونيو، ليستمر في خسائره حتى استقر حاليًا عند مستويات تقارب 55 جنيهًا في غالبية البنوك العاملة بالسوق المحلية. أسعار اليورو اليوم الثلاثاء 7- 2026 سعر اليورو في البنك المركزي المصري سعر الشراء: 55.717 جنيه. سعر البيع: 55.884 جنيه. البنك الأهلي المصري سعر الشراء: 55.713 جنيه. سعر البيع: 55.969 جنيه. سعر اليورو في بنك مصر سعر الشراء: 55.709 جنيه. سعر البيع: 55.969 جنيه. بنك قناة السويس سعر الشراء: 55.720 جنيه. سعر البيع: 55.981 جنيه. بنك البركة سعر الشراء: 55.710 جنيه. سعر البيع: 55.947 جنيه. البنك العقاري المصري العربي سعر الشراء: 55.709 جنيه. سعر البيع: 55.969 جنيه. المصرف العربي الدولي سعر الشراء: 55.702 جنيه. سعر البيع: 55.958 جنيه. بنك الكويت الوطني NBK سعر الشراء: 55.686 جنيه. سعر البيع: 55.947 جنيه. QNB الأهلي سعر الشراء: 55.674 جنيه. سعر البيع: 55.935 جنيه. البنك التجاري الدولي CIB سعر الشراء: 55.653 جنيه. سعر البيع: 55.914 جنيه. كريدي أجريكول سعر الشراء: 55.630 جنيه. سعر البيع: 55.890 جنيه. بنك الإسكندرية سعر الشراء: 55.626 جنيه. سعر البيع: 55.889 جنيه. HSBC سعر الشراء: 55.824 جنيه. سعر البيع: 55.930 جنيه.,2026-07-07T09:50:52.362503+00:00,
google_news,general,https://www.rosaelyoussef.com/1413234,سعر الدولار مقابل الجنيه اليوم الثلاثاء 7 يوليو 2026 - بوابة روز اليوسف,,2026-07-07 07:21:46+00:00,سعر الدولار مقابل الجنيه اليوم الثلاثاء 7 يوليو 2026&nbsp;&nbsp;بوابة روز اليوسف,بوابة روز اليوسف,ar,,,2026-07-07T09:50:53.254864+00:00,Extraction failed: Failed to fetch: 403 Client Error: Forbidden for url: https://www.rosaelyoussef.com/1413234
google_news,general,https://www.akhbarak.net/news/details/49118382/4/%D8%B3%D8%B9%D8%B1-%D8%A7%D9%84%D8%AF%D9%88%D9%84%D8%A7%D8%B1-%D8%A3%D9%85%D8%A7%D9%85-%D8%A7%D9%84%D8%AC%D9%86%D9%8A%D9%87-%D9%81%D9%8A-%D8%A7%D9%84%D8%A8%D9%86%D9%88%D9%83-%D8%A7%D9%84%D9%8A%D9%88%D9%85-%D8%A7%D9%84%D8%AB%D9%84%D8%A7%D8%AB%D8%A7%D8%A1-7-7-2026-%D8%A3%D9%85%D9%88%D8%A7%D9%84-%D8%A7%D9%84%D8%BA%D8%AF,سعر الدولار أمام الجنيه في البنوك اليوم الثلاثاء 7-7-2026 | أموال الغد - اخبارك نت,,2026-07-07 09:41:50+00:00,سعر الدولار أمام الجنيه في البنوك اليوم الثلاثاء 7-7-2026 | أموال الغد&nbsp;&nbsp;اخبارك نت,اخبارك نت,ar,,,2026-07-07T09:50:54.071336+00:00,Extraction failed: Failed to fetch: 403 Client Error: Forbidden for url: https://www.akhbarak.net/news/details/49118382/4/%D8%B3%D8%B9%D8%B1-%D8%A7%D9%84%D8%AF%D9%88%D9%84%D8%A7%D8%B1-%D8%A3%D9%85%D8%A7%D9%85-%D8%A7%D9%84%D8%AC%D9%86%D9%8A%D9%87-%D9%81%D9%8A-%D8%A7%D9%84%D8%A8%D9%86%D9%88%D9%83-%D8%A7%D9%84%D9%8A%D9%88%D9%85-%D8%A7%D9%84%D8%AB%D9%84%D8%A7%D8%AB%D8%A7%D8%A1-7-7-2026-%D8%A3%D9%85%D9%88%D8%A7%D9%84-%D8%A7%D9%84%D8%BA%D8%AF
google_news,general,https://www.copts-united.com/Article.php?I=6328&A=869619,الأقباط متحدون |سعر الدولار اليوم الثلاثاء 7-7-2026,Copts United,2026-07-07 07:31:47+00:00,الأقباط متحدون |سعر الدولار اليوم الثلاثاء 7-7-2026,,en,146,الثلاثاء ٧ يوليو ٢٠٢٦ ص +02:00 CEST محرر الاقباط متحدون سعر الدولار الأمريكى أمام الجنيه المصرى، اليوم الثلاثاء 7 يوليو 2026، فى البنوك العاملة بالسوق المصرية تحت سقف ال49 جنيهاً سواء فى عمليات الشراء، أو البيع. واستقر سعر الدولار في البنك الأهلى عند 48.82 جنيه للشراء 48.92 جنيه للبيع، وفى بنك مصر 48.82 جنيه للشراء 48.92 جنيه للبيع. واستقر سعر الدولار فى البنك المركزي المصرى عند 48.79 جنيه للشراء 48.93 جنيه للبيع، وفى البنك التجارى الدولى 48.75 جنيه للشراء 48.85 جنيه للبيع. - 48.79 جنيه للشراء. - 48.93 جنيه للبيع. - 48.82 جنيه للشراء. - 48.92 جنيه للبيع. - 48.82 جنيه للشراء. - 48.92 جنيه للبيع. - 48.75 جنيه للشراء. - 48.85 جنيه للبيع. - 48.75 جنيه للشراء. - 48.85 جنيه للبيع. - 48.80 جنيه للشراء. - 48.90 جنيه للبيع. - 48.80 جنيه للشراء. - 48.90 جنيه للبيع. - 48.75 جنيه للشراء. - 48.85 جنيه للبيع.,2026-07-07T09:50:54.533016+00:00,
youm7,tier1,https://www.youm7.com/story/2026/7/7/%D8%A7%D8%B3%D8%AA%D9%82%D8%B1%D8%A7%D8%B1-%D8%B3%D8%B9%D8%B1-%D8%A7%D9%84%D8%AF%D9%88%D9%84%D8%A7%D8%B1-%D9%85%D9%82%D8%A7%D8%A8%D9%84-%D8%A7%D9%84%D8%AC%D9%86%D9%8A%D9%87-%D9%81%D9%89-%D8%A8%D8%AF%D8%A7%D9%8A%D8%A9-%D8%AA%D8%B9%D8%A7%D9%85%D9%84%D8%A7%D8%AA-%D8%A7%D9%84%D9%8A%D9%88%D9%85-%D8%A7%D9%84%D8%AB%D9%84%D8%A7%D8%AB%D8%A7%D8%A1/7473131,استقرار سعر الدولار مقابل الجنيه فى بداية تعاملات اليوم الثلاثاء - اليوم السابع,كتب أيمن رمضان الشريف,2026-07-07 06:41:00+00:00,استقر سعر الدولار الأمريكى أمام الجنيه المصرى، خلال بداية تعاملات اليوم الثلاثاء 7 يوليو 2026، فى البنوك العاملة بالسوق المصرية.,اليوم السابع,ar,209,استقر سعر الدولار الأمريكى أمام الجنيه المصرى، خلال بداية تعاملات اليوم الثلاثاء 7 يوليو 2026، فى البنوك العاملة بالسوق المصرية. وثبت سعر الدولار في بنك مصر عند 48.82 جنيه للشراء 48.92 جنيه للبيع، وفى البنك الأهلى المصرى 48.82 جنيه للشراء 48.92 جنيه للبيع. واستقر سعر الدولار فى البنك المركزي المصرى عند 48.79 جنيه للشراء 48.93 جنيه للبيع، وفى البنك التجارى الدولى 48.75 جنيه للشراء 48.85 جنيه للبيع. أسعار الدولار في البنوك المصرية: سعر الدولار فى البنك المركزي المصري - 48.79 جنيه للشراء. - 48.93 جنيه للبيع. سعر الدولار فى البنك الأهلي المصري - 48.82 جنيه للشراء. - 48.92 جنيه للبيع. سعر الدولار فى بنك مصر - 48.82 جنيه للشراء. - 48.92 جنيه للبيع. سعر الدولار فى بنك الإسكندرية - 48.75 جنيه للشراء. - 48.85 جنيه للبيع. سعر الدولار فى البنك التجاري الدولي CIB - 48.75 جنيه للشراء. - 48.85 جنيه للبيع. سعر الدولار فى بنك البركة - 48.80 جنيه للشراء. - 48.90 جنيه للبيع. سعر الدولار فى المصرف المتحد - 48.80 جنيه للشراء. - 48.90 جنيه للبيع. سعر الدولار فى بنك كريدى اجريكول - 48.75 جنيه للشراء. - 48.85 جنيه للبيع. سعر الدولار فى بنك قناة السويس - 48.83 جنيه للشراء. - 48.93 جنيه للبيع. سعر الدولار فى البنك المصرى الخليجى - 48.82 جنيه للشراء. - 48.92 جنيه للبيع.,2026-07-07T09:50:54.048670+00:00,
youm7,tier1,https://www.youm7.com/story/2026/7/7/%D8%B9%D9%84%D9%89-%D9%85%D8%AF%D8%A7%D8%B1-%D8%A7%D9%84%D8%B3%D8%A7%D8%B9%D8%A9-%D8%B3%D8%B9%D8%B1-%D8%A7%D9%84%D8%B1%D9%8A%D8%A7%D9%84-%D8%A7%D9%84%D9%82%D8%B7%D8%B1%D9%89-%D8%A7%D9%84%D9%8A%D9%88%D9%85-%D8%A7%D9%84%D8%AB%D9%84%D8%A7%D8%AB%D8%A7%D8%A1-7-%D9%8A%D9%88%D9%84%D9%8A%D9%88/7473643,على مدار الساعة.. سعر الريال القطرى اليوم الثلاثاء 7 يوليو 2026 - اليوم السابع,كتبت - مروة الغول,2026-07-07 07:51:00+00:00,سجل سعر صرف الريال القطري مقابل الجنيه المصري اليوم الثلاثاء، فى البنك المركزى13.38جنيه للشراء و 13.42جنيه للبيع.,اليوم السابع,ar,115,سعر صرف الريال القطري مقابل الجنيه المصري اليوم الثلاثاء، فى البنك المركزى 13.38جنيه للشراء و13.42جنيه للبيع. وعلى مدار اليوم الثلاثاء، ينشر اليوم السابع أسعار العملات المختلفة، بما في ذلك سعر الريال القطرى مقابل الجنيه المصري وبذلك، يمكن المواطنين في الخارج والداخل لمتابعة هذه الأسعار واتخاذ قراراتهم حول تحويل العملات بشكل مدروس ووفق معلومات سوق الصرف. وسجل سعر الريال القطرى اليوم فى بعض البنوك كالأتى: سعر الريال القطرى فى البنك المركزى 13.38جنيه للشراء. 13.42جنيه للبيع. سعر الريال القطرى فى بنك الأهلى 12.38جنيه للشراء. 13.41جنيه للبيع. سعر الريال القطرى فى بنك مصر 12.64جنيه للشراء. 13.42جنيه للبيع. سعر الريال القطرى فى بنك الأسكندرية 12.47جنيه للشراء. 13.4جنيه للبيع. سعر الريال القطرى فى بنك المصرى الخليجى 12.48جنيه للشراء. 13.42جنيه للبيع.,2026-07-07T09:50:54.808775+00:00,
youm7,tier1,https://www.youm7.com/story/2026/7/6/%D8%AA%D8%B1%D8%A7%D8%AC%D8%B9-%D8%B3%D8%B9%D8%B1-%D8%A7%D9%84%D9%8A%D9%88%D8%B1%D9%88-%D9%81%D9%89-%D8%AE%D8%AA%D8%A7%D9%85-%D8%AA%D8%B9%D8%A7%D9%85%D9%84%D8%A7%D8%AA-%D8%A7%D9%84%D9%8A%D9%88%D9%85-%D8%A7%D9%84%D8%A5%D8%AB%D9%86%D9%8A%D9%86-6-%D9%8A%D9%88%D9%84%D9%8A%D9%88/7473063,تراجع سعر اليورو فى ختام تعاملات اليوم الإثنين 6 يوليو 2026 أمام الجنيه بالبنوك - اليوم السابع,كتب مدحت عادل,2026-07-06 13:40:24+00:00,تراجع سعر اليورو فى ختام تعاملات اليوم الأثنين 6 يوليو 2026 أمام الجنيه بالبنوك المصرية.,اليوم السابع,ar,150,تراجع سعر اليورو فى ختام تعاملات اليوم الإثنين 6 يوليو 2026 أمام الجنيه بالبنوك المصرية. وبلغ سعر اليورو في البنك المركزي المصري 55.71 جنيه للشراء، و55.88 جنيه للبيع، وفي البنك الأهلى المصري 55.71 جنيه للشراء، 55.96 جنيه للبيع، و سعر اليورو في بنك مصر 55.70 للشراء، 55.96 جنيه للبيع. وجاء سعر اليورو داخل البنوك الرئيسية كالتالى: سعر اليورو في البنك المركزي المصري 55.71 جنيه للشراء. 55.88 جنيه للبيع. سعر اليورو في البنك الأهلى المصري 55.71 جنيه للشراء. 55.96 جنيه للبيع. سعر اليورو في بنك مصر 55.70 جنيه للشراء. 55.96 جنيه للبيع. سعر اليورو في بنك الاسكندرية 55.71 جنيه للشراء. 55.95 جنيه للبيع. سعر اليورو في البنك التجارى الدولي 55.71 جنيه للشراء. 55.97 جنيه للبيع. سعر اليورو في مصرف أبو ظبى الاسلامى 55.92 جنيه للشراء. 56.10 جنيه للبيع. سعر اليورو في بنك البركة 55.71 جنيه للشراء. 55.94 جنيه للبيع. سعر اليورو في بنك قناة السويس 55.72 جنيه للشراء. 55.98 جنيه للبيع.,2026-07-07T09:50:55.914788+00:00,
youm7,tier1,https://www.youm7.com/story/2026/7/6/%D8%B3%D8%B9%D8%B1-%D8%A7%D9%84%D8%B0%D9%87%D8%A8-%D8%A7%D9%84%D9%8A%D9%88%D9%85-%D8%A7%D9%84%D8%A7%D8%AB%D9%86%D9%8A%D9%86-6-%D9%8A%D9%88%D9%84%D9%8A%D9%88-2026-%D9%81%D9%8A-%D9%85%D8%B5%D8%B1-%D8%B9%D9%8A%D8%A7%D8%B1/7473144,سعر الذهب اليوم الاثنين 6 يوليو 2026 في مصر.. عيار 21 يتراجع - اليوم السابع,,2026-07-06 16:00:00+00:00,تراجعت أسعار الذهب في السوق المصري خلال تعاملات اليوم الاثنين 6 يوليو 2026، في بداية أسبوع التداول، وسط استمرار التحركات المحدودة للمعدن النفيس، بعدما أنهى الأسبوع الماضي.,اليوم السابع,ar,328,تراجعت أسعار الذهب في السوق المصري خلال تعاملات اليوم الاثنين 6 يوليو 2026، في بداية أسبوع التداول، وسط استمرار التحركات المحدودة للمعدن النفيس، بعدما أنهى الأسبوع الماضي أول موجة صعود عقب سبعة أسابيع متتالية من التراجع، بينما يواصل استقرار سعر صرف الدولار الضغط على الأسعار المحلية. وسجل الذهب عيار 21، الأكثر تداولا في السوق المصرية، 5840 جنيها للبيع، منخفضا بنحو 10 جنيهات مقارنة بآخر تحديث، في ظل تراجع محدود يعكس حالة الترقب المسيطرة على السوق. أسعار الذهب اليوم الاثنين 6 يوليو 2026 (سعر البيع): عيار 24: 6674.29 جنيها عيار 21: 5840.00 جنيها عيار 18: 5005.71 جنيها عيار 14: 3893.33 جنيها الجنيه الذهب: 46720 جنيها أوقية الذهب: 207570 جنيها ووفقا لتحليل منصة جولد بيليون، افتتح الذهب عيار 21 تداولات اليوم عند مستوى 5850 جنيها للجرام، قبل أن يتراجع إلى 5840 جنيها وقت إعداد التقرير، بعدما أغلق تعاملات أمس عند 5870 جنيها للجرام، في إشارة إلى استمرار التحركات العرضية داخل نطاق سعري محدود. وأشار التقرير إلى أن الذهب المحلي أنهى تداولات الأسبوع الماضي عند مستوى 5910 جنيهات للجرام، لكنه فشل في الحفاظ على التداول أعلى مستوى 5900 جنيه، ليعود إلى التراجع في محاولة لتكوين قاعدة سعرية جديدة قد تدعم استئناف الصعود خلال الفترة المقبلة. ويواجه الذهب المحلي ضغوطا من استمرار تراجع سعر صرف الدولار أمام الجنيه، والذي يتحرك حاليا بالقرب من 49 جنيها، حيث يعد سعر الصرف أحد أبرز العوامل المؤثرة في تسعير الذهب داخل السوق المصرية، إلى جانب حركة الأونصة في الأسواق العالمية. كما تستفيد السوق المحلية من تحسن الأوضاع المالية والنقدية، مدعومة بعودة استثمارات الأجانب في أدوات الدين الحكومية، والتي سجلت تدفقات بنحو 8.1 مليار دولار خلال يونيو، إلى جانب توصل الحكومة إلى اتفاق على مستوى الخبراء مع صندوق النقد الدولي بشأن المراجعة السابعة، بما يمهد لصرف تمويل بقيمة 1.64 مليار دولار، وهي عوامل عززت استقرار سوق الصرف وحدت من الضغوط على الجنيه. ويرى محللون أن اتجاه أسعار الذهب خلال الفترة المقبلة سيظل مرهونا بحركة الأونصة العالمية وتطورات سعر صرف الدولار، مع ترقب المستثمرين لأي مؤشرات جديدة بشأن مسار أسعار الفائدة الأمريكية، باعتبارها المحرك الرئيسي لأسواق الذهب عالميا.,2026-07-07T09:50:55.811254+00:00,
almasry,tier1,https://www.almasryalyoum.com/news/details/4309263,«لو معاك 100 ألف جنيه».. كم جرام ذهب يمكن شراؤه من الصاغة والمنصات؟ | المصري اليوم,حنان الوالي,2026-07-06 12:52:00+00:00,حالة من التراجع تسيطر على سعر الذهب محليا، ما دفع الكثير من الشباب للتساؤل حول كم جرام يمكن شراؤه بملبغ 100 ألف جنيه وخلال السطور التالية نرصد التفاصيل.لو معاك 100 ألف جنيه.. كم...,المصري اليوم,ar,393,حالة من التراجع تسيطر على سعر الذهب محليا، ما دفع الكثير من الشباب للتساؤل حول كم جرام يمكن شراؤه بملبغ 100 ألف جنيه وخلال السطور التالية نرصد التفاصيل. لو معاك 100 ألف جنيه.. كم جرام ذهب يمكن شراؤه؟ قال نادى نجيب، سكرتير عام شعبة الذهب بالغرفة التجارية سابقًا، إن تراجع أسعار الذهب أدى لنشاط حالة السوق وشجع الشباب والمواطنين على شراء الذهب خلال الفترة الحالية إما للشبكة أو للاستثمار. وأضاف نجيب فى تصريح ل«المصرى اليوم»، أن امتلاك الفرد مبلغ 100 ألف جنيه يمكنه من شراء عدد جرامات معقولة من الذهب يصل لأكثر من 16 جراما بحساب سعر المصنعية، والذى يختلف من تاجر لآخر، ناصحا المواطنين بأهمية التعامل مع تاجر موثوق خلال عملية الشراء. وتابع: أن الفترة الحالية مناسبة للشراء والاستثمار لأن هناك توقعات بحدوث تيار عكسى للاسعار لتعاود الارتفاع من جديد. لو معاك 100 ألف جنيه.. كيف يمكن الاستثمار فى صناديق الذهب؟ يمكن توجيه مبلغ 100 ألف جنيه نحو صناديق استثمار الذهب، ويعد ذلك تحول فى ثقافة الادخار، حيث يعتمد المستثمر فى هذا النمط على شراء «وثائق رقمية» مدعومة بذهب عيار 24 صافى ومؤمن عليه فى خزائن معتمدة، ويتحقق العائد عليها من خلال نمو القيمة الرأسمالية للوثيقة تزامناً مع صعود أسعار الذهب وتعتمد كفاءة استثمار هذا المبلغ على استراتيجية «التسييل والتدفق التدريجي» والمعروفة بمتوسط التكلفة؛ بحيث لا يتم ضخ ال 100 ألف جنيه دفعة واحدة، بل تُقسم إلى دفعات شهرية متساوية، مما يضمن تجاوز مخاطر التذبذب السعرى الحاد وتوفير عوائد سعرية متوازنة. وتتميز هذه الآلية بإعفاء المستثمر من عبء «المصنعيات والدمغات» التى تُفرض على المشغولات أو السبائك الصغيرة، مقتصراً على عمولات إدارية وتداول منخفضة نسبيا.. لو معاك 100 ألف جنيه.. كيف يمكن الاستثمار فى المنصات الرقمية؟ و يمكن توجيه المبلغ للاستثمار فى المنصات الموثوقة، وهذا المبلغ قادر على شراء سبيكة ذهب وزن 10 جرامات من الذهب الصافى عيار 24، إلى جانب سبيكة أخرى وزن 2.5 جرامات، مع الاحتفاظ بجزء متبقٍ كسيولة نقدية. كما يمكن مضاعفة المبلغ وتوجيهه لشراء 4 جنيهات ذهب مغلفة (وزن 8 جرامات عيار 21 للجنيه الواحد) بقيمة إجمالية تدور حول 195 ألف جنيه بالمصنعية والدمغة، مع إمكانية استرداد جزء من هذه المصنعية عند البيع المستقبلى وهو ما يُعرف ب «الكاش باك». سعر الذهب اليوم الاثنين 6 يوليو 2026 وفيما يلى أسعار الذهب، اليوم، وفقًا لآخر تحديث رسمى من «شعبة الذهب»: سعر الذهب عيار 24 قيمة 6674 جنيها للجرام. سعر الذهب عيار 21 قيمة 5840 جنيه للجرام. سجّل سعر الذهب عيار 18 قيمة 5005 جنيها للجرام.سجل سعر الجنيه الذهب 46720 جنيه.,2026-07-07T09:50:55.637119+00:00,
almasry,tier1,https://www.almasryalyoum.com/news/details/4309550,قفزة جديدة في عيار 21 الآن بالمصنعية.. سعر الذهب اليوم الثلاثاء 7 يوليو 2026 بالصاغة محليًا وعالميًا | المصري اليوم,إيمان عادل,2026-07-06 21:00:00+00:00,واصل سعر الذهب اليوم الثلاثاء 7 يوليو 2026 ارتفاعه في الأسواق المحلية، ليصعد سعر جرام الذهب عيار 21 بنحو 10جنيهات، فيما ارتفع سعر الجنيه الذهب بنحو 80 جنيهًا، تأثرًا بارتفاع سعر...,المصري اليوم,ar,219,قفزة جديدة في عيار 21 الآن بالمصنعية.. سعر الذهب اليوم الثلاثاء 7 يوليو 2026 بالصاغة محليًا وعالميًا | المصري اليوم خدمات قفزة جديدة في عيار 21 الآن بالمصنعية.. سعر الذهب اليوم الثلاثاء 7 يوليو 2026 بالصاغة محليًا وعالميًا آخر تحديث ل سعر الجنيه الذهب اليوم في الصاغة الثلاثاء 07-07-2026 00:00 كتب: إيمان عادل محمود طه سعر الذهب اليوم- صورة أرشيفية تصوير : محمود طه محمود طه سعر الذهب اليوم- صورة أرشيفية واصل سعر الذهب اليوم الثلاثاء 7 يوليو 2026 ارتفاعه في الأسواق المحلية، ليصعد سعر جرام الذهب عيار 21 بنحو 10جنيهات، فيما ارتفع سعر الجنيه الذهب بنحو 80 جنيهًا، تأثرًا بارتفاع سعر المعدن الأصفر عالميًا. سعر الذهب اليوم في مصر (تحديث لحظي) وأعلنت الشعبة العامة للذهب والمجوهرات عن آخر تحديث لأسعار التداول في الصاغة (بدون المصنعية والدمغة)، مشيرة إلى أن السعر الفعلي قد يختلف بشكل طفيف بين المحافظات. سعر الذهب اليوم عيار 24 سعر الذهب اليوم عيار 24 في الصاغة نحو 6674 جنيهًا. سعر الذهب اليوم عيار 21 سعر الذهب اليوم عيار21 في الصاغة نحو 5840 جنيهًا. سعر الذهب اليوم عيار 18 استقر سعر الذهب اليوم عيار 18 في الصاغة عند 5005 جنيهات. سعر الجنيه الذهب سعر الجنيه الذهب اليوم في الصاغة نحو 46720 جنيهًا. للمزيد: سعر الذهب اليوم الثلاثاء بالصاغة.. هبوط مفاجئ ب2400 للجنيه وعيار 21 يسجل أقل مستويات سعر الذهب العالمي سجل سعر الأونصة 4163 دولارًا .,2026-07-07T09:50:56.043555+00:00,
almasry,tier1,https://www.almasryalyoum.com/news/details/4309790,بعد ارتفاع 10 جنيهات ل عيار 21 الآن.. سعر الذهب اليوم الثلاثاء 7-7-2026 بالمصنعية | المصري اليوم,آية يوسف,2026-07-07 07:16:00+00:00,استقر سعر الذهب اليوم الثلاثاء 7-7-2026، بعد ارتفاع سعر جرام الذهب عيار 21 بنحو 10 جنيهات، أمس، وفقًا لآخر التحديثات.سعر الذهب عيار 24 اليوم الثلاثاء؟بلغت قيمة سعر الذهب عيار 24 اليوم...,المصري اليوم,ar,199,بعد ارتفاع 10 جنيهات ل عيار 21 الآن.. سعر الذهب اليوم الثلاثاء 7-7-2026 بالمصنعية | المصري اليوم خدمات بعد ارتفاع 10 جنيهات ل عيار 21 الآن.. سعر الذهب اليوم الثلاثاء 7-7-2026 بالمصنعية سعر الذهب اليوم فى مصر مباشر الثلاثاء 07-07-2026 10:16 كتب: آية يوسف سعر الذهب اليوم الخميس 29-5-2025 محليًا وعالميًا.. كم سجل عيار 21 بالمصنعية الآن؟ تصوير : آخرون سعر الذهب اليوم الخميس 29-5-2025 محليًا وعالميًا.. كم سجل عيار 21 بالمصنعية الآن؟ استقر سعر الذهب اليوم الثلاثاء 7-7-2026، بعد ارتفاع سعر جرام الذهب عيار 21 بنحو 10 جنيهات، أمس، وفقًا لآخر التحديثات. سعر الذهب عيار 24 اليوم الثلاثاء؟ بلغت قيمة سعر الذهب عيار 24 اليوم الثلاثاء 7 يوليو 2026، نحو 6674 جنيها. سعر الذهب عيار 21 اليوم الثلاثاء الآن؟ سعر الذهب عيار 21 اليوم الثلاثاء 7 يوليو 2026، نحو 5840 جنيه، ولحساب قيمة المصنعية تتم إضافة من 100 إلى 150 جنيهًا زيادة على سعر جرام الذهب المعلن. من التحديثات: بعد ارتفاع 10 جنيهات ل عيار 21 بيعًا.. سعر الذهب اليوم الخميس 2-7-2026 سعر الذهب عيار 18 اليوم الثلاثاء فى الصاغة؟ سعر الذهب عيار 18 اليوم الثلاثاء 7 يوليو 2026، نحو 5005 جنيهًا. سعر الجنيه الذهب اليوم الثلاثاء بيعًا؟ وصلت قيمة سعر الجنيه الذهب عيار 21 إلى 46720 جنيها.,2026-07-07T09:50:56.830917+00:00,
almasry,tier1,https://lite.almasryalyoum.com/box/390910/,هدف ل مصر في مرمى الأرجنتين قد يساوي مليار جنيه: دليلك إلى مكافآت كأس العالم 2026 - المصري لايت,محمد الحسن,2026-07-06 17:17:57+00:00,منذ أن حجز منتخب مصر مقعده في دور ال16 من كأس العالم 2026، تتكرر توقعات الجماهير لنتيجة مباراة الأرجنتين,المصري لايت,ar,579,كتبت: سارة هليل منذ أن حجز منتخب مصر مقعده في دور ال16 من كأس العالم 2026، تغيّر إيقاع الشارع المصري. في المقاهي، تتكرر توقعات الجماهير لنتيجة مباراة الأرجنتين، وعلى مواقع التواصل الاجتماعي لا يتوقف الحديث عن مواجهة الأرجنتين، بينما يستعيد كثيرون ذكريات مشاركات «الفراعنة» في المونديال، على أمل أن يصل الجيل الحالي إلى إنجاز لم يتحقق من قبل. بين من يحسب فرص التأهل، ومن يناقش التشكيل المتوقع، يظل السؤال الأكبر: هل ينجح منتخب مصر في مواصلة كتابة التاريخ أمام حامل اللقب؟ لكن بعيدًا عن الحسابات الفنية، تحمل المباراة أهمية أخرى قد لا يعرفها كثيرون، إذ إن التأهل إلى كل دور جديد في كأس العالم لا يعني فقط إنجازًا رياضيًا، بل يفتح الباب أيضًا أمام مكافآت مالية أكبر يمنحها الاتحاد الدولي لكرة القدم. يستعرض «المصري لايت» قيمة المكافأة التي ضمنها منتخب مصر حتى الآن في كأس العالم 2026، وكيف يمكن أن ترفع مباراة واحدة أمام الأرجنتين إجمالي مكافآت «الفراعنة»، وذلك وفقًا لما نشرته BBC وDaily Beirut. ما حصل عليه منتخب مصر حتى الآن لم يكن التأهل إلى دور ال16 إنجازًا تاريخيًا فقط، بل ضمن أيضًا مكافأة مالية كبيرة للاتحاد المصري لكرة القدم. وفقًا للائحة الجوائز الخاصة بكأس العالم 2026، يحصل كل منتخب يبلغ دور ال16 على 15 مليون دولار، وهي مكافأة تُضاف إلى المبالغ التي تحصل عليها المنتخبات نظير المشاركة في البطولة والاستعداد لها. بذلك، ضمن منتخب مصر حتى الآن إجمالي عائد مالي يبلغ 27.5 مليون دولار، يشمل مكافأة المشاركة، ومخصصات الإعداد، إضافة إلى مكافأة التأهل إلى دور ال16. لماذا تعد مباراة مصر والأرجنتين مختلفة؟ تبدو مواجهة الأرجنتين مجرد مباراة فاصلة على بطاقة التأهل إلى ربع النهائي، لكنها في الوقت نفسه تمثل محطة مالية مهمة. في حال نجح منتخب مصر في الفوز والتأهل إلى الدور التالي، سترتفع قيمة الجوائز التي يحصل عليها، ليصل إجمالي المكافآت إلى 31.5 مليون دولار، وهو ما يعادل أكثر من مليار جنيه مصري وفقًا لأسعار الصرف الحالية. أي أن المباراة لا تمنح «الفراعنة» فرصة لمواصلة المشوار في البطولة فقط، بل تضيف أيضًا مكافأة مالية ضخمة إلى خزينة الاتحاد المصري لكرة القدم. كيف يعمل نظام مكافآت كأس العالم؟ اعتمد الاتحاد الدولي لكرة القدم نظامًا تصاعديًا للجوائز، بحيث تزداد قيمة المكافآت مع كل دور يتجاوزه المنتخب. بمجرد التأهل إلى كأس العالم، تحصل المنتخبات على مخصصات مالية للمشاركة والاستعداد، ثم ترتفع قيمة الجوائز كلما تقدمت في الأدوار الإقصائية، وصولًا إلى المباراة النهائية. يحصل بطل كأس العالم على أكبر جائزة مالية في البطولة، يليه الوصيف، ثم صاحبا المركزين الثالث والرابع، بينما تحصل المنتخبات التي تبلغ ربع النهائي أو دور ال16 على مكافآت أقل، لكنها تظل من أكبر الجوائز في تاريخ البطولة. لماذا تمنح «فيفا» هذه الجوائز؟ لا تقتصر أهمية الجوائز على مكافأة المنتخبات على نتائجها داخل الملعب، بل تساعد أيضًا الاتحادات الوطنية على تطوير اللعبة. جزء من هذه الأموال يُستخدم في تغطية تكاليف المشاركة، والسفر، والإقامة، وبرامج الإعداد، بينما يمكن توجيه جزء آخر إلى تطوير المنتخبات السنية، والبنية التحتية، ومراكز التدريب، ودعم كرة القدم المحلية. لهذا، فإن التقدم في كأس العالم لا يمثل مكسبًا رياضيًا فقط، بل استثمارًا طويل الأمد في مستقبل الكرة داخل الدولة. مباراة الأرجنتين قد تصنع تاريخًا… داخل وخارج الملعب عندما يلتقي منتخب مصر مع الأرجنتين مساء الثلاثاء، ستكون الأنظار متجهة إلى النتيجة وما إذا كان «الفراعنة» سينجحون في إقصاء حامل اللقب وبلوغ ربع النهائي لأول مرة. لكن في الخلفية، تدور مباراة أخرى بالأرقام، إذ تعني كل خطوة جديدة في البطولة زيادة في العائد المالي الذي يحصل عليه الاتحاد المصري لكرة القدم، وهو ما يجعل مواجهة الأرجنتين ليست مجرد 90 دقيقة من كرة القدم، بل مباراة قد تضيف أكثر من مليار جنيه إلى مكافآت منتخب مصر، إلى جانب فرصة مواصلة كتابة فصل جديد في تاريخ الكرة المصرية.,2026-07-07T09:50:58.677364+00:00,
almasry,tier1,https://www.almasryalyoum.com/news/details/4309509,زيادة 10 جنيهات ل عيار 21 الآن.. سعر الذهب اليوم الإثنين 6-7-2026 بالمصنعية | المصري اليوم,آية يوسف,2026-07-06 20:16:00+00:00,ارتفع سعر الذهب اليوم الاثنين 6-7-2026، ليربح سعر جرام الذهب عيار 21 بنحو 35 جنيهًا، وفقًا لآخر التحديثات.سعر الذهب عيار 24 اليوم الاثنين؟بلغت قيمة سعر الذهب عيار 24 اليوم الاثنين 6...,المصري اليوم,ar,197,زيادة 10 جنيهات ل عيار 21 الآن.. سعر الذهب اليوم الإثنين 6-7-2026 بالمصنعية | المصري اليوم خدمات زيادة 10 جنيهات ل عيار 21 الآن.. سعر الذهب اليوم الإثنين 6-7-2026 بالمصنعية أسعار الذهب اليوم في مصر عيار 21 بالمصنعية الاثنين 06-07-2026 23:16 كتب: آية يوسف زيادة 10 جنيهات ل عيار 21 الآن.. سعر الذهب اليوم الاثنين 6-7-2026 بالمصنعية تصوير : آخرون زيادة 10 جنيهات ل عيار 21 الآن.. سعر الذهب اليوم الاثنين 6-7-2026 بالمصنعية ارتفع سعر الذهب اليوم الاثنين 6-7-2026، ليربح سعر جرام الذهب عيار 21 بنحو 35 جنيهًا، وفقًا لآخر التحديثات. سعر الذهب عيار 24 اليوم الاثنين؟ بلغت قيمة سعر الذهب عيار 24 اليوم الاثنين 6 يوليو 2026، نحو 6674 جنيها. سعر الذهب عيار 21 اليوم الاثنين الآن؟ سعر الذهب عيار 21 اليوم الاثنين 6 يوليو 2026، نحو 5840 جنيه، ولحساب قيمة المصنعية تتم إضافة من 100 إلى 150 جنيهًا زيادة على سعر جرام الذهب المعلن. من التحديثات: بعد ارتفاع 10 جنيهات ل عيار 21 بيعًا.. سعر الذهب اليوم الخميس 2-7-2026 سعر الذهب عيار 18 اليوم الاثنين فى الصاغة؟ سعر الذهب عيار 18 اليوم الاثنين 6 يوليو 2026، نحو 5005 جنيهًا. سعر الجنيه الذهب اليوم الاثنين بيعًا؟ وصلت قيمة سعر الجنيه الذهب عيار 21 إلى 46720 جنيها.,2026-07-07T09:50:57.564955+00:00,
almasry,tier1,https://www.almasryalyoum.com/news/details/4309891,ضبط شخصين بتهمة غسل 20 مليون جنيه حصيلة الاتجار بالنقد الأجنبي | المصري اليوم,يسري البدري,2026-07-07 09:36:00+00:00,اتخذت أجهزة وزارة الداخلية إجراءات قانونية بحق شخصين، لاتهامهما بغسل نحو 20 مليون جنيه متحصلة من نشاطهما الإجرامى فى الاتجار غير المشروع بالنقد الأجنبى، فى إطار جهود ملاحقة...,المصري اليوم,ar,123,اتخذت أجهزة وزارة الداخلية إجراءات قانونية بحق شخصين، لاتهامهما بغسل نحو 20 مليون جنيه متحصلة من نشاطهما الإجرامى فى الاتجار غير المشروع بالنقد الأجنبى، فى إطار جهود ملاحقة جرائم غسل الأموال وتتبع ثروات العناصر الإجرامية. وقالت وزارة الداخلية، فى بيان، اليوم الثلاثاء، إن قطاع مكافحة جرائم الأموال العامة والجريمة المنظمة، بالتنسيق مع الأجهزة المعنية بالوزارة، اتخذ الإجراءات القانونية بحق المتهمين، لقيامهما بغسل الأموال المتحصلة من نشاطهما فى الاتجار غير المشروع بالنقد الأجنبى، ومحاولة إخفاء مصدرها وإضفاء صفة المشروعية عليها. وأضافت الوزارة، أن المتهمين حاولا إظهار تلك الأموال وكأنها ناتجة عن أنشطة مشروعة، من خلال تأسيس شركات وشراء سيارات، بهدف إخفاء مصدرها الحقيقى. وأشارت إلى أن القيمة المالية لأعمال غسل الأموال التى ارتكبها المتهمان تُقدر بنحو 20 مليون جنيه، وتم اتخاذ الإجراءات القانونية اللازمة.,2026-07-07T09:50:57.623724+00:00,
almasry,tier1,https://www.almasryalyoum.com/news/details/4309317,«لو معاك 300 ألف جنيه».. 10 سيارات مستعملة يمكنك شراؤها من السوق | المصري اليوم,إسراء خالد,2026-07-06 14:07:00+00:00,مع استمرار ارتفاع أسعار السيارات الجديدة، أصبح سوق المستعمل الخيار الأول لشريحة كبيرة من المصريين الباحثين عن سيارة تجمع بين السعر المناسب والحالة الجيدة.وإذا كانت ميزانيتك...,المصري اليوم,ar,624,"مع استمرار ارتفاع أسعار السيارات الجديدة، أصبح سوق المستعمل الخيار الأول لشريحة كبيرة من المصريين الباحثين عن سيارة تجمع بين السعر المناسب والحالة الجيدة. وإذا كانت ميزانيتك لا تتجاوز 300 ألف جنيه، فإن السوق يضم عدداً من الخيارات التى تناسب مختلف الاحتياجات، سواء كنت تبحث عن سيارة اقتصادية للاستخدام اليومى، أو سيارات عائلية، أو حتى سيارة أوتوماتيك مجهزة. وتتنوع الطرازات المتاحة فى هذه الفئة السعرية بين سيارات أثبتت اعتمادية كبيرة فى السوق المصرى مثل شيفروليه لانوس ودايو لانوس ودايو نوبيرا، إلى جانب خيارات أخرى مثل بريليانس FSV وأوبل أسترا واسبيرانزا A516، فضلاً عن سيارات اقتصادية مثل سوزوكى ماروتى وكيا سيفيا. كما تتوافر بعض السيارات الرياضية متعددة الاستخدامات مثل جيب جراند شيروكى موديل 1993 ضمن نفس الميزانية. سيارات مستعملة للبيع فى السطور التالية، نستعرض أبرز السيارات المعروضة للبيع فى السوق المصرية بميزانية تصل إلى 300 ألف جنيه، مع أهم مواصفاتها وأسعارها، لمساعدتك فى اختيار السيارة الأنسب وفقاً لاحتياجاتك وميزانيتك. دايو لانوس 2 موديل 2007 تُعرض السيارة فى القاهرة بسعر 240 ألف جنيه، وتأتى برخصة سارية لمدة عام ونصف. وخضعت لصيانة شاملة شملت تغيير السيور، وإصلاح علبة الدركسيون، واستبدال الطنابير والكبالن الداخلية والخارجية، إلى جانب صيانة التكييف، وتغيير فلتر البنزين وتيل الفرامل ومروحة الردياتير. كما زُودت ببطارية جديدة بضمان، وزجاج كهربائى للأبواب الأربعة، وسنتر لوك بالريموت، وكشافات ضباب، وإطارين إنتاج 2025، ويؤكد البائع أن السيارة لا تحتاج إلى أى مصروفات إضافية. دايو نوبيرا 2 موديل 2005 تتوفر بمدينة الشيخ زايد بسعر 260 ألف جنيه، وتعمل بناقل حركة يدوى، وتأتى باللون الرمادى، مع الإشارة إلى أنها كانت مملوكة لسيدة. شيفروليه لانوس موديل 2010 تُعرض فى منطقة الهرم بسعر 300 ألف جنيه، وتأتى بمحرك سعة 1500 سى سى، وناقل حركة يدوى، مع حالة فابريكة من الداخل ورش خارجى للنظافة باستثناء السقف. وتضم السيارة تكييفاً، وباور ستيرنج، وزجاجاً كهربائياً بالكامل، وفرشاً جلدياً، وعفشة جديدة، وسماعات بايونير، بالإضافة إلى رخصة سارية لمدة ثلاث سنوات. شيفروليه لانوس موديل 2010 بريليانس FSV موديل 2010 يبلغ سعرها 250 ألف جنيه، وتتوفر فى الزقازيق بناقل حركة أوتوماتيك. قطعت السيارة أكثر من 221 ألف كيلومتر، ويؤكد المالك أن المحرك وناقل الحركة بحالة جيدة، مع إجراء صيانة كاملة مؤخراً واستبدال إطارين جديدين، وأن السيارة جاهزة للاستخدام ولا تحتاج إلى أى مصروفات. سوزوكى ماروتى موديل 2011 تُعرض فى شبرا بسعر 200 ألف جنيه، وهى من المالك الأول، وقطعت نحو 92 ألف كيلومتر فقط. احتفظت السيارة بسجل الصيانة فى التوكيل حتى 50 ألف كيلومتر، وكانت محفوظة داخل جراج منذ شرائها. وتأتى السيارة بفرش جلد، وسنتر لوك، وإنذار، وكاسيت وسماعات، مع التأكيد على أنها لا تحتاج إلى أى أعمال صيانة، إلا أنها لا تحتوى على تكييف. اسبيرانزا A516 موديل 2009 تتوفر فى مدينة نصر بسعر 245 ألف جنيه، وتعمل بناقل حركة يدوى، مع حالة فابريكة من الداخل، بينما تعرضت لبعض الخبطات البسيطة وتم استبدال الصدام الأمامى. اسبيرانزا A516 موديل 2009 جيب جراند شيروكى موديل 1993 للباحثين عن سيارة متعددة الاستخدامات SUV، تُعرض جيب جراند شيروكى فى بنى سويف بسعر 300 ألف جنيه، وتعمل بناقل حركة أوتوماتيك. ويوضح البائع أنها مناسبة للراغبين فى سيارة رياضية متعددة الاستخدامات، مع إمكانية معاينتها والتعرف على جميع تفاصيلها قبل الشراء. جيب جراند شيروكى موديل 1993 أوبل أسترا H موديل 2008 تتوفر بمدينة نصر بسعر 290 ألف جنيه، وتأتى بمحرك سعة 1800 سى سى، باللون الفضى، وتعد من الخيارات المناسبة للراغبين فى سيارة أوروبية ضمن هذه الفئة السعرية. كيا سيفيا 2001 تُعرض السيارة بسعر 210 آلاف جنيه، باللون الشامبيه، وتعمل بناقل حركة يدوى، ولم تتضمن بيانات الإعلان تفاصيل إضافية حول سنة الصنع أو عدد الكيلومترات أو التجهيزات. جيلي باندينو 2014 تُعرض السيارة بسعر 300,000 جنيه في العاشر من رمضان، مانيوال باللون الأحمر، مع رخصة سارية حتى 2027. نصائح قبل شراء السيارات المستعملة رغم تنوع الخيارات فى هذه الفئة السعرية، ينصح بإجراء فحص شامل لدى مركز صيانة أو فنى متخصص قبل إتمام عملية الشراء للتأكد من حالة المحرك وناقل الحركة والشاسيه، ومراجعة الرخصة وسجل الصيانة، بما يضمن الحصول على سيارة بحالة جيدة وقيمة مناسبة مقابل السعر.",2026-07-07T09:50:57.997536+00:00,
akhbarelyom,tier2,https://akhbarelyom.com/news/VideoDisplay/4846330/1/-%D8%B2%D8%A7%D8%AF-%D8%A7%D9%84%D8%B9%D8%B2%D8%A9--%D8%A7%D9%84%D9%87%D9%84%D8%A7%D9%84-%D8%A7%D9%84%D8%A3%D8%AD%D9%85%D8%B1-%D8%A7%D9%84%D9%85%D8%B5%D8%B1%D9%8A-%D9%8A%D8%B7%D9%84%D9%82-%D8%A7%D9%84?__cf_chl_rt_tk=YqEEKpjjD6c469on6quhzES_zOMxnc.kvaQ22RQ6Qkg-1783417858-1.0.1.1-CcKMgt48NYmlVcGkrldnGPesJ33qYK.1oipWyovvTnw,«زاد العزة».. الهلال الأحمر المصري يطلق القافلة رقم 228 إلى غزة,akhbarelyom,2026-07-06 12:01:00+00:00,"قال عبد المنعم إبراهيم، مراسل ""القاهرة الإخبارية"" من العريش، إن الهلال الأحمر المصري أطلق القافلة رقم 228 ضمن سلسلة «زاد العزة» التي يسيّرها منذ أواخر يوليو 2025، محملة بآلاف السلال الغذائية، إلى جانب مساعدات طبية وإغاثية ومواد بترولية مخصصة لتشغيل المستشفيات والمرافق الحيوية داخل قطاع غزة.",بوابة اخبار اليوم,,135,"قال عبد المنعم إبراهيم، مراسل ""القاهرة الإخبارية"" من العريش، إن الهلال الأحمر المصري أطلق القافلة رقم 228 ضمن سلسلة « زاد العزة » التي يسيّرها منذ أواخر يوليو 2025، محملة بآلاف السلال الغذائية، إلى جانب مساعدات طبية وإغاثية ومواد بترولية مخصصة لتشغيل المستشفيات والمرافق الحيوية داخل قطاع غزة وأضاف إبراهيم أن سلطات الاحتلال الإسرائيلي لم تسمح اليوم بخروج دفعة جديدة من الجرحى والمرضى الفلسطينيين إلى مصر لتلقي العلاج، كما لم تشهد المعابر عودة متعافين إلى قطاع غزة، في ظل استمرار القيود المفروضة على حركة الإجلاء الطبي. وأوضح أن المراكز اللوجستية المصرية المخصصة لاستقبال المساعدات منذ بدء العدوان على قطاع غزة عام 2023 تشهد تكدسا كبيرا، بسبب العراقيل التي يفرضها جيش الاحتلال الإسرائيلي على دخول المساعدات، سواء عبر تقليص أيام وساعات عمل معبر كرم أبو سالم أو رفض إدخال بعض أنواع المساعدات وإعادتها إلى المخازن مجددا.",2026-07-07T09:50:58.754926+00:00,
akhbarelyom,tier2,https://akhbarelyom.com/news/newdetails/4846454/1/%D9%85%D8%B5%D8%AF%D8%B1-%D8%A8%D8%A7%D9%84%D8%B2%D9%85%D8%A7%D9%84%D9%83-%D9%8A%D9%83%D8%B4%D9%81-%D8%B3%D8%B1-%D8%AA%D8%A3%D8%AE%D8%B1-%D8%A7%D9%86%D8%B7%D9%84%D8%A7%D9%82-%D9%81%D8%AA%D8%B1%D8%A9-%D8%A5,لماذا تأخر انطلاق فترة إعداد فريق الزمالك.. مصدر يكشف السبب,akhbarelyom,2026-07-06 14:17:13+00:00,بوابة أخبار اليوم الإلكترونية,بوابة اخبار اليوم,,105,أكد مصدر ب نادي الزمالك أن المستحقات المالية المتأخرة للاعبي الفريق الأول لكرة القدم سبب تأجيل انطلاق فترة إعداد الفريق الأبيض للموسم المقبل. وأوضح المصدر أن إدارة الكرة سبق و طالبت مجلس الإدارة من قبل بتوفير جزء من مستحقات اللاعبين المتأخرة لصرفها في الفترة الحالية، قبل أن يبدأ الفريق فترة الإعداد. وأضاف المصدر أن لاعبي الفريق ينتظرون صرف مستحقاتهم في الفترة الحالية قبل بدء فترة الإعداد للموسم الجديد. وأوضح المصدر أن مجلس إدارة القلعة البيضاء يجري محاولات مكثفة في الوقت الراهن لتوفير دفعة كبيرة من مستحقات اللاعبين المتأخرة لدى النادي قبل بدء فترة الإعداد. اقرأ أيضا| الزمالك يترقب رفع قضية فرجاني ساسي من سجلات فيفا,2026-07-07T09:50:58.867253+00:00,
akhbarelyom,tier2,https://m.akhbarelyom.com/news/newdetails/4845985/1/%D8%A7%D9%84%D8%AF%D9%88%D8%B1%D9%8A-%D8%A7%D9%84%D9%85%D8%B5%D8%B1%D9%8A-%D8%A7%D9%84%D9%85%D9%85%D8%AA%D8%A7%D8%B2,رسميًا.. سيف داوود مديرًا للكرة بالمصري,akhbarelyom,2026-07-06 10:34:00+00:00,بوابة أخبار اليوم الإلكترونية,بوابة اخبار اليوم,,49,رسميًا.. سيف داوود مديرًا للكرة بالمصري أعلن النادي المصري البورسعيدي تعيين سيف داوود مديرا للكرة بالفريق الأول بشكل رسمي مساء اليوم، الأحد. ويتولى سيف داوود منصب مدير الكرة بجانب مهامه الفنية ضمن جهاز عماد النحاس. وبدأ المصري البورسعيدي تجديد عقود لاعبيه استعدادا للموسم الجديد وينتظر حسم بعض صفقات الصيف.,2026-07-07T09:51:00.478370+00:00,
akhbarelyom,tier2,https://akhbarelyom.com/news/newdetails/4846447/1/%D8%A7%D9%84%D8%A5%D9%81%D8%AA%D8%A7%D8%A1-%D8%AA%D9%87%D9%83%D9%8A%D8%B1-%D8%A7%D9%84%D8%AD%D8%B3%D8%A7%D8%A8%D8%A7%D8%AA-%D8%A7%D9%84%D8%A5%D9%84%D9%83%D8%AA%D8%B1%D9%88%D9%86%D9%8A%D8%A9-%D9%84%D8%AA%D8%AD%D9%82%D9%8A,الإفتاء: تهكير الحسابات الإلكترونية لتحقيق الكسب اعتداء على الخصوصية,akhbarelyom,2026-07-06 14:03:10+00:00,بوابة أخبار اليوم الإلكترونية,بوابة اخبار اليوم,,119,قالت دار الإفتاء المصرية ، ان الاحتيال والنصب يُعدُّ مخالفة لمقاصد الشرع الشريف؛ ذلك أن المحتال قد قصد إلى ما ينافي قصد الشارع فبطل عمله؛ لأن قصد المكلف ينبغي أن يكون موافقًا لقصد الشارع. وأضافت أن من ابتغى غير هذا فأولئك هم العادون؛ لأنه ناقض الشريعة، وكل من ناقضها كان عمله النقيض باطلًا. وأكدت أن تهكير الحسابات الإلكترونية بغير إذن أصحابها لتحقيق الكسب هو اعتداء على الخصوصية، وخصوصية الأشخاص سواء كانت مادية أو معنوية أو رقمية محترمة شرعًا وقانونًا. وقالت إن الشرع الشريف أمر باحترام خصوصية الآخرين ونهى عن إساءة الظن بهم، وشدد على ضرورة الامتناع عن تتبع أمورهم وأسرارهم وعيوبهم، حيث قال تعالى: ﴿يَاأَيُّهَا الَّذِينَ آمَنُوا اجْتَنِبُوا كَثِيرًا مِنَ الظَّنِّ إِنَّ بَعْضَ الظَّنِّ إِثْمٌ وَلَا تَجَسَّسُوا﴾ [الحجرات: 12].,2026-07-07T09:51:00.463506+00:00,
akhbarelyom,tier2,https://akhbarelyom.com/news/newdetails/4846462/1/-%D9%82%D9%86%D8%A7%D8%A9-%D9%85%D9%81%D8%AA%D9%88%D8%AD%D8%A9--%D8%A7%D9%84%D9%82%D9%86%D9%88%D8%A7%D8%AA-%D8%A7%D9%84%D9%86%D8%A7%D9%82%D9%84%D8%A9-%D9%84%D9%85%D8%A8%D8%A7%D8%B1%D8%A7%D8%A9-%D9%85%D8%B5,«قناة مفتوحة».. القنوات الناقلة لمباراة مصر والأرجنتين في كأس العالم 2026,akhbarelyom,2026-07-06 14:35:51+00:00,بوابة أخبار اليوم الإلكترونية,بوابة اخبار اليوم,,401,تترقب جماهير كرة القدم المصرية لمتابعة مباراة الأرجنتين المقرر لها مساء غد الثلاثاء الموافق 7 يوليو ضمن منافسات دور ال 16 لبطولة كأس العالم 2026 المقامة بالولايات المتحدة وكندا والمكسيك. وتبحث الجماهير المصرية عن القنوات الناقلة ل مباراة الأرجنتين وخاصة القنوات المفتوحة لمشاهدة للقاء. • القنوات الناقلة لمباراة مصر والأرجنتين تنقل شبكة بي إن سبورت كافة مباريات كأس العالم كما تقدم الشبكة استوديوهات تحليلية وبرامج خاصة لمتابعة المباريات وتغطية أبرز الأحداث أولاً بأول طوال فترة البطولة. ومن المقرر أن تذيع بي إن سبورت المباراة على القناة المفتوحة كما فعلت في مباريات مصر والمنتخبات العربية منذ انطلاق البطولة . • موعد مباراة مصر والأرجنتين تقام مباراة مصر والأرجنتين غد الثلاثاء الموافق 7 يوليو في تمام السابعة مساء على ملعب استاد أتلانتا. وتأهل منتخب مصر إلي دور ال16 للمرة الأولي في تاريخه عقب الفوز على أستراليا بركلات الترجيح بنتيجة 4-2 خلال المباراة التي أقيمت بينهما على ملعب ستاد دالاس ضمن منافسات دور ال 32. وانتهي الوقت الأصلي والإضافي للمباراة بالتعادل الإيجابي 1-1 ليلجأ الثنائي لركلات الترجيح التي حسمت التأهل للفراعنة . بينما تأهل منتخب الأرجنتين لدور ال 16 بعد الفوز على الرأس الأخضر بثلاثة أهداف مقابل هدفين في المباراة التي أقيمت بينهما على ستاد هارد روك وحسمها المنتخب الأرجنتيني في الأشواط الإضافية. ومن المقرر أن يواجه الفائز من مباراة مصر والأرجنتين نظيره الفائز من مباراة سويسرا وكولومبيا في دور ال 8 مشوار منتخب مصر في دور المجموعات: احتل منتخب مصر وصافة المجموعة السابعة برصيد 5 نقاط بفارق الأهداف عن بلجيكا المتصدر . وتأهل الفراعنة لدور ال 32 للمرة الأولى في تاريخه كما نجح أيضا في تحقيق فوزه الأول خلال مشاركته الرابعة بالمونديال. وعبر منتخب مصر دور المجموعات دون هزيمة بعد التعادل مع بلجيكا 1-1 ثم الفوز على نيوزيلندا 3-1 قبل التعادل مع إيران 1-1 في الجولة الأخيرة وسجل لاعبي الفراعنة 5 أهداف بينما سكنت شباكه هدفان. • قائمة منتخب مصر حراسة المرمي : محمد الشناوي - مصطفي شوبير - المهدي سليمان -محمد علاء الدفاع : محمد هاني - طارق علاء - حمدي فتحي - رامي ربيعة - ياسر إبراهيم - حسام عبد المجيد - محمد عبد المنعم - أحمد فتوح - كريم حافظ الوسط : مروان عطية - مهند لاشين - نبيل عماد دونجا - محمود صابر - أحمد سيد زيزو - إمام عاشور - مصطفى عبد الرؤوف زيكو - محمود تريزيجيه - إبراهيم عادل - هيثم حسن - محمد صلاح الهجوم : عمر مرموش - حمزة عبد الكريم. اقرأ أيضا| كأس العالم 2026.. تعرف على منتخب الأرجنتين منافس مصر في دور ال16,2026-07-07T09:51:00.626558+00:00,
akhbarelyom,tier2,https://akhbarelyom.com/news/newdetails/4846491/1/%D8%A7%D8%B3%D8%AA%D8%B4%D9%87%D8%A7%D8%AF-4-%D9%81%D9%84%D8%B3%D8%B7%D9%8A%D9%86%D9%8A%D9%8A%D9%86-%D9%81%D9%8A-%D9%82%D8%B5%D9%81-%D8%A5%D8%B3%D8%B1%D8%A7%D8%A6%D9%8A%D9%84%D9%8A-%D8%B9%D9%84%D9%89-,استشهاد 4 فلسطينيين في قصف إسرائيلي على غزة وخان يونس رغم سريان وقف إطلاق النار,akhbarelyom,2026-07-06 15:37:30+00:00,بوابة أخبار اليوم الإلكترونية,بوابة اخبار اليوم,,89,استشهد أربعة فلسطينيين وأُصيب عدد آخر صباح اليوم الاثنين جراء قصف طائرات الاحتلال الإسرائيلي في مدينة غزة وخان يونس جنوب القطاع. وأفادت وكالة وفا الفلسطينية نقلاً عن مصادر طبية باستشهاد مواطنين وإصابة آخرين في قصف طائرة حربية شقة سكنية في حي تل الهوا جنوب غرب مدينة غزة، فيما استشهد شهيدان آخران وأُصيب 15 مواطناً جراء قصف طائرة مسيّرة مركبةً في شارع الرشيد بمنطقة المواصي غرب خان يونس. وتشهد غزة توتراً متواصلاً رغم سريان اتفاق وقف إطلاق النار منذ العاشر من أكتوبر الماضي، حيث تتواصل الغارات الإسرائيلية المتفرقة على القطاع.,2026-07-07T09:51:00.712012+00:00,
akhbarelyom,tier2,https://akhbarelyom.com/news/newdetails/4846452/1/%D8%B6%D8%B1%D8%A8%D8%A9-%D8%B1%D9%82%D8%A7%D8%A8%D9%8A%D8%A9-%D8%AA%D8%AD%D9%85%D9%8A-%D8%B5%D8%AD%D8%A9-%D8%A3%D9%87%D8%A7%D9%84%D9%8A-%D8%AF%D9%85%D9%8A%D8%A7%D8%B7-%D8%A8%D8%A5%D8%BA%D9%84%D8%A7%D9%82-,ضربة رقابية تحمي صحة أهالي دمياط بإغلاق 15 منشأة طبية مخالفة,akhbarelyom,2026-07-06 14:25:15+00:00,بوابة أخبار اليوم الإلكترونية,بوابة اخبار اليوم,,287,بدأت مديرية الشؤون الصحية بدمياط مرحلة جديدة من إحكام الرقابة على القطاع الطبي الخاص بعد غلق 15 منشأة طبية مخالفة لشروط الترخيص والتشغيل في تحرك يستهدف حماية أرواح المواطنين ووقف أي ممارسات تهدد سلامة المرضى ورفع مستوى جودة الخدمات الصحية والتصدي للكيانات غير المرخصة بما يعزز الثقة في المنظومة الصحية ويؤكد أن صحة المواطن تأتي في مقدمة الأولويات اقرأ أيضا| محافظ دمياط يبحث مطالب وشكاوى أهالي الزرقا جاءت الحملة تحت رعاية الأستاذ الدكتور خالد عبد الغفار نائب رئيس مجلس الوزراء ووزير الصحة والسكان والأستاذ الدكتور حسام الدين فوزي محافظ دمياط وبتوجيهات الدكتور محمد عبد الخالق وكيل وزارة الصحة بدمياط ونفذتها إدارة العلاج الحر بقيادة الدكتورة سارة العوضي مدير الإدارة بمشاركة رؤساء وأعضاء أقسام العلاج الحر بالإدارات الصحية حيث استهدفت 60 منشأة طبية خاصة بمختلف أنحاء المحافظة وكشفت أعمال التفتيش عن تشغيل منشآت طبية بدون ترخيص قانوني واستخدام أجهزة ليزر طبية غير مرخصة والاستعانة بكوادر تمارس المهنة دون ترخيص مزاولة إلى جانب مخالفات تتعلق بعدم الالتزام بمنظومة النفايات الطبية الخطرة وهي مخالفات تمثل تهديدا مباشرا لصحة وسلامة المواطنين وتستوجب التدخل الحاسم حفاظا على الأمن الصحي داخل المجتمع وأكدت مديرية الشؤون الصحية اتخاذ جميع الإجراءات القانونية بحق المخالفين مع استمرار الحملات الرقابية بصورة مكثفة لرصد أي تجاوزات داخل المنشآت الطبية الخاصة كما تم معاينة 20 منشأة طبية جديدة للتأكد من استيفائها الاشتراطات الصحية وإجراءات الترخيص عبر منظومة تراخيص المنشآت الإلكترونية بما يضمن تقديم خدمات طبية آمنة وفق المعايير المعتمدة وتؤكد هذه الجهود أن الرقابة الصارمة على المنشآت الطبية تمثل أحد أهم ركائز حماية المجتمع من الممارسات غير القانونية وتوفر بيئة علاجية أكثر أمانا للمواطنين كما دعت المديرية المواطنين إلى التأكد من حصول أي منشأة طبية على التراخيص اللازمة قبل تلقي الخدمة والإبلاغ عن أي منشآت أو كيانات غير مرخصة دعما لجهود الدولة في الحفاظ على صحة وسلامة أبناء دمياط,2026-07-07T09:51:02.361283+00:00,
akhbarelyom,tier2,https://akhbarelyom.com/news/newdetails/4846492/1/%D8%AA%D8%B1%D8%A7%D9%85%D8%A8-%D8%B3%D8%AD%D9%82%D9%86%D8%A7-%D8%A5%D9%8A%D8%B1%D8%A7%D9%86-%D8%B9%D8%B3%D9%83%D8%B1%D9%8A%D8%A7%D9%8B-%D9%88%D9%84%D8%A7-%D9%86%D8%B3%D8%B9%D9%89-%D9%84%D8%AA%D8%BA%D9%8A%D9%8A,ترامب: سحقنا إيران عسكرياً ولا نسعى لتغيير نظامها,akhbarelyom,2026-07-06 15:37:32+00:00,بوابة أخبار اليوم الإلكترونية,بوابة اخبار اليوم,,194,"أعلن الرئيس الأمريكي دونالد ترامب في مؤتمر صحفي اليوم الاثنين أن واشنطن إما أن تتوصل إلى اتفاق مع إيران أو ""ستنهي المهمة""، غير أنه أوضح أن إيران تفضل التوصل إلى اتفاق وأنه لا يسعى إلى تغيير النظام الإيراني. وقال: ""لقد قضينا على الجيش الإيراني ولا يمكن لطهران أن تحصل على سلاح نووي، وبلدنا في وضع ممتاز ونحقق في إيران نتائج مماثلة لتلك التي حققناها في فنزويلا"". وأضاف ترامب أن بلاده ""سحقت"" إيران عسكرياً دون أن تحظى بالتغطية الإعلامية التي تستحقها، مؤكداً أن البحرية الأمريكية فرضت على إيران ""أعظم حصار شهده العالم ولم تتمكن سفينة واحدة من اختراقه""، ومشيراً إلى أن بلاده قادرة على تعطيل إمدادات الطاقة الإيرانية وتدمير محطاتها الكبرى. وأكد أن الولايات المتحدة حصلت على تنازلات من إيران وستحصل أيضاً على اليورانيوم الإيراني عالي التخصيب، مشدداً على أن بلاده لا تقدم أي أموال لإيران، ومستشهداً بانخفاض أسعار النفط عن مستواها قبل بدء الهجوم على إيران. وعلى صعيد الملف الأوكراني، أعلن ترامب أن نهاية الحرب في أوكرانيا ""باتت أقرب مما يتصوره الناس""، مشيراً إلى أنه سيتناول هذا الملف في محادثات تُعقد في تركيا هذا الأسبوع على هامش قمة حلف الناتو، ومؤكداً أن الرئيس الروسي بوتين يشعر بالضغط وأن الرئيسين الروسي والأوكراني يريدان إنهاء الحرب.",2026-07-07T09:51:02.127250+00:00,
akhbarelyom,tier2,https://akhbarelyom.com/news/newdetails/4846448/1/%D9%85%D9%87%D8%B1%D8%AC%D8%A7%D9%86-%D8%A7%D9%84%D8%AC%D9%88%D9%86%D8%A9-%D8%A7%D9%84%D8%B3%D9%8A%D9%86%D9%85%D8%A7%D8%A6%D9%8A-%D9%8A%D8%B9%D8%B2%D8%B2-%D9%85%D9%86%D8%B5%D8%A9-%D8%B3%D9%8A%D9%86%D9%8A-%D8%AC,مهرجان الجونة السينمائي يعزز منصة سيني جونة بقيادات جديدة وبرامج موسعة,akhbarelyom,2026-07-06 14:23:14+00:00,بوابة أخبار اليوم الإلكترونية,بوابة اخبار اليوم,,347,"يعلن مهرجان الجونة السينمائي عن مجموعة من التغييرات القيادية الجديدة في منصة سيني جونة، ذراع الصناعة للمهرجان، وذلك في إطار مواصلة تطوير برامجها وتعزيز دورها في دعم صناع الأفلام والمتخصصين في قطاع السينما والوسائط السمعية والبصرية في المنطقة والعالم. في إطار هذه التطورات يتولى رئاسة ملتقى سيني جونة السيناريست والمنتج المصري أحمد عامر، إلى جانب المنتجة البوسنية والمديرة السابقة لبرنامج سيني لينك في مهرجان سراييفو السينمائي أمرا بكشيتش جامو، التي تتولى منصب مسؤولة الاستراتيجيات الدولية بملتقى سيني جونة. بينما تتولى المنتجة المصرية نورا الخطيب إدارة سوق سيني جونة، بما يكرس دور منصة سيني جونة كمساحة للتعاون بين صناع السينما من مختلف أنحاء العالم. ويواصل الناقد والمبرمج المصري أحمد شوقي مهامه رئيسًا لبرنامج سيني جونة لدعم إنتاج الأفلام، حيث يشرف على المبادرات التمويلية التي تدعم المشروعات السينمائية الواعدة في مختلف مرحلتي التطوير وما بعد الإنتاج، وتدير البرنامج المنتجة المصرية أمينة علام. وتنتقل الكاتبة والسيناريست المصرية، مريم نعوم، من رئاسة ملتقى سيني جونة لتتولى قيادة أحدث برامج المنصة، سيني جونة مسلسلات، وهو برنامج جديد يركز على تطوير وتسويق مشاريع المسلسلات العربية، وتدير البرنامج المنتجة المصرية آية دوراة. وتستمر المنتجة حياة الجويلي في رئاسية سيني جونة للمواهب الناشئة. وبهذه المناسبة قال أندرو محسن، المدير الفني لمهرجان الجونة السينمائي: ""سعيد باكتمال فريق سيني جونة بالشكل الأمثل الذي يضم خبرات مصرية ودولية، شارك أغلبها في إدارة وإعداد مهرجانات كبرى من قبل. ووجودهم معًا ضمن الفريق بمثابة نقلة أكبر للمهرجان في هذه المرحلة، مما سيتيح لنا فرصًا جديدة لدعم صناعة السينما وفتح أبواب للتطوير والتعاون أمام المبدعين من المنطقة والعالم"". وأضاف عمرو منسي، المدير التنفيذي والشريك المؤسس لمهرجان الجونة السينمائي: ""مع الإقبال الجماهيري الذي شهدناه في السنة الماضية على فعاليات منصة سيني جونة، أصبح من الضروري التوسع في برامجنا لنواكب أيضًا التطور المستمر الذي يشهده قطاعي السينما والتلفزيون. ونحن متحمسون لما سيقدمه الفريق للمهرجان ولصناعة السينما في المنطقة بشكل عام"". وتمثل هذه التغييرات مرحلة جديدة في مسيرة منصة سيني جونة، التي تواصل تطوير برامجها، وتعزيز تعاونها الدولي، وخلق فرص جديدة لصناع الأفلام والمبدعين والعاملين في القطاع السينمائي. ويستند الفريق الجديد إلى الإرث الذي حققته المنصة خلال السنوات الماضية، مع تقديم رؤى وأفكار جديدة تواكب التحولات المتسارعة في صناعة السينما و المحتوى السمعي البصري.",2026-07-07T09:51:02.472139+00:00,
akhbarelyom,tier2,https://akhbarelyom.com/news/newdetails/4846381/1/%D8%A7%D9%84%D9%86%D9%8A%D8%A7%D8%A8%D8%A9-%D8%AA%D8%B9%D8%A7%D9%8A%D9%86-%D9%85%D9%88%D9%82%D8%B9-%D8%A7%D9%84%D8%B9%D9%82%D8%A7%D8%B1-%D8%A7%D9%84%D9%85%D9%86%D9%87%D8%A7%D8%B1-%D8%A8%D9%85%D9%86%D8%B7%D9%82%D8%A9,النيابة تعاين موقع العقار المنهار بمنطقة بحري بالإسكندرية وتباشر التحقيقات,akhbarelyom,2026-07-06 13:40:57+00:00,بوابة أخبار اليوم الإلكترونية,بوابة اخبار اليوم,,137,باشرت جهات التحقيق بالإسكندرية، اليوم، أعمال المعاينة لموقع العقار المنهار بشارع أبو وردة بمنطقة بحري التابعة لحي الجمرك، وذلك للوقوف على أسباب وملابسات الحادث واتخاذ الإجراءات القانونية اللازمة. وانتقل فريق من النيابة العامة إلى موقع العقار المنهار لإجراء المعاينة الميدانية، حيث تم فحص حالة المبنى والأضرار الناتجة عن الانهيار، والاستماع إلى أقوال عدد من شهود العيان والمسؤولين المعنيين، مع تكليف الجهات المختصة بإعداد التقارير الفنية والهندسية اللازمة لبيان أسباب الانهيار ومدى التزام العقار باشتراطات السلامة الإنشائية. وشهد موقع الحادث تواجدًا مكثفًا لقوات الحماية المدنية والإسعاف وقيادات حي الجمرك، حيث استمرت أعمال رفع الأنقاض والتأكد من عدم وجود أشخاص آخرين تحت الركام، فيما تم نقل المصاب الذي جرى استخراجه من أسفل الأنقاض إلى المستشفى لتلقي العلاج اللازم. وتواصل الأجهزة التنفيذية والأمنية بالإسكندرية متابعة تداعيات الحادث، فيما تواصل النيابة العامة تحقيقاتها لكشف كافة الملابسات وتحديد المسؤوليات القانونية المرتبطة بالواقعة.,2026-07-07T09:51:02.543356+00:00,
alahram,tier1,https://gate.ahram.org.eg/News/5746121.aspx,فرصة للشراء.. أسعار سبائك الذهب اليوم الإثنين بمصر بعد هبوط 109 جنيهات لعيار 24 - بوابة الأهرام,,2026-07-06 17:44:00+00:00,تراجعت أسعار سبائك الذهب اليوم الإثنين في مصر بشكل ملحوظ، بالتزامن مع انخفاض سعر جرام الذهب عيار 24 بنحو 109 جنيهات، ليسجل نحو 6651 جنيهًا، وهو ما انعكس مباشرة على أسعار جميع أوزان السبائك المتداولة في السوق المحلية,بوابة الأهرام,ar,288,"تراجعت أسعار سبائك الذهب اليوم الإثنين في مصر بشكل ملحوظ، بالتزامن مع انخفاض سعر جرام الذهب عيار 24 بنحو 109 جنيهات، ليسجل نحو 6651 جنيهًا، وهو ما انعكس مباشرة على أسعار جميع أوزان السبائك المتداولة في السوق المحلية. موضوعات مقترحة ويحرص المستثمرون والمدخرون على متابعة أسعار السبائك بشكل يومي، باعتبارها من أفضل وسائل الاستثمار في الذهب، خاصة أنها تُصنع من الذهب عيار 24 بنسبة نقاء تصل إلى 999.9، وتتميز بانخفاض تكلفة المصنعية مقارنة بالمشغولات الذهبية. أسعار سبائك الذهب اليوم الإثنين في مصر وجاءت أسعار سبائك الذهب اليوم وفقًا لسعر جرام الذهب عيار 24 على النحو التالي: - سبيكة 1 جرام: 6651 جنيهًا - سبيكة 2.5 جرام: 16627 جنيهًا - سبيكة 5 جرامات: 33255 جنيهًا - سبيكة 10 جرامات: 66510 جنيهات - سبيكة 20 جرامًا: 133020 جنيهًا - سبيكة 31.1 جرام (أونصة): 206846 جنيهًا - سبيكة 50 جرامًا: 332550 جنيهًا - سبيكة 100 جرام: 665100 جنيه - سبيكة 250 جرامًا (ربع كيلو): 1,662,750 جنيهًا - سبيكة 500 جرام (نصف كيلو): 3,325,500 جنيه - سبيكة 1 كيلو: 6,651,000 جنيه أسباب تراجع أسعار السبائك جاء انخفاض أسعار السبائك بعد الهبوط القوي الذي سجله الذهب في السوق المحلية، حيث تراجع سعر جرام الذهب عيار 24 بنحو 109 جنيهات خلال تعاملات اليوم، متأثرًا بتحركات أسعار الذهب عالميًا، إلى جانب التغيرات في سعر صرف الدولار والعرض والطلب داخل السوق المصرية. لماذا يفضل المستثمرون شراء السبائك؟ تُعد السبائك الذهبية الخيار الأول للراغبين في الاستثمار والادخار، نظرًا لانخفاض قيمة المصنعية مقارنة بالمشغولات الذهبية، فضلًا عن سهولة إعادة بيعها، مع توافرها بأوزان متعددة تناسب مختلف الفئات، بداية من جرام واحد وحتى الكيلو الكامل. وينصح المتعاملون في سوق الذهب بمتابعة حركة الأسعار بشكل مستمر قبل اتخاذ قرار الشراء أو البيع، في ظل التقلبات التي تشهدها الأسواق العالمية والمحلية، والتي تؤثر بصورة مباشرة على أسعار الذهب والسبائك في مصر.",2026-07-07T09:51:02.922451+00:00,
alahram,tier1,https://gate.ahram.org.eg/News/5746068.aspx,غدًا.. انطلاق فعاليات المهرجان القومي للمسرح المصري بمدينة المنصورة ضمن الدورة ال19 - بوابة الأهرام,,2026-07-06 15:18:00+00:00,تنطلق غدًا الثلاثاء فعاليات المهرجان القومي للمسرح المصري بمدينة المنصورة، برئاسة الفنان محمد رياض، ضمن أنشطة الدورة التاسعة عشرة، في إطار,بوابة الأهرام,ar,271,تنطلق غدًا الثلاثاء فعاليات المهرجان القومي للمسرح المصري بمدينة المنصورة، برئاسة الفنان محمد رياض، ضمن أنشطة الدورة التاسعة عشرة، في إطار استراتيجية المهرجان للانتشار بالمحافظات، وبرعاية الدكتورة جيهان زكي وزيرة الثقافة، وبالتعاون مع اللواء طارق مرزوق محافظ الدقهلية. موضوعات مقترحة وتشهد المنصورة على مدار أيام الفعاليات برنامجًا فنيًا وثقافيًا متكاملًا، يضم 10 ورش مسرحية متخصصة في التمثيل، والإخراج، والكتابة المسرحية، والسينوغرافيا، والأزياء، والإلقاء، إلى جانب ورش مخصصة للأطفال، يقدمها نخبة من كبار الفنانين والأكاديميين. كما تتضمن الفعاليات ندوات فكرية ولقاءات «ماستر كلاس» مع عدد من نجوم المسرح والدراما، من بينهم النجمة الكبيرة سهير المرشدي، والفنان سامح الصريطي، والفنان أحمد وفيق، والكاتب والسيناريست وليد يوسف، بهدف نقل الخبرات إلى شباب المسرحيين وفتح حوار مباشر معهم. وفي إطار اهتمام المهرجان بتحقيق العدالة الثقافية، يشهد البرنامج فعاليات خاصة لدمج الأشخاص ذوي الإعاقة، تتضمن ندوات توعوية وورشًا فنية وتفاعلية، بالتعاون مع المجلس القومي للأشخاص ذوي الإعاقة، تأكيدًا على حق الجميع في المشاركة الثقافية والفنية. وتحتضن المنصورة أيضًا عددًا من العروض المسرحية المتميزة، من بينها عرض «حواديت» للمخرج خالد جلال، وعرض «مائة وثلاثون قطعة» للمخرج محمد فرج، إلى جانب عرض «فتاة المترو»، كما يشهد البرنامج حفلات موسيقية يقدمها كورال جوانا. وتتضمن الفعاليات تكريم عدد من رموز الفن والإبداع، في مقدمتهم الكاتب والسيناريست وليد يوسف، والفنان أحمد وفيق، والفنان صبري ناصف، تقديرًا لمسيرتهما وإسهاماتهما في الحركة المسرحية والفنية. وأكد الفنان محمد رياض، رئيس المهرجان القومي للمسرح المصري، أن إقامة فعاليات الدورة التاسعة عشرة بمدينة المنصورة تمثل محطة مهمة في مشروع المهرجان للوصول إلى الجمهور في مختلف المحافظات، مشيرًا إلى أن البرنامج أُعد ليقدم تجربة ثقافية متكاملة تجمع بين التدريب والعروض والندوات والتكريمات، بما يعكس رؤية وزارة الثقافة في نشر الفنون وتحقيق العدالة الثقافية في جميع أنحاء الجمهورية.,2026-07-07T09:51:03.808390+00:00,
alahram,tier1,https://gate.ahram.org.eg/News/5745831.aspx,ضربة لتجار السلاح.. الداخلية تتحفظ على أموال متهم بغسل 130 مليون جنيه - بوابة الأهرام,,2026-07-06 10:50:00+00:00,اتخذت الإدارة العامة لمكافحة الأسلحة والذخائر غير المرخصة بقطاع مكافحة المخدرات والأسلحة والذخائر غير المرخصة، بالتنسيق مع الجهات المعنية، الإجراءات القانونية بحق أحد العناصر الجنائية لاتهامه بغسل نحو 130 مليون جنيه، متحصلة من نشاطه في الاتجار بالأسلحة النارية والذخ,بوابة الأهرام,ar,90,اتخذت الإدارة العامة لمكافحة الأسلحة والذخائر غير المرخصة بقطاع مكافحة المخدرات والأسلحة والذخائر غير المرخصة، بالتنسيق مع الجهات المعنية، الإجراءات القانونية بحق أحد العناصر الجنائية لاتهامه بغسل نحو 130 مليون جنيه، متحصلة من نشاطه في الاتجار بالأسلحة النارية والذخائر غير المرخصة. موضوعات مقترحة كشفت التحريات أن المتهم سعى إلى إخفاء مصدر الأموال غير المشروعة وإضفاء صفة قانونية عليها، من خلال تأسيس أنشطة تجارية، وشراء عقارات وأراضٍ وسيارات. قدرت الجهات المختصة قيمة عمليات غسل الأموال بنحو 130 مليون جنيه، فيما تم اتخاذ الإجراءات القانونية اللازمة حيال الواقعة، وتولت النيابة العامة التحقيق.,2026-07-07T09:51:04.681214+00:00,
alahram,tier1,https://gate.ahram.org.eg/News/5745868.aspx,ضبط طن مخدرات ب 114 مليون جنيه ومصرع عنصر خطر بأسيوط| صور - بوابة الأهرام,,2026-07-06 11:36:00+00:00,واصل قطاع الأمن العام تحت إشراف اللواء محمود أبو عمرة مساعد وزير الداخلية، بالإشتراك مع قطاع مكافحة المخدرات والأسلحة والذخائر غير المرخصة بالتنسيق مع أجهزة الوزارة المعنية توجيه ضرباتها الحاسمة ضد البؤر الإجرامية المتورطة في جلب وترويج المواد المخدرة والأسلحة غير ا,بوابة الأهرام,ar,15,ضبط طن مخدرات ب 114 مليون جنيه ومصرع عنصر خطر بأسيوط| صور - بوابة الأهرام,2026-07-07T09:51:05.669049+00:00,
alahram,tier1,https://gate.ahram.org.eg/News/5745778.aspx,2.6 مليار جنيه لدعم الشبكة القومية الموحدة للكهرباء | صور - بوابة الأهرام,,2026-07-06 10:25:00+00:00,وقعت الشركة المصرية لنقل الكهرباء اليوم الإثنين عقدًا جديدًا لإنشاء خط جهد 500 كيلوفولت لتعزيزًا لاستيعاب قدرات طاقة الرياح، ودعم الشبكة القومية الموحدة للكهرباء بقيمة 26 مليار جنيه,بوابة الأهرام,ar,361,وقعت الشركة المصرية لنقل الكهرباء اليوم الإثنين عقدًا جديدًا لإنشاء خط جهد 500 كيلوفولت لتعزيزًا لاستيعاب قدرات طاقة الرياح، ودعم الشبكة القومية الموحدة للكهرباء بقيمة 2.6 مليار جنيه. موضوعات مقترحة وقعت العقد المهندسة منى رزق رئيس مجلس إدارة الشركة المصرية لنقل الكهرباء، والمهندس محمد سعيد المدير التنفيذي لشركة مدكور. وقالت منى رزق إن العقد الجديد يأتى في إطار الاهتمام الكبير الذي توليه القيادة السياسية بالتوسع في مشروعات الطاقة الجديدة والمتجددة وتعزيز مكانة مصر كمركز إقليمي للطاقة وتنفيذًا لتوجيهات ومتابعة الدكتور محمود عصمت وزير الكهرباء والطاقة المتجددة لتعزيز كفاءة واستقرار الشبكة القومية الموحدة. وأكدت المهندسة منى رزق أن الشركة المصرية لنقل الكهرباء تواصل تنفيذ خططها الطموح لتطوير وتدعيم شبكة النقل وفقًا لتوجيهات ومتابعة الدكتور محمود عصمت وزير الكهرباء والطاقة المتجددة بما يضمن استيعاب القدرات المتزايدة من مشروعات الطاقة الجديدة والمتجددة وتأمين التغذية الكهربائية وتحقيق أعلى معدلات الكفاءة والاعتمادية للشبكة القومية الموحدة ودعم جهود الدولة في التحول نحو الطاقة النظيفة والتنمية المستدامة. وقالت: إن المشروع يستهدف دعم الشبكة القومية الموحدة من خلال تفريغ القدرات الكهربائية المولدة من مشروعات طاقة الرياح بمنطقة خليج السويس على جهد 500 كيلوفولت بما يسهم في استيعاب القدرات الجديدة وتحقيق أعلى مستويات الكفاءة والاعتمادية للشبكة في إطار استراتيجية الدولة للتوسع في مشروعات الطاقة النظيفة وتحقيق رؤية مصر 2030. من جانبة قال الدكتور مصطفى مدكور رئيس مجموعة مدكور إن العقد التابع لمنطقة كهرباء القناة يتضمن اللوط رقم 7 إنشاء الخط الهوائي المزدوج الدائرة الرباعي جهد 500 كيلوفولت بداية من نهاية اللوط رقم 6 في اتجاه محطة محولات الحوامدية بطول يبلغ نحو 68 كيلومترًا باستخدام موصلات من النوع AAAC قطاع 4×506 مم² والسلك الأرضي المزود بالألياف الضوئية OPGW والسلك الأرضي طراز AACSR قطاع 94.1 مم² بنظام تسليم مفتاح. واشار إلى أنه من المقرر تنفيذ المشروع خلال 12 شهرًا من تاريخ توقيع العقد. حضر التوقيع المهندس أحمد فتحي رئيس قطاعات المشروعات المركزية والمهندسة زينب قمر رئيس قطاع المشروعات المركزية للجهد الفائق من الشركة المصرية لنقل الكهرباء والمهندس احمد الإبراشي استشاري قطاع الطاقة والمهندس عطية رضوان مدير مشروعات خطوط الضغط العالي بشركة مدكور. المهندسة منى رزق توقع عقد جديد لدعم الشبكة القومية للكهرباء المهندسة منى رزق توقع عقد جديد لدعم الشبكة القومية للكهرباء المهندسة منى رزق توقع عقد جديد لدعم الشبكة القومية للكهرباء المهندسة منى رزق توقع عقد جديد لدعم الشبكة القومية للكهرباء,2026-07-07T09:51:06.111196+00:00,
alahram,tier1,https://gate.ahram.org.eg/News/5746219.aspx,بقيمة 2.4 مليون جنيه.. بدء توصيل المياه لأهالي قرية الجزائر غرب الإسكندرية - بوابة الأهرام,,2026-07-06 20:15:00+00:00,أعلن المهندس السيد ريان، رئيس مجلس إدارة شركة مياه الشرب بالإسكندرية، بدء تنفيذ أعمال المرحلتين الثالثة والرابعة من مشروع تطوير قرية الجزائر، بإجمالي تكلفة بلغت مليونين و400 ألف جنيه، بتمويل من تبرعات مؤسسات المجتمع المدني، وذلك في إطار جهود الشركة لتعزيز التعاون مع,بوابة الأهرام,ar,252,أعلن المهندس السيد ريان، رئيس مجلس إدارة شركة مياه الشرب بالإسكندرية، بدء تنفيذ أعمال المرحلتين الثالثة والرابعة من مشروع تطوير قرية الجزائر، بإجمالي تكلفة بلغت مليونين و400 ألف جنيه، بتمويل من تبرعات مؤسسات المجتمع المدني، وذلك في إطار جهود الشركة لتعزيز التعاون مع الجهات الأهلية واستكمال دورها المجتمعي في دعم الأسر الأولى بالرعاية. موضوعات مقترحة وأوضح ريان أن المشروع يأتي ضمن استراتيجية الشركة الهادفة إلى توسيع مظلة الخدمات الأساسية وتحسين جودة خدمات مياه الشرب بالمناطق الأكثر احتياجًا، بما يسهم في رفع مستوى المعيشة وتحقيق التنمية المجتمعية المستدامة. بروتوكولات تعاون لخدمة أهالي القرى وأكد رئيس مجلس إدارة شركة مياه الشرب بالإسكندرية أن الشركة وقّعت عددًا من بروتوكولات التعاون المشتركة مع مؤسسات المجتمع المدني، بهدف دعم جهودها في توصيل خدمات مياه الشرب للمواطنين من أهالي القرى، بما يعزز من قدرة الشركة على الوصول إلى الفئات المستحقة وتخفيف الأعباء عنها. وأشار إلى أن الشراكة مع الجمعيات تمثل نموذجًا ناجحًا للتكامل بين مؤسسات الدولة والمجتمع المدني، بما يحقق مردودًا مباشرًا على حياة المواطنين ويضمن وصول الخدمات الأساسية إلى مستحقيها. المسؤولية المجتمعية على رأس الأولويات وأضاف ريان أن شركة مياه الشرب بالإسكندرية تضع ملف المسؤولية المجتمعية على رأس أولوياتها، وتعمل بصورة مستمرة على بناء شراكات فعالة مع مؤسسات المجتمع المدني، انطلاقًا من إيمانها بأهمية تكامل الأدوار بين مختلف الجهات لتحقيق أهداف التنمية المستدامة، وتوفير خدمات مياه الشرب للفئات الأكثر احتياجًا. وأشاد بالدور الوطني والإنساني الذي تضطلع به الجمعيات والمؤسسات الأهلية في مساندة جهود الدولة، مؤكدًا أن مساهماتها تمثل ركيزة أساسية في تحسين جودة الحياة للمواطنين، ودعم خطط التنمية، وترسيخ مفهوم المشاركة المجتمعية في تنفيذ المشروعات الخدمية والتنموية.,2026-07-07T09:51:05.247747+00:00,
alahram,tier1,https://gate.ahram.org.eg/News/5725772.aspx,مراحل تطور خدمات الصرف الصحي في قرى الريف المصري ضمن مبادرة &quot;حياة كريمة&quot; | فيديو - بوابة الأهرام,,2026-07-06 10:49:00+00:00,نشر المركز الإعلامي لمجلس الوزراء فيديو عبر منصاته على مواقع التواصل الاجتماعي، يستعرض من خلاله مراحل تطور خدمات الصرف الصحي في قرى الريف المصري ضمن المبادرة الرئاسية حياة كريمة ، وذلك في إطار تسليط الضوء على جهود الدولة لتطوير البنية الأساسية، والارتقاء بمستوى الخ,بوابة الأهرام,ar,496,"نشر المركز الإعلامي لمجلس الوزراء فيديو عبر منصاته على مواقع التواصل الاجتماعي، يستعرض من خلاله مراحل تطور خدمات الصرف الصحي في قرى الريف المصري ضمن المبادرة الرئاسية ""حياة كريمة""، وذلك في إطار تسليط الضوء على جهود الدولة لتطوير البنية الأساسية، والارتقاء بمستوى الخدمات المقدمة للمواطنين، وتحسين جودة الحياة في القرى الأكثر احتياجًا. موضوعات مقترحة ويبرز الفيديو حجم التحول الذي شهده قطاع الصرف الصحي، من واقع عانت فيه ملايين الأسر، خاصة في الريف المصري، من ضعف الخدمات وتداعياتها الصحية والبيئية، إلى تنفيذ مشروعات قومية واسعة النطاق أسهمت في تحسين مستوى الخدمة، والتوسع في تغطية القرى، بما يعكس حجم ما تحقق من إنجازات خلال السنوات الماضية. واستعرض الفيديو الأوضاع التي كانت عليها خدمات الصرف الصحي قبل عام 2014، حيث ظلت حياة ملايين المواطنين في الريف المصري لسنوات طويلة مرتبطة بمعاناة يومية، في ظل انتشار مياه الصرف بالشوارع والترع والمنازل، بما تسبب في تلوث التربة والمياه الجوفية، فضلًا عن انتشار العديد من الأمراض التي أثرت على حياة المواطنين. وأوضح الفيديو أن نسبة تغطية الصرف الصحي بالقرى بلغت نحو 12% فقط عام 2014، وهو ما يعني اعتماد قطاع كبير من المواطنين على الخزانات التقليدية للتخلص من مياه الصرف، بما فرض ظروفًا غير صحية على ملايين الأسر. كما أشار الفيديو إلى أن نحو 50 مليون مواطن كانوا يعانون من طفح مياه الصرف في الشوارع، وفقًا للبنك الدولي، مؤكدًا أن حجم هذا التحدي استلزم تدخلًا شاملًا لتغيير الواقع، والانطلاق في تنفيذ مشروعات كبرى لتطوير خدمات الصرف الصحي. ورصد الفيديو بداية تنفيذ الدولة لعدد من البرامج والمبادرات، وفي مقدمتها برنامج ""سكن كريم"" عام 2018، ثم المبادرة الرئاسية ""حياة كريمة"" عام 2019، والتي شهدت إطلاق أكبر عملية لتطوير الريف المصري في تاريخه، بعدما استهدفت تحسين مستوى معيشة نحو 60 مليون مواطن في الريف المصري، واضعة ملف الصرف الصحي على رأس أولوياتها. وأوضح الفيديو أن هذه الجهود أسهمت في رفع نسبة تغطية الصرف الصحي بالقرى إلى 60% عام 2026، مقارنة بنحو 12% عام 2014، كما استفاد 7 ملايين مواطن من تنفيذ 1.4 مليون وصلة صرف صحي منزلية من إجمالي 1.5 مليون وصلة، بتكلفة بلغت 9.8 مليارات جنيه. وأضاف الفيديو أنه تم كذلك تنفيذ 22 محطة معالجة من إجمالي 91 محطة، بما أسهم في حماية مياه نهر النيل، ودعم قطاع الزراعة من خلال التوسع في استخدام المياه المعالجة. كما استعرض الفيديو مستهدفات المرحلة الثانية من المبادرة الرئاسية ""حياة كريمة""، والتي تشمل رفع نسبة تغطية الصرف الصحي بالقرى إلى 71%، إلى جانب تنفيذ 1.8 مليون وصلة صرف صحي منزلية بتكلفة 13.8 مليار جنيه، يستفيد منها 12.6 مليون مواطن. وأشار الفيديو إلى أن المرحلة الثانية من المبادرة تستهدف أيضًا تنفيذ 65 محطة معالجة بطاقة 868.5 مليون م3 يوميًا، وبتكلفة 30.4 مليار جنيه، لافتًا إلى أنه من المتوقع، مع استكمال المرحلة الثالثة من المبادرة، وصول نسبة تغطية الصرف الصحي في قرى مصر إلى 80%. واختتم الفيديو بالإشارة إلى أن ما تحقق في هذا القطاع حظي بإشادة دولية من منظمة اليونيسف، ولا سيما فيما يتعلق بالتحسن الملحوظ في وصول خدمات المياه والصرف الصحي إلى المواطنين، نتيجة ما تم تنفيذه من برامج ومشروعات على مدار السنوات العشر الماضية. مراحل تطور خدمات الصرف الصحي في قرى الريف المصري ضمن مبادرة حياة كريمة",2026-07-07T09:51:05.940775+00:00,
alahram,tier1,https://gate.ahram.org.eg/News/5746106.aspx,وزيرة الثقافة تبحث مع&quot;يونيك مصر&quot; إطلاق أكاديمية لتأهيل الكوادر الثقافية بالمحافظات - بوابة الأهرام,,2026-07-06 16:55:00+00:00,استقبلت الدكتورة جيهان زكي، وزيرة الثقافة، اليوم، وفداً من اتحاد المعاهد الثقافية الأوروبية في مصر (يونيك مصر)، ضم كلاً من إيزابيلا بوماريتو مديرة المشاريع، ورامي الدسوقي المدير المالي والإداري، وريم فؤاد مديرة التواصل، وذلك بمقر الوزارة بالعاصمة الجديدة,بوابة الأهرام,ar,273,"استقبلت الدكتورة جيهان زكي، وزيرة الثقافة، اليوم، وفداً من اتحاد المعاهد الثقافية الأوروبية في مصر (يونيك مصر)، ضم كلاً من: إيزابيلا بوماريتو مديرة المشاريع، ورامي الدسوقي المدير المالي والإداري، وريم فؤاد مديرة التواصل، وذلك بمقر الوزارة بالعاصمة الجديدة. موضوعات مقترحة ​وأشاد وفد “يونيك مصر” برؤية وزيرة الثقافة الملهمة لتطوير المشهد الثقافي المصري، وتعزيز الدبلوماسية الثقافية، بما يرسخ مكانة مصر الثقافية على المستويين الإقليمي والدولي. ​تناول اللقاء سبل تعزيز التعاون الثقافي بين وزارة الثقافة و""يونيك مصر""، إلى جانب مناقشة عدد من المبادرات والمشروعات المشتركة المقرر تنفيذها خلال الفترة المقبلة، بما يسهم في دعم القطاع الثقافي والإبداعي في مصر، وتعزيز تبادل الخبرات والمعرفة. ​وخلال الاجتماع، عرض وفد ""يونيك مصر"" مقترح إطلاق برنامج تجريبي لبناء القدرات تحت عنوان «أكاديمية يونيك»، بالتعاون مع وزارة الثقافة؛ بهدف توفير فرص تدريب متخصص في مجال الإدارة الثقافية والفنية، مع التركيز على إشراك متدربين من عدة محافظات خارج القاهرة، بما يعزز العدالة الثقافية ويوسع فرص الوصول إلى برامج التطوير المهني. ​وسيوفر البرنامج نخبة من الخبراء والمدربين المتخصصين لتقديم الإرشاد والتوجيه للمشاركين أثناء تطوير مشروعاتهم الثقافية، كما سيتضمن تقديم منح لعدد من المشروعات المتميزة؛ بهدف دعم تنفيذها على أرض الواقع وتعزيز أثرها المجتمعي. ​وأكد الجانبان أهمية الاستثمار في تنمية الكفاءات الثقافية ودعم الأجيال الجديدة من مديري المشاريع والعاملين في القطاع الثقافي، بما يسهم في تعزيز التنمية الثقافية المستدامة، وتوسيع فرص الوصول إلى البرامج الثقافية في مختلف المحافظات. ​كما ناقش الطرفان تجديد مذكرة التفاهم بين وزارة الثقافة و”يونيك مصر”، واستكشاف فرص جديدة للتعاون والشراكة في عدد من المجالات الثقافية والفنية ذات الاهتمام المشترك خلال المرحلة المقبلة. ​واختُتم اللقاء بالتأكيد على أهمية مواصلة الحوار والتنسيق المشترك؛ من أجل تطوير مبادرات ثقافية مبتكرة تدعم المشهد الثقافي المصري، وتعزز التعاون الثقافي بين مصر وشبكة “يونيك” الثقافية.",2026-07-07T09:51:06.414554+00:00,
alahram,tier1,https://gate.ahram.org.eg/News/5745960.aspx,الإسماعيلي يوافق على بيع المدافع محمد نصر للبنك الأهلي مقابل 10 ملايين جنيه - بوابة الأهرام,,2026-07-06 13:09:00+00:00,وافقت اللجنة المؤقتة للإسماعيلي، على بيع محمد نصر مدافع الفريق الأول لكرة القدم للبنك الأهلي نظير 10 ملايين جنيه، وتنازل اللاعب عن كامل مستحقاته لدى النادي,بوابة الأهرام,ar,138,وافقت اللجنة المؤقتة للإسماعيلي، على بيع محمد نصر مدافع الفريق الأول لكرة القدم للبنك الأهلي نظير 10 ملايين جنيه، وتنازل اللاعب عن كامل مستحقاته لدى النادي موضوعات مقترحة وكان محمد رائف رئيس اللجنة المؤقتة للإسماعيلي وزملاؤه المهندس وليد فؤاد أمين الصندوق والمقدم مصطفى أميرو العضو، وافقوا بالإجماع على بيع المدافع محمد نصر للبنك الأهلي مقابل عشرة ملايين جنيه والتنازل عن كامل مستحقاته لدى النادي وذلك بعد مفاوضات دامت شهرين كللت بالنجاح عقب الحصول على الضوء الأخضر من قبل مدربه خالد القماش تجدر الإشارة إلى أن اللجنة المؤقتة للإسماعيلي سبق واستغنت عن المهاجم الفلسطيني خالد النبريص مقابل التنازل عن حقوقه المادية لعدم قناعتهم استمراره بالنادي لصعوبة تدبير مستحقاته بالدولار ولم تجدد عقود الحارس أحمد عادل عبد المنعم ومروان حمدي ومحمد وجدي ومحمد عبد السميع ومحمد إيهاب والإريتري إيريك تراوري وعمر سعيد وبشار أشرف وتركتهم يرحلوا بالمجان لأسباب فنية ومالية,2026-07-07T09:51:06.895689+00:00,
alahram,tier1,https://gate.ahram.org.eg/News/5745850.aspx,مكتبة الإسكندرية تستضيف ندوة &quot;امرأة من صعيد مصر تصنع التاريخ&quot; - بوابة الأهرام,,2026-07-06 11:26:00+00:00,تستضيف مكتبة الإسكندرية، ضمن فعاليات معرض مكتبة الإسكندرية الدولي للكتاب، يوم الخميس الموافق 9 يوليو، ندوة بعنوان امرأة من صعيد مصر تصنع التاريخ ، تتناول المسيرة الوطنية والإنسانية الحافلة بالعطاء والإنجاز للسفيرة مرفت تلاوي، إحدى أبرز الرموز الوطنية المصرية في الع,بوابة الأهرام,ar,241,تستضيف مكتبة الإسكندرية، ضمن فعاليات معرض مكتبة الإسكندرية الدولي للكتاب، يوم الخميس الموافق 9 يوليو، ندوة بعنوان “امرأة من صعيد مصر تصنع التاريخ”، تتناول المسيرة الوطنية والإنسانية الحافلة بالعطاء والإنجاز للسفيرة مرفت تلاوي، إحدى أبرز الرموز الوطنية المصرية في العمل الدبلوماسي والسياسي والدولي. موضوعات مقترحة يشارك في الندوة نخبة من الشخصيات العامة، تضم: المستشارة أمل عمار، رئيس المجلس القومي للمرأة، والأستاذ الدكتور حسن سند، عميد كلية الحقوق بجامعة المنيا، والمهندسة نادية عبده، محافظ البحيرة الأسبق، والمهندسة سامية مصطفى، رئيس نادي روتاري سموحة الرياضي. وتدير الندوة الكاتبة والإعلامية نشوى الحوفي، التي تفتح حوارًا حول المحطات البارزة في مسيرة السفيرة مرفت تلاوي، ودورها في دعم قضايا المرأة المصرية، وإسهاماتها في العمل الوطني والإقليمي والدولي، باعتبارها نموذجًا ملهمًا لامرأة انطلقت من صعيد مصر لتتبوأ أرفع المناصب وتترك أثرًا ممتدًا في خدمة الوطن. تتناول الندوة رحلة السفيرة مرفت تلاوي، منذ نشأتها في صعيد مصر، مرورًا بمسيرتها الدبلوماسية والسياسية، وصولًا إلى إسهاماتها البارزة في الدفاع عن حقوق المرأة وتمكينها، وتعزيز دورها في المجتمع، بما يجعل تجربتها واحدة من أبرز قصص النجاح النسائية في مصر. تأتي هذه الندوة في إطار البرنامج الثقافي المصاحب لمعرض مكتبة الإسكندرية الدولي للكتاب، الذي يواصل تقديم فعاليات فكرية وثقافية تستضيف القامات الوطنية والشخصيات المؤثرة، بما يسهم في توثيق تجاربها وإثراء الحوار العام. ومن المتوقع أن تشهد الندوة حضورًا واسعًا من المثقفين والباحثين والإعلاميين ورواد معرض الكتاب، في لقاء يحتفي بمسيرة إحدى أبرز الشخصيات النسائية المصرية، ويؤكد أهمية إبراز النماذج الوطنية الملهمة التي أسهمت في خدمة مصر وترسيخ مكانتها على المستويين الإقليمي والدولي.,2026-07-07T09:51:07.756215+00:00,
alahram,tier1,https://gate.ahram.org.eg/News/5746012.aspx,حكيم: الحمد لله.. &#171;نص ملعب قلبي&#187; حققت نجاحًا كبيرًا وارتبطت بفرحة المصريين - بوابة الأهرام,,2026-07-06 14:59:00+00:00,أعرب النجم الكبير حكيم عن سعادته الكبيرة بالنجاح الذي حققته أحدث أغنياته نص ملعب قلبي ، والتي حظيت بردود أفعال واسعة منذ طرحها، بعدما تصدرت قوائم الترند وتفاعلت معها الجماهير بشكل لافت، بالتزامن مع انتصارات منتخب مصر في بطولة كأس العالم، لتتحول إلى واحدة من الأغنيا,بوابة الأهرام,ar,296,"أعرب النجم الكبير حكيم عن سعادته الكبيرة بالنجاح الذي حققته أحدث أغنياته ""نص ملعب قلبي""، التي حظيت بردود أفعال واسعة منذ طرحها، بعدما تصدرت قوائم الترند وتفاعلت معها الجماهير بشكل لافت، بالتزامن مع انتصارات منتخب مصر في بطولة كأس العالم، لتتحول إلى واحدة من الأغنيات الأكثر تداولًا خلال الفترة الأخيرة. موضوعات مقترحة وقال حكيم في تصريحات له: ""الحمد لله.. الأغنية حلوة ووشها حلو على المنتخب""، معربًا عن أمنياته باستمرار انتصارات الفراعنة، ومؤكدًا أن ارتباط الأغنية بأجواء الفرحة التي يعيشها الجمهور المصري ضاعف من نجاحها ومنحها مكانة خاصة لدى عشاق كرة القدم والموسيقى على حد سواء. وأوضح نجم الأغنية الشعبية حكيم أن فكرة الأغنية جاءت مختلفة، إذ تعتمد على عدد من المصطلحات والمفردات المستوحاة من عالم كرة القدم، لكنها تقدم في قالب غنائي إيقاعي عصري يجمع بين البساطة والابتكار، وهو ما ساهم في وصولها إلى مختلف الفئات العمرية، وجعلها حاضرة بقوة في الاحتفالات والتجمعات الجماهيرية. وأضاف أن النجاح الحقيقي لأي عمل فني يقاس بمدى وصوله إلى الناس وقدرته على ملامسة مشاعرهم، معربًا عن امتنانه للجمهور على الدعم الكبير الذي حظيت به الأغنية منذ اللحظات الأولى لطرحها، ومؤكدًا أن هذا التفاعل يمثل دافعًا قويًا لتقديم المزيد من الأعمال التي تواكب نبض الشارع وتلامس وجدان الجمهور. واختتم حكيم تصريحاته بالتأكيد على أن الموسيقى والرياضة يجمعهما هدف واحد، وهو نشر الطاقة الإيجابية وصناعة لحظات الفرح، معربًا عن أمله في أن تواصل أغنية ""نص ملعب قلبي"" رحلتها الناجحة، بالتزامن مع استمرار مشوار منتخب مصر وتحقيق المزيد من الإنجازات. نص ملعب قلبي من كلمات حازم إكس، وألحان كريم الصباغ، وتوزيع فلسطيني، وتحمل الأغنية طابعًا خاصًا ومختلفًا . ويواصل نجم الأغنية الشعبية حكيم من خلال ""نص ملعب"" رهانه على التجديد وتقديم أفكار موسيقية مبتكرة، مستفيدًا من خبرته الطويلة ومسيرته الحافلة بالنجاحات، والتي جعلته واحدًا من أبرز نجوم الغناء الشعبي في الوطن العربي، وصاحب بصمة فنية خاصة نجحت في الوصول إلى مختلف الأجيال. حكيم",2026-07-07T09:51:08.003642+00:00,
alahram,tier1,https://gate.ahram.org.eg/News/5745950.aspx,إقبال جماهيري كبير في أول ليالي &#171;فتاة المترو&#187; بمسرح نهاد صليحة - بوابة الأهرام,,2026-07-06 13:01:00+00:00,شهد العرض الأول لمسرحية فتاة المترو على مسرح نهاد صليحة بأكاديمية الفنون، ضمن فعاليات الدورة التاسعة عشرة للمهرجان القومي للمسرح المصري برئاسة الفنان محمد رياض، حضورًا جماهيريًا كبيرًا، وسط تفاعل لافت من الفنانين والنقاد ومحبي المسرح,بوابة الأهرام,ar,262,شهد العرض الأول لمسرحية «فتاة المترو» على مسرح نهاد صليحة بأكاديمية الفنون، ضمن فعاليات الدورة التاسعة عشرة للمهرجان القومي للمسرح المصري برئاسة الفنان محمد رياض، حضورًا جماهيريًا كبيرًا، وسط تفاعل لافت من الفنانين والنقاد ومحبي المسرح. موضوعات مقترحة وحظي العرض بحضور لافت من الفنانين والمسرحيين والنقاد ومحبي المسرح، الذين تفاعلوا مع أحداثه، في تأكيد جديد على النجاح الذي حققه العمل منذ انطلاقه، والإقبال المتزايد على مشاهدته. ويُعد «فتاة المترو» ثمرة مشروع دعم النصوص الفائزة بمسابقة التأليف المسرحي، وتحويلها إلى عروض مسرحية كاملة بمشاركة خريجي ومتدربي ورش المهرجان في مختلف عناصر العمل المسرحي. ويتناول العرض قضية إنسانية عميقة، من خلال قصة تستكشف ذاكرة الإنسان، والنسيان، والعلاقات الإنسانية، والتعلق بالآخرين، في معالجة درامية تركز على المشاعر الإنسانية باعتبارها القاسم المشترك بين الجميع، وهو ما منح العمل بعدًا وجدانيًا لامس الجمهور. العرض من تأليف هاني قدري، الفائز بجائزة التأليف المسرحي بالمهرجان، وأشعار عبدالله حسن، وألحان وموسيقى شريف حمدان، وبطولة الفنان القدير عزت زين، بينما يقدم التمثيل والسينوغرافيا والإخراج خريجو ومتدربو ورش المهرجان، تحت الإشراف العام للمخرج محسن رزق. وأكد الفنان محمد رياض، رئيس المهرجان القومي للمسرح المصري، أن النجاح الجماهيري الذي يحققه العرض يعكس أهمية المشروع الذي تبناه المهرجان منذ سنوات، والقائم على اكتشاف النصوص الجديدة، وتأهيل شباب المسرحيين، وصولًا إلى إنتاج عرض مسرحي متكامل يجمع بين النص الفائز وخريجي الورش الفنية، مشيرًا إلى أن «فتاة المترو» يمثل نموذجًا عمليًا لما يمكن أن يحققه الاستثمار في المواهب الشابة ودعم الإبداع المسرحي المصري. إقبال جماهيري كبير في أول ليالي فتاة المترو بمسرح نهاد صليحة إقبال جماهيري كبير في أول ليالي فتاة المترو بمسرح نهاد صليحة إقبال جماهيري كبير في أول ليالي فتاة المترو بمسرح نهاد صليحة,2026-07-07T09:51:08.360712+00:00,
alahram,tier1,https://gate.ahram.org.eg/News/5745988.aspx,المصرية للاتصالات WE ترفع العلم المصري على مقراتها دعمًا للمنتخب الوطني - بوابة الأهرام,,2026-07-06 14:04:00+00:00,احتفلت الشركة المصرية للاتصالات WE بفوز المنتخب المصرى على نظيره الأسترالى وتأهله إلى دور ال16 ببطولة كأس العالم 2026، لأول مرة في تاريخه، من خلال تزيين مقراتها ومبانيها الرئيسية بعلم مصر، في مشهد يعكس حالة الفخر الوطني والاعتزاز بهذا الإنجاز التاريخي الذي أدخل الب,بوابة الأهرام,ar,163,احتفلت الشركة المصرية للاتصالات WE بفوز المنتخب المصرى على نظيره الأسترالى وتأهله إلى دور ال16 ببطولة كأس العالم 2026، لأول مرة في تاريخه، من خلال تزيين مقراتها ومبانيها الرئيسية بعلم مصر، في مشهد يعكس حالة الفخر الوطني والاعتزاز بهذا الإنجاز التاريخي الذي أدخل البهجة إلى قلوب كل المصريين. موضوعات مقترحة ويأتي هذا الاحتفاء في إطار حرص المصرية للاتصالات WEعلى مشاركة الشعب المصري فرحته بهذا الإنجاز غير المسبوق الذي حققه المنتخب الوطني، وتأكيدًا على دور الشركة الوطني وارتباطها الدائم بالأحداث التي تمثل مصدر فخر وإلهام للمجتمع المصري. كما يجسد هذا الإنجاز التاريخي قيمة الإصرار والعمل الجماعي والقدرة على تحقيق الإنجازات الكبرى، وهي القيم التي تؤمن بها الشركة وتحرص على ترسيخها في مختلف مجالات عملها، معربةً عن تمنياتها بمواصلة المشوار بنجاح في البطولة، وتحقيق المزيد من النتائج المشرفة التي تليق باسم مصر ومكانتها. وكان المنتخب المصرى قد تأهل إلى دور ال16 ببطولة كأس العالم لأول مرة فى تاريخه، بعد تغلبه على المنتخب الأسترالي بنتيجة 4-2 بركلات الترجيح فى المباراة التى أقيمت باستاد دالاس بولاية تكساس.,2026-07-07T09:51:08.167772+00:00,
alahram,tier1,https://gate.ahram.org.eg/News/5745986.aspx,دار الكتب والوثائق القومية تطلق برنامجاً ثقافياً مشتركاً مع مجلة &quot;علاء الدين&quot; لتمكين النشء - بوابة الأهرام,,2026-07-06 13:46:00+00:00,أطلقت الهيئة العامة لدار الكتب والوثائق القومية صباح اليوم فعاليات البرنامج الثقافي والإبداعي المشترك مع مجلة علاء الدين ، وذلك في حفل افتتاح شهدته قاعة الموسيقى بالإدارة المركزية بدار الكتب,بوابة الأهرام,ar,342,"أطلقت الهيئة العامة لدار الكتب والوثائق القومية صباح اليوم فعاليات البرنامج الثقافي والإبداعي المشترك مع مجلة ""علاء الدين""، وذلك في حفل افتتاح شهدته قاعة الموسيقى بالإدارة المركزية بدار الكتب. موضوعات مقترحة استُهلت الفعاليات بكلمة افتتاحية ألقاها الأستاذ الدكتور أسامة طلعت، رئيس مجلس إدارة الهيئة العامة لدار الكتب والوثائق القومية، رحب فيها بالحضور من الأطفال وأولياء الأمور وفريق عمل المجلة. وقد أكد رئيس دار الكتب والوثائق القومية في كلمته أن الدار تعد صرحاً ثقافياً عريقاً يمثل ذاكرة الأمة المصرية، حيث تضم كافة الإنتاج الفكري والمطبوعات الوطنية، مشيراً إلى أن المعرفة هي السبيل الأساسي لبناء وعي الأجيال الجديدة والتمييز بين الحق والباطل، وهي الأداة الحقيقية لصناعة المستقبل، كما وجه سيادته رسالة للنشء بضرورة الاجتهاد الدراسي، والحرص على طاعة الوالدين باعتبارهما السند الحقيقي والداعم الأول لمسيرة نجاحهم، وأشاد بمجلة ""علاء الدين"" كونها مجلة مصرية صميمة نجحت عبر سنوات في مخاطبة الطفل المصري بلغة تحترم عاداته وتقاليده وتنمي لديه روح الإبداع. من جانبه، ألقى الأستاذ حسين الزناتي، رئيس تحرير مجلة ""علاء الدين""، كلمة أكد فيها أن التعاون مع دار الكتب يمثل خطوة نوعية نظراً للمكانة التاريخية للدار في وجدان المصريين التي تربى عليها أجيال متعاقبة، وأوضح أن المجلة تعمل وفق ""منطق المؤسسة"" التي تعنى بكافة جوانب الطفل المصري من خلال التواصل المباشر والميداني مع الأطفال، مؤكداً أن المجلة تتبنى كافة مواهب الأطفال في مجالات الكتابة، والرسم، وصناعة المحتوى الرقمي عبر المنصات الاجتماعية، وتوفر الرعاية الكاملة للمبدعين الصغار، كما أشار إلى أن البرنامج الثقافي الجديد يعد بداية لسلسلة من الأنشطة المستمرة التي تهدف إلى صقل مهارات الأطفال وتعميق ارتباطهم بتاريخ وطنهم العظيم. وقد اختُتم الحفل ببدء أولى ورش العمل التفاعلية ضمن البرنامج، وقدمتها الفنانة نيرفانا حسيب زكى محمد، مصممة عرائس قفازية لتوثيق التاريخ المصري، من خلال عرض بالعرائس وشخصية عروسة لعلاء الدين وحكت عن أهميه القراءة والكتابة والموسيقى عند المصرى القديم، حيث أبدى الأطفال تفاعلاً كبيراً مع الأنشطة المعرفية والفنية المقدمة، مؤكدين على الدور الحيوي الذي تلعبه هذه المبادرات في اكتشاف وتنمية قدراتهم الإبداعية تحت إشراف متخصصين من دار الكتب ومجلة ""علاء الدين"". دار الكتب والوثائق القومية تطلق برنامجاً ثقافياً مشتركاً مع مجلة علاء الدين دار الكتب والوثائق القومية تطلق برنامجاً ثقافياً مشتركاً مع مجلة علاء الدين",2026-07-07T09:51:08.727950+00:00,
alahram,tier1,https://gate.ahram.org.eg/News/5745897.aspx,توتنهام يحسم صفقة تونالي مقابل 100 مليون إسترليني - بوابة الأهرام,,2026-07-06 12:11:00+00:00,أعلن نادي توتنهام الإنجليزي ضم الإيطالي ساندرو تونالي، قادما من نيوكاسل في صفقة قد تصل قيمتها إلى 100 مليون جنيه إسترليني (1334 مليون دولار )، لتصبح بذلك الأعلى في تاريخ النادي اللندني,بوابة الأهرام,ar,154,"أعلن نادي توتنهام الإنجليزي ضم الإيطالي ساندرو تونالي، قادما من نيوكاسل في صفقة قد تصل قيمتها إلى 100 مليون جنيه إسترليني (133.4 مليون دولار )، لتصبح بذلك الأعلى في تاريخ النادي اللندني. موضوعات مقترحة وذكرت تقارير إعلامية أن اللاعب البالغ من العمر 26 عاما وقع عقدا لمدة ثلاث سنوات، مقابل رسوم انتقال أولية تبلغ 92.5 مليون جنيه إسترليني (123 مليون دولار)، إضافة إلى 7.5 ملايين جنيه (10 مليون دولار) كحوافز ومكافآت. وقال تونالي في بيان نشره النادي: ""أنا سعيد جدا بوجودي هنا""، مضيفا أنه تحدث مع المدرب روبيرتو دي زيربي لمدة تقارب ساعتين حول النادي وجماهيره وملعبه وكرة القدم التي يقدمها الفريق، مشيرا إلى أن التجربة كانت ""كالسحر""، وأنه أدرك فورا ضرورة التوقيع لتوتنهام. من جانبه، وصف دي زيربي اللاعب الإيطالي بأنه ""لاعب مميز وصفقة كبيرة للنادي"". ويأتي انتقال تونالي إلى توتنهام بعد ثلاثة مواسم قضاها مع نيوكاسل يونايتد، منذ انضمامه من ميلان في يوليو 2023 مقابل 55 مليون جنيه إسترليني (73.3 مليون دولار).",2026-07-07T09:51:10.522319+00:00,
alahram,tier1,https://gate.ahram.org.eg/News/5745966.aspx,عرض مباريات المنتخب المصرى بكأس العالم للجماهير بالمجان بمراكز الشباب فى سوهاج | صور - بوابة الأهرام,,2026-07-06 13:12:00+00:00,تابع طارق راشد محافظ سوهاج، جاهزية مديرية الشباب والرياضة بالمحافظة، لعرض مباريات منتخب مصر فى كأس العالم بالمجان بمراكز الشباب والأندية الرياضية، خاصة المباراة القادمة التي يخوضها المنتخب غدا ضد نظيره الأرجنتيني في دور ال 16، وذلك من خلال وضع شاشات عرض وتوجيه دعوة,بوابة الأهرام,ar,266,تابع طارق راشد محافظ سوهاج، جاهزية مديرية الشباب والرياضة بالمحافظة، لعرض مباريات منتخب مصر فى كأس العالم بالمجان بمراكز الشباب والأندية الرياضية، خاصة المباراة القادمة التي يخوضها المنتخب غدا ضد نظيره الأرجنتيني في دور ال 16، وذلك من خلال وضع شاشات عرض وتوجيه دعوة عامة للمواطنين، لمشاهدة المباريات، وتوفير عدد من الشاشات العملاقة. موضوعات مقترحة عرض مباريات المنتخب المصرى بكأس العالم للجماهير بالمجان بمراكز الشباب تعزيز قيم الانتماء وأعرب المحافظ، عن خالص تمنياته للمنتخب بالفوز، ورفع اسم مصر عاليا في هذا المحفل العالمي، والوصول إلى المباراة النهائية، في إنجاز تاريخي يضاف إلى الكرة المصرية، مثمنا دور وزارة الشباب والرياضة في تقديم مختلف الخدمات والفعاليات التي تعزز المشاركة المجتمعية، وترسخ مكانة مراكز الشباب والأندية كمنارات للتنمية، وحاضنة للمواهب، بالتوازي مع خطة الدولة لبناء الإنسان، وتعزيز قيم الانتماء والمواطنة. عرض مباريات المنتخب المصرى بكأس العالم للجماهير بالمجان بمراكز الشباب إتاحة المشاهدة المجانية ومن جانبه أكد الدكتور محمد زكريا وكيل وزارة الشباب والرياضة بسوهاج، أنه تنفيذا لتوجيهات المحافظ، تم التنبيه على جميع مراكز الشباب والأندية بتوفير الأجواء المناسبة واختيار الأماكن اللائقة لراحة المواطنين، مؤكدا حرص المديرية بالتعاون مع المحافظة على إتاحة المشاهدة المجانية، لفعاليات كأس العالم للجماهير بمختلف مراكز وقرى المحافظة، واستقبال المواطنين مجانا لمشاهدة مباريات المنتخب المصري أمام منتخب الأرجنتين، وتشجيع المنتخب الوطني في كأس العالم. عرض مباريات المنتخب المصرى بكأس العالم للجماهير بالمجان بمراكز الشباب أجواء تنظيمية متميزة الجدير بالذكر، أن مراكز الشباب والأندية بسوهاج، قد شهدت إقبالاً كبيراً من المواطنين والأسر لمشاهدة مباريات المنتخب، منذ بداية البطولة في أجواء تنظيمية متميزة، تؤكد دور مراكز الشباب كمراكز مجتمعية، تجمع أبناء الوطن حول المناسبات والأحداث الوطنية والرياضية الكبرى. عرض مباريات المنتخب المصرى بكأس العالم للجماهير بالمجان بمراكز الشباب,2026-07-07T09:51:11.073885+00:00,
alahram,tier1,https://gate.ahram.org.eg/daily/News/205641/38/1022493/%D8%AD%D9%88%D8%A7%D8%AF%D8%AB/%D8%B6%D8%A8%D8%B7-%D8%B9%D9%86%D8%B5%D8%B1-%D8%AC%D9%86%D8%A7%D8%A6%D9%89-%D8%BA%D8%B3%D9%84--%D9%85%D9%84%D9%8A%D9%88%D9%86-%D8%AC%D9%86%D9%8A%D9%87-%D9%85%D9%86-%D8%A7%D9%84%D8%A7%D8%AA%D8%AC%D8%A7%D8%B1-%D8%A8%D8%A7%D9%84%D8%A3%D8%B3%D9%84%D8%AD%D8%A9.aspx,ضبط عنصر جنائى غسل 130 مليون جنيه من الاتجار بالأسلحة غير المرخصة - بوابة الأهرام,,2026-07-06 22:30:07+00:00,ضبط عنصر جنائى غسل 130 مليون جنيه من الاتجار بالأسلحة غير المرخصة&nbsp;&nbsp;بوابة الأهرام,بوابة الأهرام,ar,,,2026-07-07T09:51:09.790906+00:00,Extraction failed: Failed to fetch: 403 Client Error: Forbidden for url: https://gate.ahram.org.eg/daily/News/205641/38/1022493/%D8%AD%D9%88%D8%A7%D8%AF%D8%AB/%D8%B6%D8%A8%D8%B7-%D8%B9%D9%86%D8%B5%D8%B1-%D8%AC%D9%86%D8%A7%D8%A6%D9%89-%D8%BA%D8%B3%D9%84--%D9%85%D9%84%D9%8A%D9%88%D9%86-%D8%AC%D9%86%D9%8A%D9%87-%D9%85%D9%86-%D8%A7%D9%84%D8%A7%D8%AA%D8%AC%D8%A7%D8%B1-%D8%A8%D8%A7%D9%84%D8%A3%D8%B3%D9%84%D8%AD%D8%A9.aspx
alahram,tier1,https://gate.ahram.org.eg/News/5745892.aspx,زوزو نبيل في ذكرى ميلادها.. أسرار صادمة من حياتها وحوار قديم يكشف مسيرة امتدت من السجن إلى قمة المجد الفني - بوابة الأهرام,,2026-07-06 12:23:00+00:00,تحل ذكرى ميلاد الفنانة الراحلة زوزو نبيل، إحدى أبرز نجمات الفن المصري في القرن العشرين، التي تركت بصمة استثنائية في السينما والإذاعة والتليفزيون، ليس فقط بأدوارها التمثيلية، ولكن أيضًا بصوتها الذي ارتبط في أذهان الملايين بمسلسل ألف ليلة وليلة ، حيث قدمت صوت شهرزاد،,بوابة الأهرام,ar,481,"تحل ذكرى ميلاد الفنانة الراحلة زوزو نبيل، إحدى أبرز نجمات الفن المصري في القرن العشرين، التي تركت بصمة استثنائية في السينما والإذاعة والتليفزيون، ليس فقط بأدوارها التمثيلية، ولكن أيضًا بصوتها الذي ارتبط في أذهان الملايين بمسلسل ""ألف ليلة وليلة""، حيث قدمت صوت شهرزاد، ليصبح من أكثر الأصوات تميزًا في تاريخ الدراما الإذاعية العربية. موضوعات مقترحة في حوار قديم مع الإعلامي مفيد فوزي، كشفت زوزو نبيل عن محطات مؤلمة ومثيرة من حياتها، مؤكدة أن سيرتها الذاتية تصلح لأن تتحول إلى مسلسل من 60 حلقة، لما تحمله من أسرار وتقلبات إنسانية حادة. زوزو نبيل # بدايتها واسمها الحقيقي ولدت زوزو نبيل باسم عزيزة إمام حسين، بينما جاء لقب ""نبيل"" من اسم ابنها. وروت أن والدها كان يتمنى إنجاب ولد، وعندما علم أنها أنثى رفض تسميتها، لتختار والدتها اسم ""عزيزة"" نكاية فيه. وأشارت إلى أنها عاشت طفولة صعبة، وتم عزلها عن الحياة مبكرًا، ثم تزوجت في سن 13 عامًا من مأمور سجن، حيث عاشت داخل سجن بحكم عمل زوجها، ومنعت من مغادرة المكان أو حتى النظر من النافذة، قبل أن يعيدها والد زوجها إلى أسرتها بعد معاناة شديدة خلال فترة حملها. زوزو نبيل # بداياتها الفنية تقول زوزو نبيل إنها دخلت عالم التمثيل بالصدفة، حين كانت تسير في شارع عماد الدين وهي لم تتجاوز 16 عامًا، فلاحظها الفنان مختار عثمان وسألها إن كانت تجيد القراءة، وبعد تأكدهم من تفوقها الدراسي، عرض عليها العمل في فرقته التي كانت تضم الفنانة زينات صدقي. وافقت بشرط ألا ترقص، وخلال عرض مسرحية ""المرحوم"" شاهدها يوسف وهبي عام 1936، فأُعجب بها، وطلب ضمها لفرقته عبر الفنان حسن البارودي، لكنها تمسكت بالبقاء مع مختار عثمان في البداية. لاحقًا، وبعد حل الفرقة، انضمت إلى فرقة يوسف وهبي، حيث حصلت على أجر 8 جنيهات بدلًا من 6، ما أثار غيرة بعض الممثلات، لكنها أثبتت حضورها الفني سريعًا، حتى أصبحت من العناصر الأساسية في الفرقة. زوزو نبيل # زوزو نبيل والسينما سرعان ما انتقلت زوزو نبيل إلى السينما في أربعينيات القرن الماضي، وشاركت في عشرات الأفلام التي تنوعت بين الدراما والرومانسية والكوميديا، وقدمت أدوار الأم والسيدة الأرستقراطية والحماة والمرأة الصارمة، بملامح قوية وأداء هادئ جعلها من أبرز نجمات الشاشة. زوزو نبيل # مسيرة حافلة في السينما والتليفزيون قدمت زوزو نبيل أكثر من 150 عملًا فنيًا، من أبرز أفلامها: ""مصنع الزوجات""، ""حكم القوي""، ""في شرع مين""، ""كدبة إبريل""، ""على بابا والأربعين حرامي""، ""لحن الوفاء""، ""أنا حرة""، و""بين القصرين"". كما تألقت في الدراما التليفزيونية خلال الثمانينيات والتسعينيات، وشاركت في أعمال ناجحة مثل: ""زينب والعرش""، ""الحرملك""، ""هند والدكتور نعمان""، ""رحلة المليون""، ""غوايش""، ""السبنسة""، ""ذئاب الجبل""، و""ونيس"". زوزو نبيل # سر شهرتها في ""ألف ليلة وليلة"" رغم نجاحها السينمائي والتلفزيوني، فإن شهرتها الأوسع جاءت من الإذاعة، حيث ارتبط صوتها بمقدمة برنامج ""ألف ليلة وليلة""، التي كانت تبدأ بعبارتها الشهيرة: ""بلغني أيها الملك السعيد، ذو الرأي الرشيد..."" وأصبح صوتها علامة فارقة في ذاكرة أجيال كاملة، خاصة خلال شهر رمضان، حتى بات كثيرون يتعرفون عليها من صوتها قبل ملامحها. وأكدت في أكثر من لقاء أن هذا العمل كان مفاجأة في مسيرتها، لكنه منحها مكانة استثنائية في وجدان الجمهور العربي.",2026-07-07T09:51:10.888505+00:00,
alahram,tier1,https://gate.ahram.org.eg/News/5746290.aspx,نظر دعوى حبس الفنان أحمد عز لعدم سداد 570 ألف جنيه.. اليوم - بوابة الأهرام,,2026-07-07 06:35:00+00:00,تنظر الدائرة الخامسة بمحكمة الأسرة بمدينة نصر، اليوم الثلاثاء، دعوى حبس الفنان أحمد عز، المقامة ضده لعدم سداده مبلغ 570 ألف جنيه، قيمة متجمد أجر خادم أطفاله التوأم من الفنانة زينة، وذلك في إطار النزاع القضائي القائم,بوابة الأهرام,ar,64,تنظر الدائرة الخامسة بمحكمة الأسرة بمدينة نصر، اليوم الثلاثاء، دعوى حبس الفنان أحمد عز، المقامة ضده لعدم سداده مبلغ 570 ألف جنيه، قيمة متجمد أجر خادم أطفاله التوأم من الفنانة زينة، وذلك في إطار النزاع القضائي القائم. موضوعات مقترحة ومن المقرر أن تنظر المحكمة الدعوى خلال جلسة اليوم، للفصل في الطلبات المقدمة وفقًا للإجراءات القانونية، بينما تستكمل المحكمة نظر القضية واتخاذ ما تراه بشأنها.,2026-07-07T09:51:11.140923+00:00,
alahram,tier1,https://gate.ahram.org.eg/News/5745928.aspx,&#171;يوم مصر&#187; في طوكيو... منصة لتعزيز الحضور المصري في اليابان |صور - بوابة الأهرام,,2026-07-06 13:07:00+00:00,في إطار جهود سفارة جمهورية مصر العربية في طوكيو لتعزيز الحضور المصري في اليابان والترويج للمقصد السياحي والثقافي، نظمت السفارة، بالتعاون مع مكتب مصر للطيران، فعالية يوم مصر ، بمشاركة السفيرة يوكيكو أوكانو، مساعد وزير الخارجية الياباني للشؤون الثقافية، وعدد من كبار,بوابة الأهرام,ar,147,"في إطار جهود سفارة جمهورية مصر العربية في طوكيو لتعزيز الحضور المصري في اليابان والترويج للمقصد السياحي والثقافي، نظمت السفارة، بالتعاون مع مكتب مصر للطيران، فعالية ""يوم مصر""، بمشاركة السفيرة يوكيكو أوكانو، مساعد وزير الخارجية الياباني للشؤون الثقافية، وعدد من كبار مسؤولي الحكومة اليابانية، ورابطة وكلاء السفر اليابانية (JATA)، وممثلي القطاعين العام والخاص، والأوساط الأكاديمية والثقافية والإعلامية. موضوعات مقترحة وأكد السفير راجي الإتربي أن الشراكة المصرية–اليابانية تشهد زخماً متزايداً، وأن الثقافة والسياحة تمثلان أحد أهم روافد هذه الشراكة، مشيراً إلى ما تتمتع به مصر من مقومات حضارية وسياحية تجعلها وجهة فريدة للشعب الياباني، فضلاً عن التطور الذي تشهده العلاقات الثنائية في مجالات التعليم والابتكار والتنمية. فعالية يوم مصر ، بمشاركة السفيرة يوكيكو أوكانو، مساعد وزير الخارجية الياباني للشؤون الثقافية فعالية يوم مصر ، بمشاركة السفيرة يوكيكو أوكانو، مساعد وزير الخارجية الياباني للشؤون الثقافية فعالية يوم مصر ، بمشاركة السفيرة يوكيكو أوكانو، مساعد وزير الخارجية الياباني للشؤون الثقافية",2026-07-07T09:51:11.405389+00:00,
alahram,tier1,https://gate.ahram.org.eg/News/5745941.aspx,البابا تواضروس خلال استقباله سفيرة فرنسا لحقوق الإنسان: التعايش بين المصريين سمة أصيلة للمجتمع المصري - بوابة الأهرام,,2026-07-06 13:03:00+00:00,استقبل البابا تواضروس الثاني، بابا الإسكندرية بطريرك الكرازة المرقسية اليوم الاثنين السيدة إيزابيل روم، السفيرة الفرنسية المعنية بملفات حقوق الإنسان وذلك بالمقر البابوي بالكاتدرائية المرقسية بالعباسية,بوابة الأهرام,ar,275,"استقبل البابا تواضروس الثاني، بابا الإسكندرية بطريرك الكرازة المرقسية اليوم الاثنين السيدة إيزابيل روم، السفيرة الفرنسية المعنية بملفات حقوق الإنسان وذلك بالمقر البابوي بالكاتدرائية المرقسية بالعباسية. موضوعات مقترحة استعرض البابا تواضروس خلال اللقاء نبذة عن تاريخ مصر، مؤكدًا أن التعايش بين المصريين يمثل سمة أصيلة للمجتمع المصري، حيث تجمعهم وحدة وطنية راسخة نشأت عبر التاريخ حول نهر النيل، وتقوم العلاقات بين أبناء الوطن على المحبة التي تُترجم إلى أفعال وممارسات عملية. كما أشار البابا تواضروس إلى ما شهدته مصر من تطور ملحوظ في ترسيخ قيم المواطنة والمساواة خلال السنوات الأخيرة، مستشهدًا بعدد من النماذج الدالة على ذلك، وفي مقدمتها حرص السيد الرئيس عبد الفتاح السيسي على زيارة الكاتدرائية المرقسية ليلة عيد الميلاد المجيد سنويًا لتقديم التهنئة، في تأكيد واضح على روح المحبة والوحدة الوطنية. وتناول اللقاء دور ""بيت العائلة المصرية""، حيث أكد البابا تواضروس أنه يمثل نموذجًا فريدًا وناجحًا في تعزيز ثقافة الحوار والتفاهم وترسيخ قيم المواطنة والتعايش المشترك بين جميع المصريين. وأكد قداسة البابا أن مصر تتميز بتاريخها العريق وحضارتها الممتدة وموقعها الجغرافي الفريد، إلى جانب ما تتمتع به من روح تدين أصيلة تمنح المجتمع المصري خصوصية تميزه عن كثير من دول العالم. كما أشار إلى أن من أبرز مظاهر تميز مصر أنها استضافت العائلة المقدسة خلال رحلتها، حيث عاشت على أرضها وباركتها، وهو ما ترك أثرًا عميقًا في وجدان الشعب المصري، ورسّخ عبر الأجيال قيم السلام والمحبة والتعايش السلمي بين جميع أبناء الوطن. كما استعرض قداسة البابا الدور المجتمعي الذي تضطلع به الكنيسة القبطية الأرثوذكسية في خدمة المجتمع المصري، من خلال إنشاء المدارس والمستشفيات، وتقديم الخدمات الطبية، ودعم المشروعات الصغيرة، وخدمة القرى الأكثر احتياجًا، مؤكدًا أن هذه الخدمات تُقدم لجميع أبناء المجتمع دون تمييز، وتسهم في ترسيخ قيم المحبة والتآخي والتكاتف بين المصريين.",2026-07-07T09:51:12.508899+00:00,
alahram,tier1,https://gate.ahram.org.eg/News/5746336.aspx,الهلال الأحمر المصري يطلق قافلة &#171;زاد العزة&#187; ال229 إلى غزة | صور - بوابة الأهرام,,2026-07-07 07:50:00+00:00,أطلق الهلال الأحمر المصري، اليوم الثلاثاء، قافلة زاد العزة من مصر إلى غزة ال229، متضمنة عددا من الشاحنات في اتجاه قطاع غزة، وذلك في إطار دوره كآلية وطنية لتنسيق دخول المساعدات إلى قطاع غزة,بوابة الأهرام,ar,172,"أطلق الهلال الأحمر المصري، اليوم الثلاثاء، قافلة «زاد العزة .. من مصر إلى غزة» ال229، متضمنة عددا من الشاحنات في اتجاه قطاع غزة، وذلك في إطار دوره كآلية وطنية لتنسيق دخول المساعدات إلى قطاع غزة. موضوعات مقترحة شملت القافلة أكثر من 3,500 طن من المساعدات الإنسانية الشاملة، التي تضمنت: أكثر من 1,900 طن سلال غذائية ودقيق، وأكثر من 350 طنًا ومواد طبية وإغاثية وأدوية علاجية، وأكثر من 1,250 طنًا مواد بترولية لتشغيل المستشفيات والأماكن الحيوية بالقطاع. ويوجد الهلال الأحمر المصري على الحدود منذ بدء الأزمة، حيث لم يتم غلق معبر رفح من الجانب المصري نهائيًا، وواصل تأهبه في جميع المراكز اللوجستية، وجهوده المتواصلة لإدخال المساعدات الإنسانية والإغاثية التي تجاوزت المليون طن، بجهود أكثر من 65 ألف متطوع. قافلة زاد العزة ال 229 لإيصال المساعدات الغذائية والإغاثية إلى غزة قافلة زاد العزة ال 229 لإيصال المساعدات الغذائية والإغاثية إلى غزة قافلة زاد العزة ال 229 لإيصال المساعدات الغذائية والإغاثية إلى غزة قافلة زاد العزة ال 229 لإيصال المساعدات الغذائية والإغاثية إلى غزة قافلة زاد العزة ال 229 لإيصال المساعدات الغذائية والإغاثية إلى غزة",2026-07-07T09:51:12.775035+00:00,
alahram,tier1,https://gate.ahram.org.eg/News/5745981.aspx,فرحة غزة والأشقاء بفوز مصر - بوابة الأهرام,,2026-07-06 13:27:00+00:00,"فرحة,غزة,والأشقاء,بفوز,مصر",بوابة الأهرام,ar,299,"لا شك أن فوز مصر وصعود منتخبنا الوطني للدور ال 16 أدخل الفرحة والبهجة على قلوب أشقائنا في غزة والعرب من المحيط إلى الخليج حرفيًّا، وهو ما شاهدناه على وسائل التواصل الاجتماعي، وفعلًا فرحة هزت قلوب العرب جميعًا بفوز منتخبنا الوطني على نظيره الأسترالي بركلات الترجيح 4-2 في المباراة التي أقيمت باستاد دالاس بولاية تكساس؛ والصعود إلى دور ال 16 ببطولة كأس العالم لأول مرة في تاريخه. ومع إطلاق حكم المباراة صافرة النهاية، تحولت شوارع العواصم العربية إلى كرنفالات احتفالية كبيرة، تعالت خلالها هتافات الفرح؛ في مشهد يعكس التضامن العربي وعمق الروابط التاريخية والأخوية التي تجمع مصر والشعوب العربية، وكذلك شارك أشقاؤنا في دول الخليج أبناء الجالية المصرية فرحة الفوز عقب مشاهدة ممتعة للمباراة التاريخية للمنتخب المصري وسط تفاعل كبير لم يفرق بين المصري وشقيقه الخليجي، وكذلك سارع عدد من القادة العرب والمسئولين والشخصيات العامة والكتاب والمفكرين البارزين للتعبير عن فرحتهم بفوز المنتخب المصري مؤكدين فخرهم بهذا الإنجاز، مؤكدين أنه ليس إنجازًا مصريًّا فقط بل يعد إنجازًا لكل العرب. كما تزين برج خليفة في دبي بعلم مصر احتفالًا بفوز المنتخب المصري على نظيره الأسترالي وتأهله للدور ال 16.‏ وشاهدنا فرحة الفوز تعم شوارع الكويت وعمان والرياض، ومما لا شك فيه أن فوز مصر مكسب للعرب جميعًا، وكانت فرحة الأشقاء كبيرة جدًّا، وشاهدنا مشجعي دولنا العربية ومنها الخليجية يبتهلون فرحًا؛ لأن الفوز كان عربيًّا، ومن أجمل التصريحات التي ترددت على لسان الأشقاء هي: ""مصر رفعت رأسنا، لأنها تمثل كل العرب"". لقد جاء نصر مصر رياضيًّا ليؤكد ريادتها في جميع المجالات. حفظ الله مصر قيادة وأرضًا وشعبًا برفعة ونجاح وأمن وأمان، شعب طيب يستحق الخير كله.. هذا وجاءت هذه الفرحة من أهل غزة الأبية لتكذب ادعاءات كتائب الإخوان الذين تبهتهم وتحزنهم فرحة المصريين وفرحة أهل غزة وأشقائنا العرب بنصرة منتخبنا وصعوده لأول مرة في كأس العالم للمرة الأولى، ربنا ينصر منتخبنا ويديم فرحتنا وفرحة أهل غزة وأشقائنا، اللهم آمين.. وللحديث بقية.",2026-07-07T09:51:12.936779+00:00,
alahram,tier1,https://gate.ahram.org.eg/News/5746320.aspx,أسعار الخضراوات والفاكهة اليوم الثلاثاء 7 يوليو في أسواق الإسكندرية - بوابة الأهرام,,2026-07-07 07:38:00+00:00,شهدت أسواق التجزئة بمحافظة الإسكندرية، اليوم الثلاثاء 7 يوليو 2026، استقرارًا نسبيًا في أسعار الخضراوات والفاكهة، مع استمرار توافر كميات كبيرة من المحاصيل الصيفية، وسط حركة بيع وشراء طبيعية وإقبال متوازن من المواطنين على الأسواق,بوابة الأهرام,ar,308,"شهدت أسواق التجزئة بمحافظة الإسكندرية، اليوم الثلاثاء 7 يوليو 2026، استقرارًا نسبيًا في أسعار الخضراوات والفاكهة، مع استمرار توافر كميات كبيرة من المحاصيل الصيفية، وسط حركة بيع وشراء طبيعية وإقبال متوازن من المواطنين على الأسواق. موضوعات مقترحة ورصدت جولة ميدانية ل""بوابة الأهرام"" بعدد من أسواق الإسكندرية، بينها العطارين والمنشية وبحري وسيدي بشر والعصافرة، تباينًا طفيفًا في أسعار بعض الأصناف بين سوق وآخر، وفقًا لجودة المنتج ومصدره، بينما حافظت غالبية السلع على مستوياتها السعرية. أسعار الخضراوات اليوم في أسواق الإسكندرية الطماطم: 8 إلى 15 جنيهًا للكيلو. البطاطس: 15 إلى 20 جنيهًا للكيلو. البصل الأبيض: 10 إلى 15 جنيهًا للكيلو. البصل الأحمر: 11 إلى 15 جنيهًا للكيلو. الخيار البلدي: 15 إلى 20 جنيهًا للكيلو. الكوسة: 15 إلى 20 جنيهًا للكيلو. الجزر: 10 إلى 15 جنيهًا للكيلو. الباذنجان البلدي: 9 إلى 13 جنيهًا للكيلو. الباذنجان الرومي: 10 إلى 15 جنيهًا للكيلو. الباذنجان الأبيض: 12 إلى 17 جنيهًا للكيلو. الفلفل الرومي: 20 إلى 27 جنيهًا للكيلو. الفلفل الحامي: 22 إلى 30 جنيهًا للكيلو. الفلفل الألوان: 45 إلى 58 جنيهًا للكيلو. الفاصوليا: 25 إلى 35 جنيهًا للكيلو. البامية: 40 إلى 60 جنيهًا للكيلو. ورق العنب: 40 إلى 50 جنيهًا للكيلو. القلقاس: 18 إلى 24 جنيهًا للكيلو. الثوم البلدي: 48 إلى 55 جنيهًا للكيلو. الليمون البلدي: 35 إلى 48 جنيهًا للكيلو. الملوخية: 5 إلى 10 جنيهات للكيلو. الشبت: من جنيه إلى جنيهين للرابطة. البقدونس: من جنيه إلى جنيهين للرابطة. الكسبرة: من جنيه إلى جنيهين للرابطة. أسعار الفاكهة اليوم في أسواق الإسكندرية البطيخ: 12 إلى 15 جنيهًا للكيلو. الكانتلوب: 15 إلى 20 جنيهًا للكيلو. الخوخ البلدي: 25 إلى 35 جنيهًا للكيلو. المانجو الزبدية: 35 إلى 50 جنيهًا للكيلو. المانجو السكري: 40 إلى 55 جنيهًا للكيلو. المشمش: 35 إلى 50 جنيهًا للكيلو. البرقوق: 40 إلى 58 جنيهًا للكيلو. العنب البناتي: 35 إلى 45 جنيهًا للكيلو. العنب الأسود: 45 إلى 55 جنيهًا للكيلو. التفاح البلدي: 25 إلى 45 جنيهًا للكيلو. التفاح المستورد: 65 إلى 90 جنيهًا للكيلو.",2026-07-07T09:51:13.021251+00:00,
alahram,tier1,https://gate.ahram.org.eg/Massai/News/5746042.aspx,"""صقر وكناريا"" في أوروبا وأمريكا 9 يوليو - بوابة الأهرام",,2026-07-06 14:57:00+00:00,"""صقر وكناريا"" في أوروبا وأمريكا 9 يوليو&nbsp;&nbsp;بوابة الأهرام",بوابة الأهرام,ar,,,2026-07-07T09:51:12.834366+00:00,Extraction failed: Failed to fetch: 403 Client Error: Forbidden for url: https://gate.ahram.org.eg/Massai/News/5746042.aspx
